Diff in /Users/josecosta/dev/sourdaw/.agents/worktrees/rustci/crates/daw-core/src/tuning/scala.rs:15:
 
 impl Scale {
     pub fn from_scl(content: &str) -> Result<Self, String> {
-        let mut lines = content.lines().map(|l| l.trim()).filter(|l| !l.is_empty() && !l.starts_with('!'));
-        
+        let mut lines = content
+            .lines()
+            .map(|l| l.trim())
+            .filter(|l| !l.is_empty() && !l.starts_with('!'));
+
         let description = lines.next().ok_or("Missing description line")?.to_string();
         let count_str = lines.next().ok_or("Missing count line")?;
         let count = count_str.parse::<usize>().map_err(|_| "Invalid count")?;
Diff in /Users/josecosta/dev/sourdaw/.agents/worktrees/rustci/crates/daw-core/src/tuning/scala.rs:23:
-        
+
         let mut tones = Vec::with_capacity(count);
         for line in lines.take(count) {
             if line.contains('.') {
Diff in /Users/josecosta/dev/sourdaw/.agents/worktrees/rustci/crates/daw-core/src/tuning/scala.rs:27:
-                let cents = line.parse::<f64>().map_err(|_| format!("Invalid cents: {}", line))?;
+                let cents = line
+                    .parse::<f64>()
+                    .map_err(|_| format!("Invalid cents: {}", line))?;
                 tones.push(Tone::Cents(cents));
             } else if line.contains('/') {
                 let parts: Vec<&str> = line.split('/').collect();
Diff in /Users/josecosta/dev/sourdaw/.agents/worktrees/rustci/crates/daw-core/src/tuning/scala.rs:31:
-                if parts.len() != 2 { return Err(format!("Invalid ratio: {}", line)); }
+                if parts.len() != 2 {
+                    return Err(format!("Invalid ratio: {}", line));
+                }
                 let n = parts[0].parse::<u32>().map_err(|_| "Invalid numerator")?;
                 let d = parts[1].parse::<u32>().map_err(|_| "Invalid denominator")?;
                 tones.push(Tone::Ratio(n, d));
Diff in /Users/josecosta/dev/sourdaw/.agents/worktrees/rustci/crates/daw-core/src/tuning/scala.rs:35:
             } else {
-                let n = line.parse::<u32>().map_err(|_| format!("Invalid integer ratio: {}", line))?;
+                let n = line
+                    .parse::<u32>()
+                    .map_err(|_| format!("Invalid integer ratio: {}", line))?;
                 tones.push(Tone::Ratio(n, 1));
             }
         }
Diff in /Users/josecosta/dev/sourdaw/.agents/worktrees/rustci/crates/daw-core/src/tuning/scala.rs:40:
-        
+
         if tones.len() != count {
             return Err(format!("Expected {} tones, found {}", count, tones.len()));
         }
Diff in /Users/josecosta/dev/sourdaw/.agents/worktrees/rustci/crates/daw-core/src/tuning/scala.rs:44:
-        
+
         Ok(Self {
             name: "Unnamed".to_string(),
             description,
Diff in /Users/josecosta/dev/sourdaw/.agents/worktrees/rustci/crates/daw-core/src/tuning.rs:30:
     pub fn from_scale(scale: &scala::Scale, root_note: u8, root_freq: f64) -> Self {
         let mut frequencies = [0.0; 128];
         let mut log2_frequencies = [0.0; 128];
-        
+
         let tones = &scale.tones;
         let count = tones.len();
         if count == 0 {
Diff in /Users/josecosta/dev/sourdaw/.agents/worktrees/rustci/crates/daw-core/src/tuning.rs:37:
             return Self::default();
         }
-        
+
         // Calculate cents for each degree
         let mut degree_cents = Vec::with_capacity(count);
         for tone in tones {
Diff in /Users/josecosta/dev/sourdaw/.agents/worktrees/rustci/crates/daw-core/src/tuning.rs:48:
                 }
             }
         }
-        
+
         let period_cents = degree_cents[count - 1];
-        
+
         for i in 0..128 {
             let diff = i as i32 - root_note as i32;
             let octaves = if diff >= 0 {
Diff in /Users/josecosta/dev/sourdaw/.agents/worktrees/rustci/crates/daw-core/src/tuning.rs:58:
             } else {
                 (diff - count as i32 + 1) / count as i32
             };
-            
+
             let degree_idx = (diff - (octaves * count as i32)) as usize;
-            
+
             let cents_offset = if degree_idx == 0 {
                 octaves as f64 * period_cents
             } else {
Diff in /Users/josecosta/dev/sourdaw/.agents/worktrees/rustci/crates/daw-core/src/tuning.rs:67:
                 octaves as f64 * period_cents + degree_cents[degree_idx - 1]
             };
-            
+
             let freq = root_freq * 2.0_f64.powf(cents_offset / 1200.0);
             frequencies[i] = freq;
             log2_frequencies[i] = freq.log2();
Diff in /Users/josecosta/dev/sourdaw/.agents/worktrees/rustci/crates/daw-core/src/tuning.rs:73:
         }
-        
+
         Self {
             frequencies,
             log2_frequencies,
Diff in /Users/josecosta/dev/sourdaw/.agents/worktrees/rustci/crates/daw-core/src/tuning.rs:104:
         let note = midi_note.clamp(0.0, 127.0);
         let i = note.floor() as usize;
         let frac = note.fract();
-        
+
         if frac < 1e-9 {
             return self.current_table.frequencies[i];
         }
Diff in /Users/josecosta/dev/sourdaw/.agents/worktrees/rustci/crates/daw-core/src/tuning.rs:111:
-        
+
         if i >= 127 {
             return self.current_table.frequencies[127];
         }
Diff in /Users/josecosta/dev/sourdaw/.agents/worktrees/rustci/crates/daw-core/src/tuning.rs:115:
-        
+
         // Log-space interpolation
         let l1 = self.current_table.log2_frequencies[i];
         let l2 = self.current_table.log2_frequencies[i + 1];
Diff in /Users/josecosta/dev/sourdaw/.agents/worktrees/rustci/crates/daw-core/src/tuning.rs:119:
         let interpolated_log2 = l1 + (l2 - l1) * frac;
-        
+
         2.0_f64.powf(interpolated_log2)
     }
 }
Diff in /Users/josecosta/dev/sourdaw/.agents/worktrees/rustci/crates/daw-dsp/benches/quantum.rs:538:
 /// (oversampling, triode stages, neural capture), so the sweep is over models
 /// at the fixed operating point `engine_output_level.rs` pins: lead channel,
 /// gain 8.2, master 8.0, tone controls centred.
-const GRINDER_MODELS: [(&str, f32); 3] = [
-    ("clean_twin", 0.0),
-    ("lead_jcm", 2.0),
-    ("rectifier", 4.0),
-];
+const GRINDER_MODELS: [(&str, f32); 3] =
+    [("clean_twin", 0.0), ("lead_jcm", 2.0), ("rectifier", 4.0)];
 
 fn grinder_instance(amp_model: f32) -> GrinderInstance {
     let mut instance = GrinderInstance::new(SAMPLE_RATE);
Diff in /Users/josecosta/dev/sourdaw/.agents/worktrees/rustci/crates/daw-dsp/benches/quantum.rs:643:
 ///
 /// A parseable, dependency-free load reading is worth an `uptime` fork.
 fn load_average() -> Option<f64> {
-    let output = std::process::Command::new("/usr/bin/uptime").output().ok()?;
+    let output = std::process::Command::new("/usr/bin/uptime")
+        .output()
+        .ok()?;
     let text = String::from_utf8_lossy(&output.stdout).to_string();
-    let tail = text.rsplit_once("load averages:").or_else(|| text.rsplit_once("load average:"))?.1;
+    let tail = text
+        .rsplit_once("load averages:")
+        .or_else(|| text.rsplit_once("load average:"))?
+        .1;
     tail.split_whitespace()
         .next()?
         .trim_end_matches(',')
Diff in /Users/josecosta/dev/sourdaw/.agents/worktrees/rustci/crates/daw-dsp/benches/quantum.rs:867:
         let samples = sample_quanta(
             &mut instance,
             &mut |device, block| unsafe {
-                fill_input(device.get_input_left_ptr(), device.get_input_right_ptr(), block)
+                fill_input(
+                    device.get_input_left_ptr(),
+                    device.get_input_right_ptr(),
+                    block,
+                )
             },
             &mut |device| device.process(QUANTUM as u32),
         );
Diff in /Users/josecosta/dev/sourdaw/.agents/worktrees/rustci/crates/daw-dsp/benches/quantum.rs:1038:
     let samples = sample_quanta(
         &mut instance,
         &mut |device, block| unsafe {
-            fill_input(device.get_input_left_ptr(), device.get_input_right_ptr(), block)
+            fill_input(
+                device.get_input_left_ptr(),
+                device.get_input_right_ptr(),
+                block,
+            )
         },
         &mut |device| device.process(QUANTUM as u32),
     );
Diff in /Users/josecosta/dev/sourdaw/.agents/worktrees/rustci/crates/daw-dsp/benches/quantum.rs:1056:
 fn row_fermenter() -> Row {
     let struck = 16;
     let mut instance = fermenter_instance(struck);
-    let samples = sample_quanta(
-        &mut instance,
-        &mut |_, _| {},
-        &mut |device| device.process(QUANTUM as u32),
-    );
+    let samples = sample_quanta(&mut instance, &mut |_, _| {}, &mut |device| {
+        device.process(QUANTUM as u32)
+    });
     let active = instance.active_voices();
     Row {
         id: "fermenter",
Diff in /Users/josecosta/dev/sourdaw/.agents/worktrees/rustci/crates/daw-dsp/benches/quantum.rs:1098:
     Row {
         id: "grand_boule",
         label: "Grand Boule (64 voices, re-struck 1/s)",
-        load: "grandBouleEngineCore.ts:143 constructs 64; pedalled playing fills and holds the pool",
+        load:
+            "grandBouleEngineCore.ts:143 constructs 64; pedalled playing fills and holds the pool",
         distribution: summarise(samples),
         occupancy: format!("64 voices (no active-voice export), output RMS {level:.3e}"),
         occupancy_ok: level > 1.0e-5,
Diff in /Users/josecosta/dev/sourdaw/.agents/worktrees/rustci/crates/daw-dsp/benches/quantum.rs:1187:
         .add_sample(loop_sample(frame_count), frame_count, 1, SAMPLE_RATE)
         .expect("staged bank is uniquely owned, so add_sample cannot return None here");
     instance.add_zone(
-        0, sample_id, 0, 69, 0, 127, 0, 127, 0, 1, 0, false, 1, 0, frame_count, 0, 0.0, 0.005,
-        0.1, 1.0, 0.3,
+        0,
+        sample_id,
+        0,
+        69,
+        0,
+        127,
+        0,
+        127,
+        0,
+        1,
+        0,
+        false,
+        1,
+        0,
+        frame_count,
+        0,
+        0.0,
+        0.005,
+        0.1,
+        1.0,
+        0.3,
     );
     assert!(
         instance.build_zone_map(1, 1),
Diff in /Users/josecosta/dev/sourdaw/.agents/worktrees/rustci/crates/daw-dsp/benches/quantum.rs:1222:
     for note in spread_notes(64) {
         instance.note_on(note, 100);
     }
-    let samples = sample_quanta(
-        &mut instance,
-        &mut |_, _| {},
-        &mut |device| device.process(QUANTUM as u32),
-    );
+    let samples = sample_quanta(&mut instance, &mut |_, _| {}, &mut |device| {
+        device.process(QUANTUM as u32)
+    });
     let active = instance.active_voices();
     Row {
         id: "levain",
Diff in /Users/josecosta/dev/sourdaw/.agents/worktrees/rustci/crates/daw-dsp/benches/quantum.rs:1256:
     for note in spread_notes(32) {
         instance.note_on(note, 100);
     }
-    let samples = sample_quanta(
-        &mut instance,
-        &mut |_, _| {},
-        &mut |device| device.process(QUANTUM as u32),
-    );
+    let samples = sample_quanta(&mut instance, &mut |_, _| {}, &mut |device| {
+        device.process(QUANTUM as u32)
+    });
     let active = instance.active_voices();
     Row {
         id: "crumbs",
Diff in /Users/josecosta/dev/sourdaw/.agents/worktrees/rustci/crates/daw-dsp/benches/quantum.rs:1363:
     // compared rather than confused. Occupancy is still a hard gate — a row that
     // was not sounding measures nothing in either direction.
     let ceiling = load_ceiling();
-    let busiest = [load_before, load_after].into_iter().flatten().fold(0.0_f64, f64::max);
+    let busiest = [load_before, load_after]
+        .into_iter()
+        .flatten()
+        .fold(0.0_f64, f64::max);
     let unverified: Vec<&str> = rows
         .iter()
         .filter(|row| !row.occupancy_ok)
Diff in /Users/josecosta/dev/sourdaw/.agents/worktrees/rustci/crates/daw-dsp/benches/quantum.rs:1398:
     );
     eprintln!(
         "\n{:<46} {:>9} {:>9} {:>9} {:>9} {:>9} {:>9} {:>9} {:>9} | {:>9} {:>8}",
-        "device", "FLOOR", "min", "median", "MEAN", "p95", "p99", "p99.9", "max", "floor %", "mean %"
+        "device",
+        "FLOOR",
+        "min",
+        "median",
+        "MEAN",
+        "p95",
+        "p99",
+        "p99.9",
+        "max",
+        "floor %",
+        "mean %"
     );
     for row in &rows {
         let d = &row.distribution;
Diff in /Users/josecosta/dev/sourdaw/.agents/worktrees/rustci/crates/daw-dsp/benches/quantum.rs:1452:
          the device; read the tail as an upper bound that includes the scheduler."
     );
 
-    eprintln!("\nper row: occupancy after the timed run, stationarity, and where the load comes from");
+    eprintln!(
+        "\nper row: occupancy after the timed run, stationarity, and where the load comes from"
+    );
     for row in &rows {
         let d = &row.distribution;
         let drift = (d.last_five_hundred_mean / d.first_five_hundred_mean - 1.0) * 100.0;
Diff in /Users/josecosta/dev/sourdaw/.agents/worktrees/rustci/crates/daw-dsp/benches/quantum.rs:1500:
         worker_floor += lookup(id).floor * count as f64;
     }
 
-    eprintln!("\n=== Reference project (defined in this file — nothing in the repo defines it) ===");
+    eprintln!(
+        "\n=== Reference project (defined in this file — nothing in the repo defines it) ==="
+    );
     eprintln!("  audio thread:");
     for (id, count) in REFERENCE_PROJECT_AUDIO_THREAD {
         eprintln!("    {count} x {id}");
Diff in /Users/josecosta/dev/sourdaw/.agents/worktrees/rustci/crates/daw-dsp/benches/quantum.rs:1511:
         eprintln!("    {count} x {id}");
     }
     eprintln!("  (Scoring excluded: the tuner renders only while its surface is open.)");
-    eprintln!("  (ProofChamber and the Grand Boule ring consumer are wasm-leg rows; see the header.)");
     eprintln!(
+        "  (ProofChamber and the Grand Boule ring consumer are wasm-leg rows; see the header.)"
+    );
+    eprintln!(
         "\n  AUDIO THREAD >= {:.3} ms ({:.1}% of the {:.4} ms budget)   lower bound, valid under load",
         audio_floor / 1.0e6,
         percent_of_budget(audio_floor),
Diff in /Users/josecosta/dev/sourdaw/.agents/worktrees/rustci/crates/daw-dsp/benches/quantum.rs:1546:
         "\n  Read against the wasm column, not this one. Native is a lower bound; production runs \
          wasm in a worklet."
     );
-
-
 }
 
 // ---------------------------------------------------------------------------
Diff in /Users/josecosta/dev/sourdaw/.agents/worktrees/rustci/crates/daw-dsp/src/bacteria/crossover.rs:232:
             for j in 0..i {
                 let (lp_l, hp_l) = self.allpass_points_l[ap_idx].process(bands_l[j]);
                 bands_l[j] = lp_l + hp_l;
-                
+
                 let (lp_r, hp_r) = self.allpass_points_r[ap_idx].process(bands_r[j]);
                 bands_r[j] = lp_r + hp_r;
-                
+
                 ap_idx += 1;
             }
         }
Diff in /Users/josecosta/dev/sourdaw/.agents/worktrees/rustci/crates/daw-dsp/src/bacteria/crossover.rs:324:
             let s = (i as f32 * 0.1).sin();
             xover.process_sample(s, s, &mut bands_l, &mut bands_r);
         }
-        let dirty = xover.points_l.iter().any(|p| p.lp1.z1 != 0.0 || p.lp1.z2 != 0.0);
-        assert!(dirty, "expected filter state to accumulate while processing");
+        let dirty = xover
+            .points_l
+            .iter()
+            .any(|p| p.lp1.z1 != 0.0 || p.lp1.z2 != 0.0);
+        assert!(
+            dirty,
+            "expected filter state to accumulate while processing"
+        );
 
         xover.set_bands(2, &freqs);
         let clean = xover
Diff in /Users/josecosta/dev/sourdaw/.agents/worktrees/rustci/crates/daw-dsp/src/bacteria/mod.rs:22:
 pub mod stft;
 pub mod waveshaper;
 
+use crate::primitives::sanitize_block;
 use engine::BacteriaEngine;
 use wasm_bindgen::prelude::*;
-use crate::primitives::sanitize_block;
 
 /// WASM-exported Bacteria instance for AudioWorklet.
 #[wasm_bindgen]
Diff in /Users/josecosta/dev/sourdaw/.agents/worktrees/rustci/crates/daw-dsp/src/bacteria/spectral.rs:48:
         // DSP-2: the smoothing recursion runs through the ring buffer, so the tail
         // decays into the subnormal range one slot at a time.
         let smoothed = flush_denormal(
-            self.blur_alpha * input
-                + (1.0 - self.blur_alpha) * self.smooth_buffer[self.buffer_pos],
+            self.blur_alpha * input + (1.0 - self.blur_alpha) * self.smooth_buffer[self.buffer_pos],
         );
         self.smooth_buffer[self.buffer_pos] = smoothed;
         self.buffer_pos = (self.buffer_pos + 1) % self.smooth_buffer.len();
Diff in /Users/josecosta/dev/sourdaw/.agents/worktrees/rustci/crates/daw-dsp/src/bacteria/stft.rs:539:
     #[test]
     fn smudge_is_unity_gain_on_steady_material() {
         let mut smudge = SmudgeProcessor::new();
-        let tone = |index: usize| {
-            (2.0 * PI * 440.0 * index as f32 / 48_000.0).sin() * 0.5
-        };
+        let tone = |index: usize| (2.0 * PI * 440.0 * index as f32 / 48_000.0).sin() * 0.5;
 
         let total = 48_000;
-        let rendered: Vec<f32> = (0..total).map(|index| smudge.process_sample(tone(index))).collect();
+        let rendered: Vec<f32> = (0..total)
+            .map(|index| smudge.process_sample(tone(index)))
+            .collect();
 
         // Settled tail only: the smoother needs several frames to converge.
         let tail = total / 2;
Diff in /Users/josecosta/dev/sourdaw/.agents/worktrees/rustci/crates/daw-dsp/src/bacteria/stft.rs:551:
-        let output_peak = rendered[tail..].iter().fold(0.0_f32, |acc, s| acc.max(s.abs()));
+        let output_peak = rendered[tail..]
+            .iter()
+            .fold(0.0_f32, |acc, s| acc.max(s.abs()));
         let gain_db = 20.0 * (output_peak / 0.5).log10();
         assert!(
             gain_db.abs() < 0.5,
Diff in /Users/josecosta/dev/sourdaw/.agents/worktrees/rustci/crates/daw-dsp/src/crumbs/engine.rs:41:
 use super::sample::SamplePool;
 use super::smooth::ParamSmoother;
 use super::types::{
-    FilterType, LoopMode, PlaybackMode, RecordState, SampleId, CrumbsCommand, CrumbsMode,
-    CrumbsParam, MAX_STACK_VOICES, MAX_VOICES,
+    CrumbsCommand, CrumbsMode, CrumbsParam, FilterType, LoopMode, PlaybackMode, RecordState,
+    SampleId, MAX_STACK_VOICES, MAX_VOICES,
 };
 use super::voice::{CrumbsVoice, VoiceTriggerParams};
 
Diff in /Users/josecosta/dev/sourdaw/.agents/worktrees/rustci/crates/daw-dsp/src/crumbs/engine.rs:1019:
     /// was overwritten, and a test that measured the sum passed with the bug
     /// reverted. Read-only, and not on any audio-thread path.
     pub fn any_active_voice_has_note(&self, note: u8) -> bool {
-        self.voices.iter().any(|voice| voice.active && voice.note == note)
+        self.voices
+            .iter()
+            .any(|voice| voice.active && voice.note == note)
     }
 
     /// How many live voices are playing `note`.
Diff in /Users/josecosta/dev/sourdaw/.agents/worktrees/rustci/crates/daw-dsp/src/crumbs/modes/drum.rs:113:
         // An explicit assignment wins. Failing that, only the base-note pad
         // falls back to the loaded sample — see `default_sample`. Every other
         // unassigned pad is silent, which is what an empty pad is.
-        let unassigned_fallback = if pad_idx == 0 { self.default_sample } else { None };
+        let unassigned_fallback = if pad_idx == 0 {
+            self.default_sample
+        } else {
+            None
+        };
         let sample_id = pad.sample_id.or(unassigned_fallback)?;
 
         Some(VoiceTriggerParams {
Diff in /Users/josecosta/dev/sourdaw/.agents/worktrees/rustci/crates/daw-dsp/src/crumbs/voice.rs:506:
 /// position `t` between y[0] and y[1] (0.0–1.0), returns the interpolated value.
 fn windowed_sinc(t: f32, samples: &[f32; 8]) -> f32 {
     let mut sum = 0.0;
-    
+
     // For n from -3 to 4
     for i in 0..8 {
         let n = i as f32 - 3.0;
Diff in /Users/josecosta/dev/sourdaw/.agents/worktrees/rustci/crates/daw-dsp/src/crumbs/voice.rs:513:
         let x = t - n;
-        
+
         if x == 0.0 {
             sum += samples[i];
         } else {
Diff in /Users/josecosta/dev/sourdaw/.agents/worktrees/rustci/crates/daw-dsp/src/crumbs/voice.rs:518:
             let pi_x = std::f32::consts::PI * x;
             let sinc = pi_x.sin() / pi_x;
-            
+
             // Hann window over [-4, 4]
             let window = 0.5 * (1.0 + (std::f32::consts::PI * x / 4.0).cos());
-            
+
             sum += samples[i] * sinc * window;
         }
     }
Diff in /Users/josecosta/dev/sourdaw/.agents/worktrees/rustci/crates/daw-dsp/src/crumbs/voice.rs:527:
-    
+
     sum
 }
 
Diff in /Users/josecosta/dev/sourdaw/.agents/worktrees/rustci/crates/daw-dsp/src/crust/engine.rs:321:
         }
         self.safety.set_true_peak(self.true_peak);
         self.safety.set_ceiling_db(self.ceiling_db);
-        self.safety.set_lookahead_samples(safety_lookahead(self.true_peak));
+        self.safety
+            .set_lookahead_samples(safety_lookahead(self.true_peak));
         // The attack clamp is derived from the look-ahead, so a geometry change
         // has to re-derive it or a shortened window leaves a stale ramp budget.
         self.apply_envelope();
Diff in /Users/josecosta/dev/sourdaw/.agents/worktrees/rustci/crates/daw-dsp/src/crust/engine.rs:444:
 
     fn apply_dither(&mut self) {
         let kind = DitherKind::from_index(self.dither_index);
-        let bits = DitherKind::implied_bit_depth(self.dither_index).unwrap_or(self.output_bit_depth);
+        let bits =
+            DitherKind::implied_bit_depth(self.dither_index).unwrap_or(self.output_bit_depth);
         self.ditherer.set_param("dither_bits", bits as f32);
         self.ditherer
             .set_param("dither_mode", kind.shared_mode_index());
Diff in /Users/josecosta/dev/sourdaw/.agents/worktrees/rustci/crates/daw-dsp/src/crust/engine.rs:523:
             // Silenced rather than clamped to the ceiling: a non-finite sample
             // is not signal, and emitting the ceiling would invent full-scale
             // content where the upstream device produced garbage.
-            let dry_left = if left[frame].is_finite() { left[frame] } else { 0.0 };
-            let dry_right = if right[frame].is_finite() { right[frame] } else { 0.0 };
+            let dry_left = if left[frame].is_finite() {
+                left[frame]
+            } else {
+                0.0
+            };
+            let dry_right = if right[frame].is_finite() {
+                right[frame]
+            } else {
+                0.0
+            };
             input_peak = input_peak.max(dry_left.abs()).max(dry_right.abs());
 
             let (delayed_dry_left, delayed_dry_right) =
Diff in /Users/josecosta/dev/sourdaw/.agents/worktrees/rustci/crates/daw-dsp/src/crust/engine.rs:752:
                 engine.process_block(&mut left, &mut right);
             }
 
-            let escaped = left.iter().chain(right.iter()).filter(|s| !s.is_finite()).count();
+            let escaped = left
+                .iter()
+                .chain(right.iter())
+                .filter(|s| !s.is_finite())
+                .count();
             assert_eq!(
                 escaped, 0,
                 "{bad} reached the output {escaped} times — the master bus carries it \
Diff in /Users/josecosta/dev/sourdaw/.agents/worktrees/rustci/crates/daw-dsp/src/crust/engine.rs:1099:
         engine.set_param("delta_listen", 1.0);
 
         let (out_left, _) = render(&mut engine, &signal, &signal);
-        let settled = out_left[2_048..].iter().fold(0.0_f32, |a, s| a.max(s.abs()));
+        let settled = out_left[2_048..]
+            .iter()
+            .fold(0.0_f32, |a, s| a.max(s.abs()));
 
         assert!(
             settled < 1e-4,
Diff in /Users/josecosta/dev/sourdaw/.agents/worktrees/rustci/crates/daw-dsp/src/crust/engine.rs:1125:
         let (untouched, _) = render(&mut reference, &signal, &signal);
 
         let trimmed_peak = trimmed[1_024..].iter().fold(0.0_f32, |a, s| a.max(s.abs()));
-        let reference_peak = untouched[1_024..].iter().fold(0.0_f32, |a, s| a.max(s.abs()));
+        let reference_peak = untouched[1_024..]
+            .iter()
+            .fold(0.0_f32, |a, s| a.max(s.abs()));
 
         assert!(
             (db(trimmed_peak) - db(reference_peak)).abs() < 0.05,
Diff in /Users/josecosta/dev/sourdaw/.agents/worktrees/rustci/crates/daw-dsp/src/crust/limiter.rs:348:
     /// 6-sample floor this costs 0.125 ms at 48 kHz.
     pub fn set_lookahead_ms(&mut self, lookahead_ms: f32) {
         let requested = (lookahead_ms.clamp(0.0, 10.0) * 0.001 * self.sample_rate).round() as usize;
-        let clamped = requested
-            .max(self.group_delay())
-            .min(MAX_LOOKAHEAD_SAMPLES);
+        let clamped = requested.max(self.group_delay()).min(MAX_LOOKAHEAD_SAMPLES);
         if clamped == self.lookahead_samples {
             return;
         }
Diff in /Users/josecosta/dev/sourdaw/.agents/worktrees/rustci/crates/daw-dsp/src/crust/mod.rs:74:
         self.output_left[..size].copy_from_slice(&self.input_left[..size]);
         self.output_right[..size].copy_from_slice(&self.input_right[..size]);
 
-        self.engine
-            .process_block(&mut self.output_left[..size], &mut self.output_right[..size]);
+        self.engine.process_block(
+            &mut self.output_left[..size],
+            &mut self.output_right[..size],
+        );
 
         self.nan_flush_count += sanitize_block(&mut self.output_left[..size]) as u64;
         self.nan_flush_count += sanitize_block(&mut self.output_right[..size]) as u64;
Diff in /Users/josecosta/dev/sourdaw/.agents/worktrees/rustci/crates/daw-dsp/src/crust/params.rs:220:
         sorted.sort_by(f32::total_cmp);
         sorted.dedup();
 
-        assert_eq!(sorted.len(), releases.len(), "releases collided: {releases:?}");
+        assert_eq!(
+            sorted.len(),
+            releases.len(),
+            "releases collided: {releases:?}"
+        );
     }
 
     #[test]
Diff in /Users/josecosta/dev/sourdaw/.agents/worktrees/rustci/crates/daw-dsp/src/crust/saturator.rs:233:
             for step in -400..=400 {
                 let x = step as f32 * 0.25;
                 let y = shape(algorithm, x, &mut tape);
-                assert!(
-                    y.abs() <= 1.05,
-                    "curve escaped its rails at x={x}: y={y}"
-                );
+                assert!(y.abs() <= 1.05, "curve escaped its rails at x={x}: y={y}");
             }
         }
     }
Diff in /Users/josecosta/dev/sourdaw/.agents/worktrees/rustci/crates/daw-dsp/src/fermenter/filter.rs:1:
 /// TPT (Topology-Preserving Transform) State Variable Filter.
 /// Implements LP, HP, BP, Notch with zero-delay feedback.
 /// Based on Vadim Zavalishin's "The Art of VA Filter Design."
-
 use crate::primitives::flush_denormal;
 
 #[derive(Clone, Copy, PartialEq)]
Diff in /Users/josecosta/dev/sourdaw/.agents/worktrees/rustci/crates/daw-dsp/src/fermenter/filter.rs:350:
         let y1_lp = v1_lp + self.lp_s1;
         let v2_lp = (y1_lp - self.lp_s2) * g;
         let y2_lp = v2_lp + self.lp_s2;
-        self.lp_s1 =
-            flush_denormal(self.lp_s1 + 2.0 * g * (hp - fb_lp - self.lp_s1) / (1.0 + 2.0 * g + g * g));
+        self.lp_s1 = flush_denormal(
+            self.lp_s1 + 2.0 * g * (hp - fb_lp - self.lp_s1) / (1.0 + 2.0 * g + g * g),
+        );
         self.lp_s2 = flush_denormal(self.lp_s2 + 2.0 * g * (y1_lp - self.lp_s2));
 
         y2_lp
Diff in /Users/josecosta/dev/sourdaw/.agents/worktrees/rustci/crates/daw-dsp/src/fermenter/mod.rs:26:
 
 use crate::primitives::{sanitize_block, ProcessLifecycle};
 use synth::{
-    MasterSynth, MidiEvent, MIDI_EVENT_NOTE_EXPRESSION, MIDI_EVENT_NOTE_OFF,
-    MIDI_EVENT_NOTE_ON,
+    MasterSynth, MidiEvent, MIDI_EVENT_NOTE_EXPRESSION, MIDI_EVENT_NOTE_OFF, MIDI_EVENT_NOTE_ON,
 };
 use wasm_bindgen::prelude::*;
 
Diff in /Users/josecosta/dev/sourdaw/.agents/worktrees/rustci/crates/daw-dsp/src/fermenter/synth.rs:899:
         (left, right)
     }
 
-    fn render_note_for_engine_with_params(engine: u8, params: &[(&str, f32)]) -> ([f32; 512], [f32; 512]) {
+    fn render_note_for_engine_with_params(
+        engine: u8,
+        params: &[(&str, f32)],
+    ) -> ([f32; 512], [f32; 512]) {
         let mut synth = MasterSynth::new(48_000.0, 8);
         let mut left = [0.0; 512];
         let mut right = [0.0; 512];
Diff in /Users/josecosta/dev/sourdaw/.agents/worktrees/rustci/crates/daw-dsp/src/fermenter/synth.rs:1152:
 
     #[test]
     fn additive_params_change_rendered_output() {
-        let (simple_left, simple_right) =
-            render_note_for_engine_with_params(5, &[("additive_partials", 1.0), ("additive_tilt", -6.0)]);
+        let (simple_left, simple_right) = render_note_for_engine_with_params(
+            5,
+            &[("additive_partials", 1.0), ("additive_tilt", -6.0)],
+        );
         let (rich_left, rich_right) = render_note_for_engine_with_params(
             5,
             &[
Diff in /Users/josecosta/dev/sourdaw/.agents/worktrees/rustci/crates/daw-dsp/src/fermenter/synth.rs:1171:
 
     #[test]
     fn granular_params_change_rendered_output() {
-        let (sparse_left, sparse_right) =
-            render_note_for_engine_with_params(4, &[("grain_density", 1.0), ("grain_size", 20.0), ("grain_pan_spread", 0.0)]);
+        let (sparse_left, sparse_right) = render_note_for_engine_with_params(
+            4,
+            &[
+                ("grain_density", 1.0),
+                ("grain_size", 20.0),
+                ("grain_pan_spread", 0.0),
+            ],
+        );
         let (dense_left, dense_right) = render_note_for_engine_with_params(
             4,
             &[
Diff in /Users/josecosta/dev/sourdaw/.agents/worktrees/rustci/crates/daw-dsp/src/fermenter/synth.rs:1474:
     }
 
     fn difference_rms(left: &[f32], right: &[f32]) -> f32 {
-        let differences: Vec<f32> = left
-            .iter()
-            .zip(right.iter())
-            .map(|(a, b)| a - b)
-            .collect();
+        let differences: Vec<f32> = left.iter().zip(right.iter()).map(|(a, b)| a - b).collect();
         rms(&differences)
     }
 
Diff in /Users/josecosta/dev/sourdaw/.agents/worktrees/rustci/crates/daw-dsp/src/fermenter/voice.rs:393:
 
     /// Current per-note expression as (bend semitones, pressure, slide).
     pub fn expression(&self) -> (f32, f32, f32) {
-        (self.expr_bend_semitones, self.expr_pressure, self.expr_slide)
+        (
+            self.expr_bend_semitones,
+            self.expr_pressure,
+            self.expr_slide,
+        )
     }
 
     pub fn note_off(&mut self) {
Diff in /Users/josecosta/dev/sourdaw/.agents/worktrees/rustci/crates/daw-dsp/src/gluten/mod.rs:20:
 pub mod stereo;
 pub mod vca;
 
+use crate::primitives::sanitize_block;
 use engine::GlutenEngine;
 use wasm_bindgen::prelude::*;
-use crate::primitives::sanitize_block;
 
 /// WASM-exported Gluten instance for AudioWorklet.
 /// Unlike instruments, this is an *effect* — it processes input audio.
Diff in /Users/josecosta/dev/sourdaw/.agents/worktrees/rustci/crates/daw-dsp/src/grand_boule/coupled_strings.rs:275:
 
         println!("grand-boule block-rate retune (audit MD-2 measurement)");
         println!("  per voice          : {:.1} µs", per_voice_secs * 1e6);
-        println!("  {VOICES} voices bent   : {:.1} µs", full_polyphony_secs * 1e6);
+        println!(
+            "  {VOICES} voices bent   : {:.1} µs",
+            full_polyphony_secs * 1e6
+        );
         println!("  block budget       : {:.1} µs", block_budget_secs * 1e6);
         println!("  budget consumed    : {:.1}%", budget_fraction * 100.0);
     }
Diff in /Users/josecosta/dev/sourdaw/.agents/worktrees/rustci/crates/daw-dsp/src/grand_boule/hammer.rs:129:
     /// The δ̇ term is computed from a one-sample finite difference, no
     /// history buffer needed. More expensive than [`Self::tick`] but still
     /// allocation-free and branch-free in the hot path.
-    pub fn tick_stulov(
-        &mut self,
-        string_displacement: f32,
-        dt: f32,
-        params: &HammerParams,
-    ) -> f32 {
+    pub fn tick_stulov(&mut self, string_displacement: f32, dt: f32, params: &HammerParams) -> f32 {
         let compression = (string_displacement - self.position).max(0.0);
         let compression_dot = (compression - self.prev_compression) / dt.max(1.0e-9);
 
Diff in /Users/josecosta/dev/sourdaw/.agents/worktrees/rustci/crates/daw-dsp/src/grand_boule/soundboard.rs:135:
                     true,
                 )
             } else {
-                let local = (index - plate_count) as f32
-                    / (waveguide_count.max(1) as f32 - 1.0).max(1.0);
+                let local =
+                    (index - plate_count) as f32 / (waveguide_count.max(1) as f32 - 1.0).max(1.0);
                 (
                     (log_wg_lo + local.clamp(0.0, 1.0) * (log_wg_hi - log_wg_lo)).exp(),
                     false,
Diff in /Users/josecosta/dev/sourdaw/.agents/worktrees/rustci/crates/daw-dsp/src/grand_boule/soundboard.rs:150:
             // characteristic upper-mid "shimmer" without dominating.
             let q = if is_plate {
                 // Lowest plate modes are highly resonant (Suzuki 1986).
-                let bass_bias = 1.0 - ((freq - MODE_MIN_HZ) / (PLATE_WAVEGUIDE_HZ - MODE_MIN_HZ))
-                    .clamp(0.0, 1.0);
+                let bass_bias = 1.0
+                    - ((freq - MODE_MIN_HZ) / (PLATE_WAVEGUIDE_HZ - MODE_MIN_HZ)).clamp(0.0, 1.0);
                 60.0 + 180.0 * bass_bias
             } else {
                 // Waveguide region modes — moderate Q with mild peak around
Diff in /Users/josecosta/dev/sourdaw/.agents/worktrees/rustci/crates/daw-dsp/src/grinder/cabinet.rs:20:
     mic_1_pos_x: f32, // 0 = center, 1 = edge
     mic_1_pos_y: f32, // 0 = on-axis, 1 = off-axis
     mic_1_distance: f32,
-    
+
     mic_2_enabled: bool,
     mic_2_gain: f32,
     mic_2_pos_x: f32,
Diff in /Users/josecosta/dev/sourdaw/.agents/worktrees/rustci/crates/daw-dsp/src/grinder/cabinet.rs:79:
     pub fn load_ir_slot(&mut self, slot: u32, ir_data: &[f32]) {
         let head_len = ir_data.len().min(128);
         let ir = ir_data[..head_len].to_vec();
-        
+
         if slot == 1 {
             self.head_ir_1 = ir;
         } else {
Diff in /Users/josecosta/dev/sourdaw/.agents/worktrees/rustci/crates/daw-dsp/src/grinder/cabinet.rs:86:
             self.head_ir_2 = ir;
         }
-        
+
         if self.head_buffer.len() < head_len {
             self.head_buffer = vec![0.0; head_len];
         }
Diff in /Users/josecosta/dev/sourdaw/.agents/worktrees/rustci/crates/daw-dsp/src/grinder/cabinet.rs:167:
         for k in 0..self.head_length {
             let read_pos = (self.head_write_pos + self.head_length - k) % self.head_length;
             let in_val = self.head_buffer[read_pos];
-            
+
             if self.mic_1_enabled && k < self.head_ir_1.len() {
                 out1 += in_val * self.head_ir_1[k];
             }
Diff in /Users/josecosta/dev/sourdaw/.agents/worktrees/rustci/crates/daw-dsp/src/grinder/cabinet.rs:200:
         let direct = out1 * w1 + out2 * w2;
 
         self.room_buffer[self.room_write_pos] = direct;
-        let blended_distance = (self.mic_1_distance * w1 + self.mic_2_distance * w2).clamp(0.0, 1.0);
+        let blended_distance =
+            (self.mic_1_distance * w1 + self.mic_2_distance * w2).clamp(0.0, 1.0);
         let room = if self.room_amount > 0.001 {
-            let tap_1 = self.read_room_tap((self.sample_rate * (0.012 + blended_distance * 0.006)) as usize);
-            let tap_2 = self.read_room_tap((self.sample_rate * (0.021 + blended_distance * 0.010)) as usize);
-            let tap_3 = self.read_room_tap((self.sample_rate * (0.034 + blended_distance * 0.016)) as usize);
+            let tap_1 = self
+                .read_room_tap((self.sample_rate * (0.012 + blended_distance * 0.006)) as usize);
+            let tap_2 = self
+                .read_room_tap((self.sample_rate * (0.021 + blended_distance * 0.010)) as usize);
+            let tap_3 = self
+                .read_room_tap((self.sample_rate * (0.034 + blended_distance * 0.016)) as usize);
             let reflections = tap_1 * 0.52 + tap_2 * 0.31 + tap_3 * 0.17;
             let room_cut_hz = 2_400.0 - blended_distance * 1_100.0;
             let room_coeff = (2.0 * PI * room_cut_hz.max(400.0) / self.sample_rate).min(0.65);
Diff in /Users/josecosta/dev/sourdaw/.agents/worktrees/rustci/crates/daw-dsp/src/grinder/cabinet.rs:211:
-            self.room_lp =
-                flush_denormal(self.room_lp + (reflections - self.room_lp) * room_coeff);
+            self.room_lp = flush_denormal(self.room_lp + (reflections - self.room_lp) * room_coeff);
             self.room_lp * self.room_amount * (0.18 + blended_distance * 0.22)
         } else {
             0.0
Diff in /Users/josecosta/dev/sourdaw/.agents/worktrees/rustci/crates/daw-dsp/src/grinder/cabinet.rs:381:
 
         for index in 0..total {
             let low = ((index as f32 * 2.0 * std::f32::consts::PI * 180.0) / 48_000.0).sin() * 0.12;
-            let high = ((index as f32 * 2.0 * std::f32::consts::PI * 3200.0) / 48_000.0).sin() * 0.05;
+            let high =
+                ((index as f32 * 2.0 * std::f32::consts::PI * 3200.0) / 48_000.0).sin() * 0.05;
             let output = cabinet.process_sample(low + high);
             sum += output.abs();
         }
Diff in /Users/josecosta/dev/sourdaw/.agents/worktrees/rustci/crates/daw-dsp/src/grinder/engine.rs:222:
 
             // Cabinet
             "cabType" => self.cabinet_mode = CabinetMode::from_index(value.round().max(0.0) as u32),
-            "routingMode" => self.routing_mode = RoutingMode::from_index(value.round().max(0.0) as u32),
+            "routingMode" => {
+                self.routing_mode = RoutingMode::from_index(value.round().max(0.0) as u32)
+            }
             "cabIrSlot" => {
                 self.cab_ir_slot = value.round().max(0.0) as u32;
                 self.cabinet.load_builtin(self.cab_ir_slot);
Diff in /Users/josecosta/dev/sourdaw/.agents/worktrees/rustci/crates/daw-dsp/src/grinder/engine.rs:259:
             name if name.starts_with("neuralCustom") => self.neural.set_param(name, value),
 
             // Supported pedal ordering
-            "preCompressorOrder" | "preOverdriveOrder" | "preDistortionOrder" | "preFuzzOrder"
-            | "postCompressorOrder" | "postOverdriveOrder" | "postDistortionOrder"
+            "preCompressorOrder"
+            | "preOverdriveOrder"
+            | "preDistortionOrder"
+            | "preFuzzOrder"
+            | "postCompressorOrder"
+            | "postOverdriveOrder"
+            | "postDistortionOrder"
             | "postFuzzOrder" => self.set_supported_pedal_order(name, value),
 
             // Output
Diff in /Users/josecosta/dev/sourdaw/.agents/worktrees/rustci/crates/daw-dsp/src/grinder/engine.rs:473:
             if should_run_circuit_rig {
                 let primary_back_emf = self.speaker.back_emf();
                 let dual_back_emf = self.dual_speaker.back_emf();
-                let primary_power = self.power_amp.process_sample(signal + primary_back_emf * 0.1);
-                let dual_power = self.dual_power_amp.process_sample(signal * 0.94 + dual_back_emf * 0.08);
+                let primary_power = self
+                    .power_amp
+                    .process_sample(signal + primary_back_emf * 0.1);
+                let dual_power = self
+                    .dual_power_amp
+                    .process_sample(signal * 0.94 + dual_back_emf * 0.08);
                 let primary_transformer = self.transformer.process_sample(primary_power);
                 let dual_transformer = self.dual_transformer.process_sample(dual_power);
 
Diff in /Users/josecosta/dev/sourdaw/.agents/worktrees/rustci/crates/daw-dsp/src/grinder/engine.rs:729:
 
 fn rebuild_supported_pedal_order(order_values: [f32; 4]) -> [SupportedPedalSlot; 4] {
     let mut ordered = [
-        (SupportedPedalSlot::Compressor, order_values[SupportedPedalSlot::Compressor.index()], 0_usize),
-        (SupportedPedalSlot::Overdrive, order_values[SupportedPedalSlot::Overdrive.index()], 1_usize),
-        (SupportedPedalSlot::Distortion, order_values[SupportedPedalSlot::Distortion.index()], 2_usize),
-        (SupportedPedalSlot::Fuzz, order_values[SupportedPedalSlot::Fuzz.index()], 3_usize),
+        (
+            SupportedPedalSlot::Compressor,
+            order_values[SupportedPedalSlot::Compressor.index()],
+            0_usize,
+        ),
+        (
+            SupportedPedalSlot::Overdrive,
+            order_values[SupportedPedalSlot::Overdrive.index()],
+            1_usize,
+        ),
+        (
+            SupportedPedalSlot::Distortion,
+            order_values[SupportedPedalSlot::Distortion.index()],
+            2_usize,
+        ),
+        (
+            SupportedPedalSlot::Fuzz,
+            order_values[SupportedPedalSlot::Fuzz.index()],
+            3_usize,
+        ),
     ];
     ordered.sort_by(|left, right| left.1.total_cmp(&right.1).then(left.2.cmp(&right.2)));
     ordered.map(|(slot, _, _)| slot)
Diff in /Users/josecosta/dev/sourdaw/.agents/worktrees/rustci/crates/daw-dsp/src/grinder/input.rs:263:
             }
         }
 
-        (peak, edge_sum / count.max(1) as f32, body_sum / count.max(1) as f32)
+        (
+            peak,
+            edge_sum / count.max(1) as f32,
+            body_sum / count.max(1) as f32,
+        )
     }
 
     #[test]
Diff in /Users/josecosta/dev/sourdaw/.agents/worktrees/rustci/crates/daw-dsp/src/grinder/input.rs:323:
         let instrument = conditioned_burst_metrics(0.0);
         let line = conditioned_burst_metrics(1.0);
         let reamp = conditioned_burst_metrics(2.0);
-        let line_diff =
-            (instrument.0 - line.0).abs() + (instrument.1 - line.1).abs() + (instrument.2 - line.2).abs();
-        let reamp_diff =
-            (instrument.0 - reamp.0).abs() + (instrument.1 - reamp.1).abs() + (instrument.2 - reamp.2).abs();
+        let line_diff = (instrument.0 - line.0).abs()
+            + (instrument.1 - line.1).abs()
+            + (instrument.2 - line.2).abs();
+        let reamp_diff = (instrument.0 - reamp.0).abs()
+            + (instrument.1 - reamp.1).abs()
+            + (instrument.2 - reamp.2).abs();
 
         assert!(
             line_diff > 0.035 && reamp_diff > 0.05,
Diff in /Users/josecosta/dev/sourdaw/.agents/worktrees/rustci/crates/daw-dsp/src/grinder/mod.rs:18:
 pub mod transformer;
 pub mod triode;
 
+use crate::primitives::sanitize_block;
 use engine::GrinderEngine;
 use params::GRINDER_AUTOMATABLE_PARAM_COUNT;
 use wasm_bindgen::prelude::*;
Diff in /Users/josecosta/dev/sourdaw/.agents/worktrees/rustci/crates/daw-dsp/src/grinder/mod.rs:24:
-use crate::primitives::sanitize_block;
 
 const MAX_GRINDER_BLOCK_SIZE: usize = 2048;
 const GRINDER_AUTOMATION_BUFFER_SIZE: usize =
Diff in /Users/josecosta/dev/sourdaw/.agents/worktrees/rustci/crates/daw-dsp/src/grinder/neural.rs:295:
     }
 
     pub fn process_capture(&mut self, input: f32) -> f32 {
-        if self.engine_mode == EngineMode::Circuit || !self.has_active_model() || !self.model_loaded {
+        if self.engine_mode == EngineMode::Circuit || !self.has_active_model() || !self.model_loaded
+        {
             return input;
         }
 
Diff in /Users/josecosta/dev/sourdaw/.agents/worktrees/rustci/crates/daw-dsp/src/grinder/neural.rs:447:
         self.selected_model_slot = Some(slot);
         self.custom_profile_active = false;
 
-        let (weight_triplets, input_drive, asymmetry, output_trim, contour_mix, lstm_bias) = match slot {
-            1 => (
-                [(0.16_f32, 0.60_f32, 0.24_f32), (0.08, 0.72, 0.20)],
-                1.28,
-                -0.10,
-                0.86,
-                0.12,
-                0.14,
-            ),
-            2 => (
-                [(0.22_f32, 0.58_f32, 0.20_f32), (0.12, 0.66, 0.22)],
-                1.08,
-                0.08,
-                0.98,
-                0.22,
-                -0.08,
-            ),
-            _ => (
-                [(0.10_f32, 0.80_f32, 0.10_f32), (0.06, 0.78, 0.16)],
-                1.16,
-                0.03,
-                0.92,
-                0.18,
-                0.04,
-            ),
-        };
+        let (weight_triplets, input_drive, asymmetry, output_trim, contour_mix, lstm_bias) =
+            match slot {
+                1 => (
+                    [(0.16_f32, 0.60_f32, 0.24_f32), (0.08, 0.72, 0.20)],
+                    1.28,
+                    -0.10,
+                    0.86,
+                    0.12,
+                    0.14,
+                ),
+                2 => (
+                    [(0.22_f32, 0.58_f32, 0.20_f32), (0.12, 0.66, 0.22)],
+                    1.08,
+                    0.08,
+                    0.98,
+                    0.22,
+                    -0.08,
+                ),
+                _ => (
+                    [(0.10_f32, 0.80_f32, 0.10_f32), (0.06, 0.78, 0.16)],
+                    1.16,
+                    0.03,
+                    0.92,
+                    0.18,
+                    0.04,
+                ),
+            };
 
         for (index, layer) in self.conv_layers.iter_mut().enumerate() {
             let profile = weight_triplets[index % weight_triplets.len()];
Diff in /Users/josecosta/dev/sourdaw/.agents/worktrees/rustci/crates/daw-dsp/src/grinder/neural.rs:548:
         neural.set_param("neuralCustomContourMix", 0.24);
         neural.set_param("neuralCustomLstmBias", 0.03);
         for index in 0..10 {
-            neural.set_param(&format!("neuralCustomConvWeight{}_0", index), 0.08 + index as f32 * 0.002);
-            neural.set_param(&format!("neuralCustomConvWeight{}_1", index), 0.70 - index as f32 * 0.003);
-            neural.set_param(&format!("neuralCustomConvWeight{}_2", index), 0.18 + index as f32 * 0.001);
+            neural.set_param(
+                &format!("neuralCustomConvWeight{}_0", index),
+                0.08 + index as f32 * 0.002,
+            );
+            neural.set_param(
+                &format!("neuralCustomConvWeight{}_1", index),
+                0.70 - index as f32 * 0.003,
+            );
+            neural.set_param(
+                &format!("neuralCustomConvWeight{}_2", index),
+                0.18 + index as f32 * 0.001,
+            );
         }
 
         let mut alternate = NeuralCapture::new(48_000.0);
Diff in /Users/josecosta/dev/sourdaw/.agents/worktrees/rustci/crates/daw-dsp/src/grinder/neural.rs:563:
         alternate.set_param("neuralCustomContourMix", 0.14);
         alternate.set_param("neuralCustomLstmBias", -0.02);
         for index in 0..10 {
-            alternate.set_param(&format!("neuralCustomConvWeight{}_0", index), 0.16 - index as f32 * 0.002);
-            alternate.set_param(&format!("neuralCustomConvWeight{}_1", index), 0.58 + index as f32 * 0.004);
-            alternate.set_param(&format!("neuralCustomConvWeight{}_2", index), 0.22 - index as f32 * 0.001);
+            alternate.set_param(
+                &format!("neuralCustomConvWeight{}_0", index),
+                0.16 - index as f32 * 0.002,
+            );
+            alternate.set_param(
+                &format!("neuralCustomConvWeight{}_1", index),
+                0.58 + index as f32 * 0.004,
+            );
+            alternate.set_param(
+                &format!("neuralCustomConvWeight{}_2", index),
+                0.22 - index as f32 * 0.001,
+            );
         }
 
         let total = 6000;
Diff in /Users/josecosta/dev/sourdaw/.agents/worktrees/rustci/crates/daw-dsp/src/grinder/oversample.rs:86:
     /// The box average this module replaces, kept verbatim in the test so the
     /// improvement is measured against the real previous behaviour rather than
     /// asserted from memory.
-    fn box_average_2x(previous_input: &mut f32, input: f32, mut stage: impl FnMut(f32) -> f32) -> f32 {
+    fn box_average_2x(
+        previous_input: &mut f32,
+        input: f32,
+        mut stage: impl FnMut(f32) -> f32,
+    ) -> f32 {
         let midpoint = 0.5 * (*previous_input + input);
         let first = stage(midpoint);
         let second = stage(input);
Diff in /Users/josecosta/dev/sourdaw/.agents/worktrees/rustci/crates/daw-dsp/src/grinder/oversample.rs:106:
     fn render_box_average() -> Vec<f32> {
         let mut previous = 0.0_f32;
         (0..RENDER_LEN)
-            .map(|n| {
-                box_average_2x(&mut previous, drive_tone(n, SAMPLE_RATE, 0.9), hard_drive)
-            })
+            .map(|n| box_average_2x(&mut previous, drive_tone(n, SAMPLE_RATE, 0.9), hard_drive))
             .collect()
     }
 
Diff in /Users/josecosta/dev/sourdaw/.agents/worktrees/rustci/crates/daw-dsp/src/grinder/oversample.rs:197:
         for n in 0..256 {
             let from_used = used.process(drive_tone(n, SAMPLE_RATE, 0.4), hard_drive);
             let from_fresh = fresh.process(drive_tone(n, SAMPLE_RATE, 0.4), hard_drive);
-            assert_eq!(from_used, from_fresh, "reset must clear history at sample {n}");
+            assert_eq!(
+                from_used, from_fresh,
+                "reset must clear history at sample {n}"
+            );
         }
     }
 }
Diff in /Users/josecosta/dev/sourdaw/.agents/worktrees/rustci/crates/daw-dsp/src/grinder/pedals.rs:56:
         let gain = 1.0 + self.drive * 4.4;
         let pushed = tightened * gain;
 
-        self.sag_state =
-            flush_denormal(self.sag_state + 0.0014 * (pushed.abs() - self.sag_state));
+        self.sag_state = flush_denormal(self.sag_state + 0.0014 * (pushed.abs() - self.sag_state));
         let headroom = (1.08 - self.sag_state * (0.10 + self.drive * 0.14)).clamp(0.72, 1.02);
         let clipped = Self::soft_clip(pushed / headroom.max(0.55), self.drive) * headroom;
 
Diff in /Users/josecosta/dev/sourdaw/.agents/worktrees/rustci/crates/daw-dsp/src/grinder/pedals.rs:66:
         self.tone_lp_state =
             flush_denormal(self.tone_lp_state + tone_coeff * (clipped - self.tone_lp_state));
         let brightness = clipped - self.tone_lp_state;
-        let voiced = self.tone_lp_state * (1.02 - self.tone * 0.06) + brightness * (0.10 + self.tone * 0.46);
+        let voiced =
+            self.tone_lp_state * (1.02 - self.tone * 0.06) + brightness * (0.10 + self.tone * 0.46);
 
         let output_hp_coeff = (2.0 * PI * 75.0 * dt).min(0.35);
         self.output_hp_state = flush_denormal(
Diff in /Users/josecosta/dev/sourdaw/.agents/worktrees/rustci/crates/daw-dsp/src/grinder/pedals.rs:371:
         if abs_in > self.envelope {
             self.envelope = flush_denormal(abs_in + self.attack_coeff * (self.envelope - abs_in));
         } else {
-            self.envelope =
-                flush_denormal(abs_in + self.release_coeff * (self.envelope - abs_in));
+            self.envelope = flush_denormal(abs_in + self.release_coeff * (self.envelope - abs_in));
         }
 
         let gain = if self.envelope > self.threshold {
Diff in /Users/josecosta/dev/sourdaw/.agents/worktrees/rustci/crates/daw-dsp/src/grinder/pedals.rs:415:
         sum / total as f32
     }
 
-    fn average_abs_distortion_output(
-        drive: f32,
-        tone: f32,
-        level: f32,
-        enabled: bool,
-    ) -> f32 {
+    fn average_abs_distortion_output(drive: f32, tone: f32, level: f32, enabled: bool) -> f32 {
         let mut pedal = DistortionPedal::new(48_000.0);
         pedal.set_param("enabled", if enabled { 1.0 } else { 0.0 });
         pedal.set_param("drive", drive);
Diff in /Users/josecosta/dev/sourdaw/.agents/worktrees/rustci/crates/daw-dsp/src/grinder/power_amp.rs:199:
 
         let positive_drive = (1.0 + asymmetry + bias_shift * 0.10).clamp(0.8, 1.35);
         let negative_drive = (1.0 - asymmetry + bias_shift * 0.06).clamp(0.72, 1.20);
-        let clipped = biased_push_pull_clip(signal, positive_drive, negative_drive, crossover_width)
-            * saturation_curve;
+        let clipped =
+            biased_push_pull_clip(signal, positive_drive, negative_drive, crossover_width)
+                * saturation_curve;
 
         let crossover = if signal > crossover_width {
             1.0
Diff in /Users/josecosta/dev/sourdaw/.agents/worktrees/rustci/crates/daw-dsp/src/grinder/power_amp.rs:216:
         };
         let sag_makeup = 1.0 + (self.v_nominal - self.vb_plus) * 0.12;
         let bias_even = signal * bias_shift * 0.02;
-        let mut output = (clipped + bias_even + bias_shift * crossover * 0.02) * tube_makeup * sag_makeup;
+        let mut output =
+            (clipped + bias_even + bias_shift * crossover * 0.02) * tube_makeup * sag_makeup;
 
         // During recovery after a hard burst, real power stages and their load
         // interaction stop feeling as edge-heavy as the initial attack. Model
Diff in /Users/josecosta/dev/sourdaw/.agents/worktrees/rustci/crates/daw-dsp/src/grinder/transformer.rs:100:
         let hysteresis_blend = self.hysteresis * 0.5;
         // DSP-2: the hysteresis memory term keeps decaying after the input stops,
         // so it lands in the subnormal range instead of reaching zero.
-        self.flux_state = flush_denormal(
-            flux * (1.0 - hysteresis_blend) + self.flux_state * hysteresis_blend,
-        );
+        self.flux_state =
+            flush_denormal(flux * (1.0 - hysteresis_blend) + self.flux_state * hysteresis_blend);
 
         // LF saturation emphasis: saturate LF more heavily
         let lf_saturated = self.flux_response(lf_content * (1.0 + self.lf_saturation * 4.0));
Diff in /Users/josecosta/dev/sourdaw/.agents/worktrees/rustci/crates/daw-dsp/src/grinder/triode.rs:308:
 
     pub fn process_sample(&mut self, input: f32) -> f32 {
         let gain_scale = self.gain / 10.0;
-        let (model_trim, interstage_attenuation, model_brightness, model_low_end, model_compression): (
-            f32,
-            f32,
-            f32,
-            f32,
-            f32,
-        ) = match self.amp_model {
+        let (
+            model_trim,
+            interstage_attenuation,
+            model_brightness,
+            model_low_end,
+            model_compression,
+        ): (f32, f32, f32, f32, f32) = match self.amp_model {
             AmpModel::CleanTwin => (0.75, 0.18, 0.05, -0.04, 0.02),
             AmpModel::CrunchJcm => (1.00, 0.14, 0.00, 0.02, 0.08),
             AmpModel::LeadJcm => (1.14, 0.12, -0.01, 0.05, 0.10),
Diff in /Users/josecosta/dev/sourdaw/.agents/worktrees/rustci/crates/daw-dsp/src/grinder/triode.rs:373:
             self.model_drive_state += env_coeff * (signal.abs() - self.model_drive_state);
             let clamp = 1.0
                 / (1.0
-                    + self.model_drive_state
-                        * model_compression
-                        * (0.7 + gain_scale * 1.5)
-                        * 2.2);
+                    + self.model_drive_state * model_compression * (0.7 + gain_scale * 1.5) * 2.2);
             let compressed = signal * clamp;
             let soft_mix = (model_compression * 0.45).clamp(0.0, 0.22);
-            let softened =
-                (compressed * (1.0 + model_compression * 0.7)).tanh() * (0.98 - model_compression * 0.08);
+            let softened = (compressed * (1.0 + model_compression * 0.7)).tanh()
+                * (0.98 - model_compression * 0.08);
             signal = compressed * (1.0 - soft_mix) + softened * soft_mix;
         }
 
Diff in /Users/josecosta/dev/sourdaw/.agents/worktrees/rustci/crates/daw-dsp/src/grinder/triode.rs:418:
         }
 
         if model_compression > 0.0 {
-            let post_mix = (model_compression * (0.16 + self.model_drive_state * 0.22)).clamp(0.0, 0.30);
-            let post_shaped =
-                (final_out * (1.0 + model_compression * 0.9)).tanh() * (0.96 - model_compression * 0.06);
+            let post_mix =
+                (model_compression * (0.16 + self.model_drive_state * 0.22)).clamp(0.0, 0.30);
+            let post_shaped = (final_out * (1.0 + model_compression * 0.9)).tanh()
+                * (0.96 - model_compression * 0.06);
             final_out = final_out * (1.0 - post_mix) + post_shaped * post_mix;
         }
 
Diff in /Users/josecosta/dev/sourdaw/.agents/worktrees/rustci/crates/daw-dsp/src/grinder/triode.rs:485:
         sum / total as f32
     }
 
-    fn burst_metrics_for_preamp(
-        grid_conduction: f32,
-        coupling_cap_charge: f32,
-    ) -> (f32, f32) {
+    fn burst_metrics_for_preamp(grid_conduction: f32, coupling_cap_charge: f32) -> (f32, f32) {
         let sample_rate = 48_000.0;
         let mut preamp = Preamp::new(sample_rate);
         preamp.set_param("ampModel", 4.0);
Diff in /Users/josecosta/dev/sourdaw/.agents/worktrees/rustci/crates/daw-dsp/src/grinder/triode.rs:553:
 
         for n in 0..total {
             let env = if n < burst_len { 1.0 } else { 0.0 };
-            let low =
-                ((n as f32 * 2.0 * std::f32::consts::PI * 130.0) / sample_rate).sin() * 0.22;
+            let low = ((n as f32 * 2.0 * std::f32::consts::PI * 130.0) / sample_rate).sin() * 0.22;
             let pick =
                 ((n as f32 * 2.0 * std::f32::consts::PI * 1_850.0) / sample_rate).sin() * 0.08;
             let input = (low + pick) * env;
Diff in /Users/josecosta/dev/sourdaw/.agents/worktrees/rustci/crates/daw-dsp/src/grinder/triode.rs:590:
         let mut sustain_count = 0_usize;
         for n in 0..total {
             let env = if n < 384 { 1.0 } else { 0.0 };
-            let low =
-                ((n as f32 * 2.0 * std::f32::consts::PI * 120.0) / sample_rate).sin() * 0.24;
+            let low = ((n as f32 * 2.0 * std::f32::consts::PI * 120.0) / sample_rate).sin() * 0.24;
             let edge =
                 ((n as f32 * 2.0 * std::f32::consts::PI * 1_600.0) / sample_rate).sin() * 0.09;
             let out = preamp.process_sample((low + edge) * env);
Diff in /Users/josecosta/dev/sourdaw/.agents/worktrees/rustci/crates/daw-dsp/src/grinder/triode.rs:658:
 
         let sustain_ratio = (sustain_edge / sustain_count.max(1) as f32)
             / (sustain_body / sustain_count.max(1) as f32).max(1.0e-6);
-        let tail_ratio =
-            (tail_edge / tail_count.max(1) as f32) / (tail_body / tail_count.max(1) as f32).max(1.0e-6);
+        let tail_ratio = (tail_edge / tail_count.max(1) as f32)
+            / (tail_body / tail_count.max(1) as f32).max(1.0e-6);
         (sustain_ratio, tail_ratio)
     }
 
Diff in /Users/josecosta/dev/sourdaw/.agents/worktrees/rustci/crates/daw-dsp/src/knead/engine.rs:53:
     // Accumulator buffers for RT block processing
     in_buffer_l: Vec<f32>,
     in_buffer_r: Vec<f32>,
-    
+
     // Fixed-size output ring buffers to avoid allocations
     out_buffer_l: Vec<f32>,
     out_buffer_r: Vec<f32>,
Diff in /Users/josecosta/dev/sourdaw/.agents/worktrees/rustci/crates/daw-dsp/src/knead/engine.rs:131:
     pub fn process_block(&mut self, left: &mut [f32], right: &mut [f32]) {
         let num_samples = left.len();
         let ring_cap = self.out_buffer_l.len();
-        
+
         for i in 0..num_samples {
             self.in_buffer_l.push(left[i]);
             self.in_buffer_r.push(right[i]);
Diff in /Users/josecosta/dev/sourdaw/.agents/worktrees/rustci/crates/daw-dsp/src/knead/engine.rs:172:
                 } else {
                     self.analyze_and_shift();
                 }
-                
+
                 self.in_buffer_l.clear();
                 self.in_buffer_r.clear();
             }
Diff in /Users/josecosta/dev/sourdaw/.agents/worktrees/rustci/crates/daw-dsp/src/knead/engine.rs:194:
             &self.in_buffer_l,
             &self.yin_cfg,
             &mut self.work_d,
-            &mut self.work_cmnd
+            &mut self.work_cmnd,
         );
 
         self.current_f0 = yin_res.f0_hz;
Diff in /Users/josecosta/dev/sourdaw/.agents/worktrees/rustci/crates/daw-dsp/src/knead/engine.rs:201:
         self.current_periodicity = yin_res.periodicity;
-        self.is_actively_voiced = is_voiced(&self.in_buffer_l, yin_res.periodicity, &self.voicing_cfg);
+        self.is_actively_voiced =
+            is_voiced(&self.in_buffer_l, yin_res.periodicity, &self.voicing_cfg);
 
         let frame_len = self.in_buffer_l.len();
         let mut shifted = false;
Diff in /Users/josecosta/dev/sourdaw/.agents/worktrees/rustci/crates/daw-dsp/src/knead/engine.rs:230:
                 // cannot be shifted (every grain would bail, emitting
                 // zeroed voiced audio). Treat them as unshiftable and fall
                 // through to passthrough instead.
-                let shiftable =
-                    2 * (target_period.ceil() as usize) <= self.window_scratchpad.len();
+                let shiftable = 2 * (target_period.ceil() as usize) <= self.window_scratchpad.len();
 
                 // Span = last h samples of raw input history ++ this frame.
                 let hist_start = self.hist_l.len() - h;
Diff in /Users/josecosta/dev/sourdaw/.agents/worktrees/rustci/crates/daw-dsp/src/knead/engine.rs:352:
                     // the grain overhang [frame_len, frame_len + t) that
                     // covers the next frame's start (work indices
                     // [frame_len + t, frame_len + 2t)).
-                    self.held_l[..t].copy_from_slice(&self.psola_l_buffer[frame_len..frame_len + t]);
-                    self.held_r[..t].copy_from_slice(&self.psola_r_buffer[frame_len..frame_len + t]);
+                    self.held_l[..t]
+                        .copy_from_slice(&self.psola_l_buffer[frame_len..frame_len + t]);
+                    self.held_r[..t]
+                        .copy_from_slice(&self.psola_r_buffer[frame_len..frame_len + t]);
                     self.held_len = t;
-                    self.overhang_l[..t].copy_from_slice(&self.psola_l_buffer[frame_len + t..frame_len + 2 * t]);
-                    self.overhang_r[..t].copy_from_slice(&self.psola_r_buffer[frame_len + t..frame_len + 2 * t]);
+                    self.overhang_l[..t]
+                        .copy_from_slice(&self.psola_l_buffer[frame_len + t..frame_len + 2 * t]);
+                    self.overhang_r[..t]
+                        .copy_from_slice(&self.psola_r_buffer[frame_len + t..frame_len + 2 * t]);
                     self.overhang_len = t;
                 }
             }
Diff in /Users/josecosta/dev/sourdaw/.agents/worktrees/rustci/crates/daw-dsp/src/knead/engine.rs:400:
         let frame_len = self.in_buffer_l.len();
         let t_max = self.hist_l.len();
         if frame_len >= t_max {
-            self.hist_l.copy_from_slice(&self.in_buffer_l[frame_len - t_max..]);
-            self.hist_r.copy_from_slice(&self.in_buffer_r[frame_len - t_max..]);
+            self.hist_l
+                .copy_from_slice(&self.in_buffer_l[frame_len - t_max..]);
+            self.hist_r
+                .copy_from_slice(&self.in_buffer_r[frame_len - t_max..]);
         } else {
             self.hist_l.copy_within(frame_len..t_max, 0);
             self.hist_l[t_max - frame_len..].copy_from_slice(&self.in_buffer_l);
Diff in /Users/josecosta/dev/sourdaw/.agents/worktrees/rustci/crates/daw-dsp/src/knead/engine.rs:488:
         let mut n = 0usize;
         while n < total {
             let block = (total - n).min(128);
-            let mut left: Vec<f32> = (0..block).map(|i| pitched(freq_l, sample_rate, n + i)).collect();
+            let mut left: Vec<f32> = (0..block)
+                .map(|i| pitched(freq_l, sample_rate, n + i))
+                .collect();
             let mut right: Vec<f32> = (0..block)
                 .map(|i| sign * pitched(freq_r, sample_rate, n + i))
                 .collect();
Diff in /Users/josecosta/dev/sourdaw/.agents/worktrees/rustci/crates/daw-dsp/src/knead/mod.rs:1:
-pub mod pitch_edit;
 pub mod engine;
+pub mod pitch_edit;
 pub mod psola;
 pub mod utils;
 pub mod voicing;
Diff in /Users/josecosta/dev/sourdaw/.agents/worktrees/rustci/crates/daw-dsp/src/knead/mod.rs:6:
 pub mod yin;
 
+use crate::primitives::sanitize_block;
 use engine::KneadEngine;
 use wasm_bindgen::prelude::*;
-use crate::primitives::sanitize_block;
 
 #[wasm_bindgen]
 pub struct KneadInstance {
Diff in /Users/josecosta/dev/sourdaw/.agents/worktrees/rustci/crates/daw-dsp/src/knead/mod.rs:140:
         let frames = 4096usize;
         let poison_l: Vec<f32> = vec![f32::NAN; frames];
         let poison_r: Vec<f32> = (0..frames)
-            .map(|i| if i % 2 == 0 { f32::INFINITY } else { f32::NEG_INFINITY })
+            .map(|i| {
+                if i % 2 == 0 {
+                    f32::INFINITY
+                } else {
+                    f32::NEG_INFINITY
+                }
+            })
             .collect();
 
         // RED: the raw engine (the layer beneath the wasm boundary) has no
Diff in /Users/josecosta/dev/sourdaw/.agents/worktrees/rustci/crates/daw-dsp/src/knead/mod.rs:215:
         let right = unsafe { std::slice::from_raw_parts(out_r, frames) };
 
         for i in 0..frames {
-            assert_eq!(left[i].to_bits(), raw_l[i].to_bits(), "left sample {i} altered by the guard");
-            assert_eq!(right[i].to_bits(), raw_r[i].to_bits(), "right sample {i} altered by the guard");
+            assert_eq!(
+                left[i].to_bits(),
+                raw_l[i].to_bits(),
+                "left sample {i} altered by the guard"
+            );
+            assert_eq!(
+                right[i].to_bits(),
+                raw_r[i].to_bits(),
+                "right sample {i} altered by the guard"
+            );
         }
-        assert_eq!(inst.get_nan_flush_count(), 0.0, "a finite block flushes nothing");
+        assert_eq!(
+            inst.get_nan_flush_count(),
+            0.0,
+            "a finite block flushes nothing"
+        );
     }
 }
 
Diff in /Users/josecosta/dev/sourdaw/.agents/worktrees/rustci/crates/daw-dsp/src/knead/pitch_edit.rs:66:
     }
 
     /// Compile a list of NoteSegments into a dense array for a given audio length and sample rate.
-    pub fn compile(segments: &[NoteSegment], sample_rate: f32, total_samples: usize, hop_size: usize) -> Self {
+    pub fn compile(
+        segments: &[NoteSegment],
+        sample_rate: f32,
+        total_samples: usize,
+        hop_size: usize,
+    ) -> Self {
         let num_frames = (total_samples + hop_size - 1) / hop_size;
         let mut deltas = vec![0.0_f32; num_frames];
 
Diff in /Users/josecosta/dev/sourdaw/.agents/worktrees/rustci/crates/daw-dsp/src/knead/pitch_edit.rs:73:
         for segment in segments {
             let start_sample = (segment.start_time_ms / 1000.0 * sample_rate) as usize;
             let end_sample = (segment.end_time_ms / 1000.0 * sample_rate) as usize;
-            
+
             let start_frame = start_sample / hop_size;
             let end_frame = (end_sample / hop_size).min(num_frames);
 
Diff in /Users/josecosta/dev/sourdaw/.agents/worktrees/rustci/crates/daw-dsp/src/knead/pitch_edit.rs:100:
     }
 }
 
-use wasm_bindgen::prelude::*;
-use crate::knead::yin::{yin_frame, YinConfig};
 use crate::knead::psola::{psola_process_offline_inplace, PsolaConfig};
+use crate::knead::yin::{yin_frame, YinConfig};
+use wasm_bindgen::prelude::*;
 
 #[wasm_bindgen]
 pub fn analyze_pitch_wasm(samples: &[f32], sample_rate: f32) -> String {
Diff in /Users/josecosta/dev/sourdaw/.agents/worktrees/rustci/crates/daw-dsp/src/knead/pitch_edit.rs:109:
     let hop_size = 256;
     let frame_size = 2048;
-    
+
     let yin_config = YinConfig {
         sample_rate,
         frame_size,
Diff in /Users/josecosta/dev/sourdaw/.agents/worktrees/rustci/crates/daw-dsp/src/knead/pitch_edit.rs:116:
         f0_max: 1000.0,
         cmnd_threshold: 0.15,
     };
-    
+
     let max_tau = (sample_rate / 50.0).ceil() as usize + 1;
     let buf_size = max_tau.max(frame_size);
     let mut work_d = vec![0.0f32; buf_size];
Diff in /Users/josecosta/dev/sourdaw/.agents/worktrees/rustci/crates/daw-dsp/src/knead/pitch_edit.rs:123:
     let mut work_cmnd = vec![0.0f32; buf_size];
-    
+
     let num_frames = if samples.len() > frame_size {
         (samples.len() - frame_size) / hop_size
     } else {
Diff in /Users/josecosta/dev/sourdaw/.agents/worktrees/rustci/crates/daw-dsp/src/knead/pitch_edit.rs:128:
         0
     };
-    
+
     let mut points = Vec::with_capacity(num_frames);
-    
+
     for i in 0..num_frames {
         let offset = i * hop_size;
         let frame = &samples[offset..offset + frame_size];
Diff in /Users/josecosta/dev/sourdaw/.agents/worktrees/rustci/crates/daw-dsp/src/knead/pitch_edit.rs:136:
-        
+
         let result = yin_frame(frame, &yin_config, &mut work_d, &mut work_cmnd);
-        
+
         let time_ms = (offset as f32 / sample_rate) * 1000.0;
-        
+
         points.push(PitchPoint {
             time_ms,
             frequency_hz: result.f0_hz.unwrap_or(0.0),
Diff in /Users/josecosta/dev/sourdaw/.agents/worktrees/rustci/crates/daw-dsp/src/knead/pitch_edit.rs:145:
             voiced: result.f0_hz.is_some(),
         });
     }
-    
+
     let contour = PitchContour {
         points,
         sample_rate: sample_rate as u32,
Diff in /Users/josecosta/dev/sourdaw/.agents/worktrees/rustci/crates/daw-dsp/src/knead/pitch_edit.rs:164:
     contour_json: &str,
 ) -> Vec<f32> {
     let segments: Vec<NoteSegment> = serde_json::from_str(segments_json).unwrap_or_default();
-    let contour: PitchContour = serde_json::from_str(contour_json).unwrap_or_else(|_| PitchContour {
-        points: vec![],
-        sample_rate: sample_rate as u32,
-        hop_size: 256,
-        algorithm: "pyin".to_string(),
-    });
+    let contour: PitchContour =
+        serde_json::from_str(contour_json).unwrap_or_else(|_| PitchContour {
+            points: vec![],
+            sample_rate: sample_rate as u32,
+            hop_size: 256,
+            algorithm: "pyin".to_string(),
+        });
 
-    let map = CompiledDeltaMap::compile(
-        &segments,
-        sample_rate,
-        samples.len(),
-        256
-    );
+    let map = CompiledDeltaMap::compile(&segments, sample_rate, samples.len(), 256);
 
     let mut target_f0_curve = vec![0.0_f32; samples.len()];
     let mut pitch_marks = Vec::new();
Diff in /Users/josecosta/dev/sourdaw/.agents/worktrees/rustci/crates/daw-dsp/src/knead/pitch_edit.rs:184:
     let mut current_sample = 0.0;
     while (current_sample as usize) < samples.len() {
         let idx = current_sample as usize;
-        
-        let point_idx = (idx / contour.hop_size as usize).min(contour.points.len().saturating_sub(1));
-        
+
+        let point_idx =
+            (idx / contour.hop_size as usize).min(contour.points.len().saturating_sub(1));
+
         if let Some(pt) = contour.points.get(point_idx) {
             if pt.voiced && pt.frequency_hz > 20.0 {
                 pitch_marks.push(idx);
Diff in /Users/josecosta/dev/sourdaw/.agents/worktrees/rustci/crates/daw-dsp/src/knead/pitch_edit.rs:208:
                 continue;
             }
         }
-        
+
         current_sample += sample_rate / 100.0; // 10ms default skip
     }
 
Diff in /Users/josecosta/dev/sourdaw/.agents/worktrees/rustci/crates/daw-dsp/src/knead/pitch_edit.rs:325:
         );
     }
 }
+
Diff in /Users/josecosta/dev/sourdaw/.agents/worktrees/rustci/crates/daw-dsp/src/knead/psola.rs:104:
         if center as f32 >= coord_end {
             break;
         }
-        let src_center = (center + input_offset).clamp(0, input.len().saturating_sub(1) as isize) as usize;
+        let src_center =
+            (center + input_offset).clamp(0, input.len().saturating_sub(1) as isize) as usize;
 
         // Nearest analysis mark to this output position.
         let mut nearest_idx = mark_hint;
Diff in /Users/josecosta/dev/sourdaw/.agents/worktrees/rustci/crates/daw-dsp/src/knead/psola.rs:150:
 
         let half_grain = target_period_samples.round() as isize;
         let start = (pm as isize - half_grain).max(0) as usize;
-        let end = (pm as isize + half_grain).min(input.len() as isize - 1).max(0) as usize;
+        let end = (pm as isize + half_grain)
+            .min(input.len() as isize - 1)
+            .max(0) as usize;
 
         if end <= start {
             out_t += target_period_samples;
Diff in /Users/josecosta/dev/sourdaw/.agents/worktrees/rustci/crates/daw-dsp/src/knead/utils.rs:21:
 /// Populates the provided slice with a Hann window.
 pub fn hann_window_inplace(window: &mut [f32]) {
     let n = window.len();
-    if n == 0 {return;}
+    if n == 0 {
+        return;
+    }
     if n == 1 {
         window[0] = 1.0;
         return;
Diff in /Users/josecosta/dev/sourdaw/.agents/worktrees/rustci/crates/daw-dsp/src/levain/engine.rs:905:
     fn window_peaks(samples: &[f32]) -> Vec<f32> {
         samples
             .chunks_exact(ENVELOPE_WINDOW)
-            .map(|window| window.iter().fold(0.0_f32, |acc, value| acc.max(value.abs())))
+            .map(|window| {
+                window
+                    .iter()
+                    .fold(0.0_f32, |acc, value| acc.max(value.abs()))
+            })
             .collect()
     }
 
Diff in /Users/josecosta/dev/sourdaw/.agents/worktrees/rustci/crates/daw-dsp/src/levain/realism/body.rs:33:
 /// Spec §2.1 + §2.2 — violin LPC mode frequencies (Princeton NBody / Smith, Cook).
 /// Q and gains are perceptually-tuned starting values.
 const VIOLIN_MODES: [BodyMode; 7] = [
-    mode(280.0, 12.0, 4.5),  // A0 (Helmholtz air mode)
-    mode(460.0, 10.0, 3.5),  // A1
-    mode(524.0, 9.0, 4.0),   // C2/3 cluster
-    mode(1156.0, 6.0, 3.0),  //
-    mode(1870.0, 5.0, 2.5),  //
-    mode(2302.0, 4.5, 2.0),  // bridge hill region
-    mode(2836.0, 4.0, 1.5),  //
+    mode(280.0, 12.0, 4.5), // A0 (Helmholtz air mode)
+    mode(460.0, 10.0, 3.5), // A1
+    mode(524.0, 9.0, 4.0),  // C2/3 cluster
+    mode(1156.0, 6.0, 3.0), //
+    mode(1870.0, 5.0, 2.5), //
+    mode(2302.0, 4.5, 2.0), // bridge hill region
+    mode(2836.0, 4.0, 1.5), //
 ];
 
 /// Viola modes — frequency-scaled from violin (~violin × 0.78).
Diff in /Users/josecosta/dev/sourdaw/.agents/worktrees/rustci/crates/daw-dsp/src/levain/realism/body.rs:76:
 ];
 
 /// Brass bell radiation — single broad "bridge hill" style peak.
-const BRASS_MODES: [BodyMode; 2] = [
-    mode(700.0, 1.5, 2.0),
-    mode(2500.0, 2.5, 4.0),
-];
+const BRASS_MODES: [BodyMode; 2] = [mode(700.0, 1.5, 2.0), mode(2500.0, 2.5, 4.0)];
 
 /// Woodwind body — gentler colouration around the bore tube formant.
-const WIND_MODES: [BodyMode; 2] = [
-    mode(900.0, 2.0, 2.0),
-    mode(2800.0, 2.5, 2.5),
-];
+const WIND_MODES: [BodyMode; 2] = [mode(900.0, 2.0, 2.0), mode(2800.0, 2.5, 2.5)];
 
 #[derive(Debug, Clone, Copy)]
 pub enum BodyPreset {
Diff in /Users/josecosta/dev/sourdaw/.agents/worktrees/rustci/crates/daw-dsp/src/levain/voice.rs:493:
             expr_slide: 0.0,
             base_gain: 1.0,
             tilt_lp: 0.0,
-            tilt_coeff: 1.0
-                - (-std::f32::consts::TAU * 1200.0 / sample_rate.max(1.0)).exp(),
+            tilt_coeff: 1.0 - (-std::f32::consts::TAU * 1200.0 / sample_rate.max(1.0)).exp(),
         }
     }
 
Diff in /Users/josecosta/dev/sourdaw/.agents/worktrees/rustci/crates/daw-dsp/src/levain/voice.rs:561:
         self.expr_bend_semitones = bend_semitones.clamp(-96.0, 96.0);
         self.expr_pressure = pressure.clamp(0.0, 1.0);
         self.expr_slide = slide.clamp(-1.0, 1.0);
-        self.gain.set_target(self.base_gain * (1.0 + self.expr_pressure));
+        self.gain
+            .set_target(self.base_gain * (1.0 + self.expr_pressure));
     }
 
     /// Start releasing this voice. The tail keeps sounding, but the voice is no
Diff in /Users/josecosta/dev/sourdaw/.agents/worktrees/rustci/crates/daw-dsp/src/levain/voice.rs:641:
         }
 
         let lfo = (self.vibrato_phase * std::f32::consts::TAU).sin();
-        let semitones =
-            (depth_cents / 100.0) * onset_gain * lfo + self.expr_bend_semitones;
+        let semitones = (depth_cents / 100.0) * onset_gain * lfo + self.expr_bend_semitones;
 
         self.playback.apply_pitch_mod(semitones);
         // The crossfade-in playback (active during legato transitions)
Diff in /Users/josecosta/dev/sourdaw/.agents/worktrees/rustci/crates/daw-dsp/src/lib.rs:1:
 pub mod bacteria;
+pub mod crumbs;
 pub mod crust;
 pub mod fermenter;
 pub mod gluten;
Diff in /Users/josecosta/dev/sourdaw/.agents/worktrees/rustci/crates/daw-dsp/src/lib.rs:8:
 pub mod levain;
 pub mod primitives;
 pub mod proof;
-pub mod crumbs;
 pub mod toaster;
 
 /// Install `console_error_panic_hook` once at wasm module init so a Rust panic
Diff in /Users/josecosta/dev/sourdaw/.agents/worktrees/rustci/crates/daw-dsp/src/primitives/denormal.rs:195:
         // so it cannot change silently.
         let flushed = flush_denormal(-0.0);
         assert_eq!(flushed, 0.0);
-        assert_eq!(flushed.to_bits(), 0_u32, "sign bit is dropped, not preserved");
+        assert_eq!(
+            flushed.to_bits(),
+            0_u32,
+            "sign bit is dropped, not preserved"
+        );
     }
 
     #[test]
Diff in /Users/josecosta/dev/sourdaw/.agents/worktrees/rustci/crates/daw-dsp/src/primitives/denormal.rs:238:
         // An f32 subnormal is a perfectly normal f64 and must survive.
         let f32_subnormal_as_f64 = f64::from(f32::from_bits(1));
         assert!(f32_subnormal_as_f64.is_normal());
-        assert_eq!(flush_denormal_f64(f32_subnormal_as_f64), f32_subnormal_as_f64);
+        assert_eq!(
+            flush_denormal_f64(f32_subnormal_as_f64),
+            f32_subnormal_as_f64
+        );
 
         assert_eq!(
             flush_denormal_f64(f64::MIN_POSITIVE).to_bits(),
Diff in /Users/josecosta/dev/sourdaw/.agents/worktrees/rustci/crates/daw-dsp/src/primitives/sanitize.rs:46:
         let scrubbed = sanitize_block(&mut block);
         assert_eq!(scrubbed, 0, "a finite block scrubs nothing");
         for (out, expected) in block.iter().zip(original.iter()) {
-            assert_eq!(out.to_bits(), expected.to_bits(), "finite samples stay bit-exact");
+            assert_eq!(
+                out.to_bits(),
+                expected.to_bits(),
+                "finite samples stay bit-exact"
+            );
         }
     }
 
Diff in /Users/josecosta/dev/sourdaw/.agents/worktrees/rustci/crates/daw-dsp/src/proof/biquad.rs:334:
     /// Largest single-sample jump inside a window — a zipper shows up here as a
     /// spike well above the tone's own natural slew.
     fn largest_step(samples: &[f32], from: usize, to: usize) -> f32 {
-        (from..to).fold(0.0_f32, |worst, i| worst.max((samples[i] - samples[i - 1]).abs()))
+        (from..to).fold(0.0_f32, |worst, i| {
+            worst.max((samples[i] - samples[i - 1]).abs())
+        })
     }
 
     fn render_instant_swap() -> Vec<f32> {
Diff in /Users/josecosta/dev/sourdaw/.agents/worktrees/rustci/crates/daw-dsp/src/proof/biquad.rs:415:
     fn smoother_reaches_its_target_and_latches() {
         let mut smoothed = SmoothedBiquadCoeffs::new(flat(), SAMPLE_RATE);
         smoothed.set_target(boosted());
-        assert!(!smoothed.is_settled(), "a fresh target must not read as settled");
+        assert!(
+            !smoothed.is_settled(),
+            "a fresh target must not read as settled"
+        );
 
         for _ in 0..RENDER_LEN {
             smoothed.next();
Diff in /Users/josecosta/dev/sourdaw/.agents/worktrees/rustci/crates/daw-dsp/src/proof/biquad.rs:553:
             "raw unguarded state {value:e} must be below the normal boundary {:e}",
             f32::MIN_POSITIVE
         );
-        assert!(value != 0.0, "raw unguarded state must be a nonzero subnormal");
         assert!(
+            value != 0.0,
+            "raw unguarded state must be a nonzero subnormal"
+        );
+        assert!(
             unguarded.y1 != 0.0 && !(unguarded.y1 as f32).is_normal(),
             "the stored state itself narrows to a subnormal f32 ({:e}), not just one \
              output sample — this is why the flush threshold is f32::MIN_POSITIVE and \
Diff in /Users/josecosta/dev/sourdaw/.agents/worktrees/rustci/crates/daw-dsp/src/proof/biquad.rs:615:
     }
 }
 
-
-
-
 #[cfg(test)]
 mod low_frequency_precision_tests {
     //! Proof's mastering biquads are Direct-Form-I, and a proposal was raised
Diff in /Users/josecosta/dev/sourdaw/.agents/worktrees/rustci/crates/daw-dsp/src/proof/biquad.rs:683:
     /// the tone: subtract the best-fit sinusoid and measure what is left.
     fn noise_floor_db(signal: &[f64], hz: f64, sr: f64) -> f64 {
         let (mag, phase) = bin(signal, hz, sr);
-        assert!(mag > 0.0, "probe tone vanished — the filter output is silent");
+        assert!(
+            mag > 0.0,
+            "probe tone vanished — the filter output is silent"
+        );
         let residual: Vec<f64> = signal
             .iter()
             .enumerate()
Diff in /Users/josecosta/dev/sourdaw/.agents/worktrees/rustci/crates/daw-dsp/src/proof/biquad.rs:790:
         let mut out = Vec::with_capacity(analyse);
         for n in 0..settle + analyse {
             let x = f64::from((0.5 * (2.0 * PI * tone_hz * n as f64 / sr).sin()) as f32);
-            let y = coeffs.b0 * x + coeffs.b1 * x1 + coeffs.b2 * x2 - coeffs.a1 * y1
-                - coeffs.a2 * y2;
+            let y =
+                coeffs.b0 * x + coeffs.b1 * x1 + coeffs.b2 * x2 - coeffs.a1 * y1 - coeffs.a2 * y2;
             x2 = x1;
             x1 = x;
             y2 = y1;
Diff in /Users/josecosta/dev/sourdaw/.agents/worktrees/rustci/crates/daw-dsp/src/proof/biquad.rs:812:
     fn assert_adds_no_noise(coeffs: &BiquadCoeffs, tone_hz: f64, sr: f64, pre_fix: &str) {
         let (shipped, _) = settled_response(coeffs, tone_hz, sr);
         let shipped_floor = noise_floor_db(&shipped, tone_hz, sr);
-        let ideal_floor = noise_floor_db(&ideal_reference_response(coeffs, tone_hz, sr), tone_hz, sr);
+        let ideal_floor =
+            noise_floor_db(&ideal_reference_response(coeffs, tone_hz, sr), tone_hz, sr);
         let excess = shipped_floor - ideal_floor;
         assert!(
             excess < EXCESS_NOISE_TOLERANCE_DB,
Diff in /Users/josecosta/dev/sourdaw/.agents/worktrees/rustci/crates/daw-dsp/src/proof/biquad.rs:993:
 
     /// Render a −6 dBFS tone through `step`, discard the transient, and return
     /// (realized gain in dB, noise floor in dB relative to the tone).
-    fn measure(coeffs: &BiquadCoeffs, tone_hz: f64, sr: f64, mut step: impl FnMut(f32) -> f32)
-        -> (f64, f64)
-    {
+    fn measure(
+        coeffs: &BiquadCoeffs,
+        tone_hz: f64,
+        sr: f64,
+        mut step: impl FnMut(f32) -> f32,
+    ) -> (f64, f64) {
         let settle = settle_samples(coeffs);
         let analyse = (200.0 * sr / tone_hz).round() as usize;
         let mut out = Vec::with_capacity(analyse);
Diff in /Users/josecosta/dev/sourdaw/.agents/worktrees/rustci/crates/daw-dsp/src/proof/biquad.rs:1083:
         // The payoff: production is not a compromise between the two, it
         // dominates both. `BiquadState` is the shipped f64 Direct-Form-I.
         use super::BiquadState;
-        for (sr, gain_db) in [(96_000.0, GAIN_DB), (48_000.0, GAIN_DB), (48_000.0, -GAIN_DB)] {
+        for (sr, gain_db) in [
+            (96_000.0, GAIN_DB),
+            (48_000.0, GAIN_DB),
+            (48_000.0, -GAIN_DB),
+        ] {
             let coeffs = BiquadCoeffs::peak(HZ, gain_db, Q, sr);
             let (df1_gain, df1_floor) = df1(&coeffs, HZ, sr);
             let (tdf2_gain, tdf2_floor) = tdf2(&coeffs, HZ, sr);
Diff in /Users/josecosta/dev/sourdaw/.agents/worktrees/rustci/crates/daw-dsp/src/proof/chain.rs:276:
     }
 }
 
-
 #[cfg(test)]
 mod latency_contract_tests {
     //! Wave 3 feeds `ProofInstance::get_latency_samples()` into host
Diff in /Users/josecosta/dev/sourdaw/.agents/worktrees/rustci/crates/daw-dsp/src/proof/dynamic_eq.rs:68:
             max_gain_db: 12.0,
             sc_bp_l: BiquadState::new(),
             sc_bp_r: BiquadState::new(),
-            sc_bp_coeffs: SmoothedBiquadCoeffs::new(
-                BiquadCoeffs::bandpass(freq, q, sr),
-                sr,
-            ),
+            sc_bp_coeffs: SmoothedBiquadCoeffs::new(BiquadCoeffs::bandpass(freq, q, sr), sr),
             eq_l: BiquadState::new(),
             eq_r: BiquadState::new(),
             eq_coeffs: SmoothedBiquadCoeffs::new(BiquadCoeffs::unity(), sr),
Diff in /Users/josecosta/dev/sourdaw/.agents/worktrees/rustci/crates/daw-dsp/src/proof/dynamic_eq.rs:152:
         // is transparent and continuous through the crossing.
         if (gr_db - self.designed_gr_db).abs() >= GR_REDESIGN_STEP_DB {
             self.designed_gr_db = gr_db;
-            let designed =
-                BiquadCoeffs::peak(self.freq, gr_db as f64, self.q, self.sample_rate);
+            let designed = BiquadCoeffs::peak(self.freq, gr_db as f64, self.q, self.sample_rate);
             self.eq_coeffs.set_target(designed);
         }
 
Diff in /Users/josecosta/dev/sourdaw/.agents/worktrees/rustci/crates/daw-dsp/src/proof/exciter.rs:252:
     }
 }
 
-
-
 #[cfg(test)]
 mod tests {
     use super::*;
Diff in /Users/josecosta/dev/sourdaw/.agents/worktrees/rustci/crates/daw-dsp/src/proof/exciter.rs:283:
     /// Residual high-frequency tilt is the dry interpolator's, not a comb.
     #[test]
     fn blend_response_has_no_comb_notch() {
-        for &f in &[500.0_f32, 1000.0, 2000.0, 3000.0, 3428.0, 4000.0, 6000.0, 8000.0] {
+        for &f in &[
+            500.0_f32, 1000.0, 2000.0, 3000.0, 3428.0, 4000.0, 6000.0, 8000.0,
+        ] {
             let ratio = blend_response_ratio(f);
             assert!(
                 (0.90..=1.05).contains(&ratio),
Diff in /Users/josecosta/dev/sourdaw/.agents/worktrees/rustci/crates/daw-dsp/src/proof/limiter.rs:270:
             } else {
                 release * self.current_gain + (1.0 - release) * required_gain
             };
-            self.gain_avg =
-                self.gain_avg_coeff * self.gain_avg + (1.0 - self.gain_avg_coeff) * self.current_gain;
+            self.gain_avg = self.gain_avg_coeff * self.gain_avg
+                + (1.0 - self.gain_avg_coeff) * self.current_gain;
 
             // Apply gain to delayed sample
             let dl = self.delay_l.pop_front().unwrap_or(0.0);
Diff in /Users/josecosta/dev/sourdaw/.agents/worktrees/rustci/crates/daw-dsp/src/proof/limiter.rs:607:
     }
 }
 
-
-
-
 #[cfg(test)]
 mod program_dependent_release_tests {
     //! A single fixed one-pole release cannot serve both jobs a
Diff in /Users/josecosta/dev/sourdaw/.agents/worktrees/rustci/crates/daw-dsp/src/proof/limiter.rs:719:
                 if a + frame > out.len() {
                     break;
                 }
-                let peak = out[a..a + frame].iter().fold(0.0f32, |m, &s| m.max(s.abs()));
+                let peak = out[a..a + frame]
+                    .iter()
+                    .fold(0.0f32, |m, &s| m.max(s.abs()));
                 if peak > 0.0 {
                     *sum += 20.0 * (peak as f64).log10();
                     *count += 1;
Diff in /Users/josecosta/dev/sourdaw/.agents/worktrees/rustci/crates/daw-dsp/src/proof/limiter.rs:881:
             for period_ms in [150.0f64, 400.0] {
                 let period = (period_ms * 0.001 * SR) as usize;
                 let out = render(&program(48_000 * 3, period), release_ms);
-                let peak = out[out.len() / 3..].iter().fold(0.0f32, |m, &s| m.max(s.abs()));
+                let peak = out[out.len() / 3..]
+                    .iter()
+                    .fold(0.0f32, |m, &s| m.max(s.abs()));
                 assert!(
                     peak <= CEILING,
                     "release {release_ms} ms with transients every {period_ms} ms let the \
Diff in /Users/josecosta/dev/sourdaw/.agents/worktrees/rustci/crates/daw-dsp/src/proof/metering.rs:943:
         -1.690_659_293_182_41,
         0.732_480_774_215_85,
     ];
-    const S2: [f64; 5] = [
-        1.0,
-        -2.0,
-        1.0,
-        -1.990_047_454_833_98,
-        0.990_072_250_366_88,
-    ];
+    const S2: [f64; 5] = [1.0, -2.0, 1.0, -1.990_047_454_833_98, 0.990_072_250_366_88];
 
     impl UnguardedKWeighting {
         fn process(&mut self, x: f64) -> f64 {
Diff in /Users/josecosta/dev/sourdaw/.agents/worktrees/rustci/crates/daw-dsp/src/proof/metering.rs:999:
             "raw unguarded state {value:e} must be below the f64 normal boundary {:e}",
             f64::MIN_POSITIVE
         );
-        assert!(value != 0.0, "raw unguarded state must be a nonzero subnormal");
         assert!(
+            value != 0.0,
+            "raw unguarded state must be a nonzero subnormal"
+        );
+        assert!(
             !unguarded.s2_y1.is_normal() && unguarded.s2_y1 != 0.0,
             "the stored stage-2 state ends subnormal, not just one output sample"
         );
Diff in /Users/josecosta/dev/sourdaw/.agents/worktrees/rustci/crates/daw-dsp/src/proof/metering.rs:1242:
             gated_integrated_lufs(&blocks).to_bits(),
             reference_integrated(&blocks).to_bits()
         );
-        assert_eq!(actual_lra(&blocks).to_bits(), reference_lra(&blocks).to_bits());
+        assert_eq!(
+            actual_lra(&blocks).to_bits(),
+            reference_lra(&blocks).to_bits()
+        );
     }
 
     #[test]
Diff in /Users/josecosta/dev/sourdaw/.agents/worktrees/rustci/crates/daw-dsp/src/proof/metering.rs:1464:
                 for &b in &full {
                     store.push(b);
                 }
-                let delta = (gated_integrated_lufs(store.as_slice())
-                    - reference_integrated(&full))
-                .abs();
+                let delta =
+                    (gated_integrated_lufs(store.as_slice()) - reference_integrated(&full)).abs();
                 if delta > worst {
                     worst = delta;
                     worst_case = (period, phase);
Diff in /Users/josecosta/dev/sourdaw/.agents/worktrees/rustci/crates/daw-dsp/src/proof/metering.rs:1752:
     //! number instead.
 
     use super::{
-        LoudnessRange, MAX_LOUDNESS_BLOCKS, QUANTILE_BIN_LU, QUANTILE_BINS, QUANTILE_MIN_LUFS,
+        LoudnessRange, MAX_LOUDNESS_BLOCKS, QUANTILE_BINS, QUANTILE_BIN_LU, QUANTILE_MIN_LUFS,
     };
 
     fn reference_lra(blocks: &[f32]) -> f32 {
Diff in /Users/josecosta/dev/sourdaw/.agents/worktrees/rustci/crates/daw-dsp/src/proof/metering.rs:1824:
         let max_block_lufs = -0.691 + 10.0 * max_mean_square.log10();
         // K-weighting can add a few dB of gain on top before the mean square is
         // taken, so leave room rather than sitting exactly on the bound.
-        let top_edge = f64::from(QUANTILE_MIN_LUFS)
-            + QUANTILE_BINS as f64 * f64::from(QUANTILE_BIN_LU);
+        let top_edge =
+            f64::from(QUANTILE_MIN_LUFS) + QUANTILE_BINS as f64 * f64::from(QUANTILE_BIN_LU);
         assert!(
             max_block_lufs + 20.0 < top_edge,
             "the loudest reachable block is {max_block_lufs:.1} LUFS but the bins stop at \
Diff in /Users/josecosta/dev/sourdaw/.agents/worktrees/rustci/crates/daw-dsp/src/proof/mod.rs:21:
 pub mod multiband;
 pub mod true_peak;
 
+use crate::primitives::sanitize_block;
 use chain::ProofChain;
 use wasm_bindgen::prelude::*;
-use crate::primitives::sanitize_block;
 
 const NUM_MODULES: usize = 5;
 const NUM_TAPS: usize = 6;
Diff in /Users/josecosta/dev/sourdaw/.agents/worktrees/rustci/crates/daw-dsp/src/toaster/adaa.rs:14:
 /// - `xprev`: previous input sample
 /// - `f_xn`: direct evaluation of the nonlinearity at current input (fallback for small dx)
 #[inline]
-pub fn adaa_first_order(
-    f1_xn: f32,
-    f1_xprev: f32,
-    xn: f32,
-    xprev: f32,
-    f_xn: f32,
-) -> f32 {
+pub fn adaa_first_order(f1_xn: f32, f1_xprev: f32, xn: f32, xprev: f32, f_xn: f32) -> f32 {
     let dx = xn - xprev;
     if dx.abs() > 1e-7 {
         (f1_xn - f1_xprev) / dx
Diff in /Users/josecosta/dev/sourdaw/.agents/worktrees/rustci/crates/daw-dsp/src/toaster/adaa.rs:165:
         // For 1 Hz input at 48 kHz, per-sample change is tiny (~1.3e-4 per sample).
         // Maximum absolute error should be well below 1e-3 (excluding zero-crossing transients).
         // We verify the output is well-behaved (bounded and finite — checked above).
-        assert!(
-            adaa_energy > 0.0,
-            "ADAA output energy should be non-zero"
-        );
+        assert!(adaa_energy > 0.0, "ADAA output energy should be non-zero");
     }
 }
 
Diff in /Users/josecosta/dev/sourdaw/.agents/worktrees/rustci/crates/daw-dsp/src/toaster/engine.rs:170:
         // Ping-pong: left feedback from right, right from left
         let next_l = settle_effect_state(input + tap_r * self.feedback);
         let next_r = settle_effect_state(input + tap_l * self.feedback);
-        replace_active_sample(
-            &mut self.active_samples,
-            self.buf_l[self.write_pos],
-            next_l,
-        );
-        replace_active_sample(
-            &mut self.active_samples,
-            self.buf_r[self.write_pos],
-            next_r,
-        );
+        replace_active_sample(&mut self.active_samples, self.buf_l[self.write_pos], next_l);
+        replace_active_sample(&mut self.active_samples, self.buf_r[self.write_pos], next_r);
         self.buf_l[self.write_pos] = next_l;
         self.buf_r[self.write_pos] = next_r;
 
Diff in /Users/josecosta/dev/sourdaw/.agents/worktrees/rustci/crates/daw-dsp/src/toaster/engines/clap_808.rs:112:
         let noise = xorshift_noise(&mut self.noise_state);
 
         // BPF at ~1000 Hz (SVF)
-        let bpf_out = svf_bandpass_clap(noise, 1000.0, 1.5, sample_rate, &mut self.bp_ic1, &mut self.bp_ic2);
+        let bpf_out = svf_bandpass_clap(
+            noise,
+            1000.0,
+            1.5,
+            sample_rate,
+            &mut self.bp_ic1,
+            &mut self.bp_ic2,
+        );
 
         let mut burst_out = 0.0_f32;
         let mut tail_out = 0.0_f32;
Diff in /Users/josecosta/dev/sourdaw/.agents/worktrees/rustci/crates/daw-dsp/src/toaster/engines/clap_808.rs:122:
                 self.active = false;
                 return 0.0;
             }
-            ClapState::Burst { burst_idx, burst_phase: _ } => {
+            ClapState::Burst {
+                burst_idx,
+                burst_phase: _,
+            } => {
                 let idx = *burst_idx;
 
                 // Diminishing burst amplitudes: 1.0, 0.7, 0.45
Diff in /Users/josecosta/dev/sourdaw/.agents/worktrees/rustci/crates/daw-dsp/src/toaster/engines/clap_808.rs:151:
                     } else {
                         // Final 20ms discharge + start tail
                         self.tail_env = self.velocity * 0.3;
-                        self.state = ClapState::Tail { env: self.velocity * 0.3 };
+                        self.state = ClapState::Tail {
+                            env: self.velocity * 0.3,
+                        };
                     }
                 }
             }
Diff in /Users/josecosta/dev/sourdaw/.agents/worktrees/rustci/crates/daw-dsp/src/toaster/engines/clap_808.rs:255:
             })
             .sum();
 
-        assert!(energy > 0.001, "Clap burst window should have energy > 0.001, got {energy}");
+        assert!(
+            energy > 0.001,
+            "Clap burst window should have energy > 0.001, got {energy}"
+        );
     }
 }
 
Diff in /Users/josecosta/dev/sourdaw/.agents/worktrees/rustci/crates/daw-dsp/src/toaster/engines/clap_909.rs:222:
         }
 
         for (i, &e) in burst_energies.iter().enumerate() {
-            assert!(
-                e > 1e-6,
-                "Burst {i} should have energy, got {e}"
-            );
+            assert!(e > 1e-6, "Burst {i} should have energy, got {e}");
         }
     }
 }
Diff in /Users/josecosta/dev/sourdaw/.agents/worktrees/rustci/crates/daw-dsp/src/toaster/engines/cr78.rs:92:
         bridged_t.update_coefficients(r_eff, r_shunt, c1, c2, sample_rate);
 
         Self {
-            mode: Cr78Mode::Drum { r_eff, r_shunt, c1, c2, decay_s },
+            mode: Cr78Mode::Drum {
+                r_eff,
+                r_shunt,
+                c1,
+                c2,
+                decay_s,
+            },
             bridged_t,
             osc1: PolyBlepSquare::new(100.0),
             osc2: PolyBlepSquare::new(200.0),
Diff in /Users/josecosta/dev/sourdaw/.agents/worktrees/rustci/crates/daw-dsp/src/toaster/engines/cr78.rs:119:
         // Default metallic beat: three square waves through RLC at ~700 Hz, Q≈12
         Self::new_metallic_with_params(
             sample_rate,
-            300.0, 420.0, 550.0, // three square wave freqs
-            700.0, 12.0,          // RLC center + Q
-            0.3,                  // decay_s
+            300.0,
+            420.0,
+            550.0, // three square wave freqs
+            700.0,
+            12.0, // RLC center + Q
+            0.3,  // decay_s
         )
     }
 
Diff in /Users/josecosta/dev/sourdaw/.agents/worktrees/rustci/crates/daw-dsp/src/toaster/engines/cr78.rs:137:
         let (b0, b1, b2, a1, a2) = compute_rlc_biquad(rlc_freq, rlc_q, sample_rate);
 
         Self {
-            mode: Cr78Mode::Metallic { freq1, freq2, freq3, rlc_freq, rlc_q, decay_s },
+            mode: Cr78Mode::Metallic {
+                freq1,
+                freq2,
+                freq3,
+                rlc_freq,
+                rlc_q,
+                decay_s,
+            },
             bridged_t: BridgedTFilter::new(),
             osc1: PolyBlepSquare::new(freq1),
             osc2: PolyBlepSquare::new(freq2),
Diff in /Users/josecosta/dev/sourdaw/.agents/worktrees/rustci/crates/daw-dsp/src/toaster/engines/cr78.rs:172:
         self.amp_decay_coeff = (-1.0 / (decay_s * sample_rate)).exp();
 
         match &self.mode {
-            Cr78Mode::Drum { r_eff, r_shunt, c1, c2, .. } => {
+            Cr78Mode::Drum {
+                r_eff,
+                r_shunt,
+                c1,
+                c2,
+                ..
+            } => {
                 let (r_eff, r_shunt, c1, c2) = (*r_eff, *r_shunt, *c1, *c2);
                 self.bridged_t.reset();
-                self.bridged_t.update_coefficients(r_eff, r_shunt, c1, c2, sample_rate);
+                self.bridged_t
+                    .update_coefficients(r_eff, r_shunt, c1, c2, sample_rate);
             }
-            Cr78Mode::Metallic { freq1, freq2, freq3, rlc_freq, rlc_q, .. } => {
+            Cr78Mode::Metallic {
+                freq1,
+                freq2,
+                freq3,
+                rlc_freq,
+                rlc_q,
+                ..
+            } => {
                 let (f1, f2, f3, rf, rq) = (*freq1, *freq2, *freq3, *rlc_freq, *rlc_q);
                 let tune_ratio = (self.tune / 12.0_f32).exp2();
                 self.osc1.set_freq(f1 * tune_ratio);
Diff in /Users/josecosta/dev/sourdaw/.agents/worktrees/rustci/crates/daw-dsp/src/toaster/engines/hihat_808.rs:46:
     dc_block: DcBlocker,
 
     // Parameters
-    tune: f32,   // semitones
-    decay: f32,  // 0..1 normalized
-    tone: f32,   // 0..1: mix between BPF1 and BPF2
+    tune: f32,  // semitones
+    decay: f32, // 0..1 normalized
+    tone: f32,  // 0..1: mix between BPF1 and BPF2
     is_open: bool,
     sample_rate: f32,
 }
Diff in /Users/josecosta/dev/sourdaw/.agents/worktrees/rustci/crates/daw-dsp/src/toaster/engines/hihat_909.rs:40:
     dc_block: DcBlocker,
 
     // Parameters
-    tune: f32,    // semitones (affects playback rate)
-    decay: f32,   // 0..1
+    tune: f32,  // semitones (affects playback rate)
+    decay: f32, // 0..1
     is_open: bool,
 
     active: bool,
Diff in /Users/josecosta/dev/sourdaw/.agents/worktrees/rustci/crates/daw-dsp/src/toaster/engines/hihat_909.rs:220:
         let tuned: Vec<f32> = (0..100).map(|_| engine_tuned.tick(sample_rate)).collect();
 
         // The two should be different (different playback speeds)
-        let diff_rms = (normal.iter()
+        let diff_rms = (normal
+            .iter()
             .zip(tuned.iter())
             .map(|(a, b)| (a - b) * (a - b))
             .sum::<f32>()
Diff in /Users/josecosta/dev/sourdaw/.agents/worktrees/rustci/crates/daw-dsp/src/toaster/engines/kick_808.rs:65:
     // Feedback buffer state (first-order high-shelf, decay-controlled)
     fb_state: f32,
     fb_gain: f32,
-    fb_hs_state: f32,  // LPF state for high-shelf computation
-    fb_hs_coeff: f32,  // one-pole LPF coeff for shelf at ~800 Hz
+    fb_hs_state: f32, // LPF state for high-shelf computation
+    fb_hs_coeff: f32, // one-pole LPF coeff for shelf at ~800 Hz
 
     // Pulse shaper ADAA state
     ps_xprev: f32,
Diff in /Users/josecosta/dev/sourdaw/.agents/worktrees/rustci/crates/daw-dsp/src/toaster/engines/kick_808.rs:136:
         };
 
         // Initialize bridged-T at resting R_eff
-        engine.bridged_t.update_coefficients(
-            r_eff_rest,
-            r167,
-            c41,
-            c42,
-            sample_rate,
-        );
+        engine
+            .bridged_t
+            .update_coefficients(r_eff_rest, r167, c41, c42, sample_rate);
 
         engine
     }
Diff in /Users/josecosta/dev/sourdaw/.agents/worktrees/rustci/crates/daw-dsp/src/toaster/engines/kick_808.rs:198:
                 * (1.0 - self.pitch_env * (1.0 - self.sigh_phase));
 
         // Per-sample coefficient update (critical during attack phase)
-        self.bridged_t.update_coefficients(r_eff, self.r167, self.c41, self.c42, sample_rate);
+        self.bridged_t
+            .update_coefficients(r_eff, self.r167, self.c41, self.c42, sample_rate);
 
         // --- Pulse shaper excitation ---
         // Accent: trigger voltage scales pulse amplitude (5V unaccented, 15V full accent)
Diff in /Users/josecosta/dev/sourdaw/.agents/worktrees/rustci/crates/daw-dsp/src/toaster/engines/kick_808.rs:230:
         // First-order high-shelf in feedback path: y = x + hs_gain * (x - lpf(x))
         // hs_gain scales with decay: higher decay → more high-frequency boost → longer sustain
         let hs_gain = self.decay * 0.5; // 0..0.5 range
-        let lpf_out = self.fb_hs_coeff * self.fb_hs_state
-            + (1.0 - self.fb_hs_coeff) * resonator_clipped;
+        let lpf_out =
+            self.fb_hs_coeff * self.fb_hs_state + (1.0 - self.fb_hs_coeff) * resonator_clipped;
         self.fb_hs_state = lpf_out;
         self.fb_state = resonator_clipped + hs_gain * (resonator_clipped - lpf_out);
 
Diff in /Users/josecosta/dev/sourdaw/.agents/worktrees/rustci/crates/daw-dsp/src/toaster/engines/kick_808.rs:350:
 
         // Collect first 256 samples and compare RMS — should differ due to different fc
         let collect = |engine: &mut Kick808Engine| {
-            (0..256).map(|_| engine.tick(sample_rate)).collect::<Vec<_>>()
+            (0..256)
+                .map(|_| engine.tick(sample_rate))
+                .collect::<Vec<_>>()
         };
         let s1 = collect(&mut e1);
         let s2 = collect(&mut e2);
Diff in /Users/josecosta/dev/sourdaw/.agents/worktrees/rustci/crates/daw-dsp/src/toaster/engines/kick_808.rs:357:
-        let diff_rms = (s1.iter()
+        let diff_rms = (s1
+            .iter()
             .zip(s2.iter())
             .map(|(a, b)| (a - b) * (a - b))
             .sum::<f32>()
Diff in /Users/josecosta/dev/sourdaw/.agents/worktrees/rustci/crates/daw-dsp/src/toaster/engines/kick_909.rs:11:
 
 use super::lfsr::Lfsr31;
 use crate::primitives::flush_denormal_in_place;
-use crate::toaster::adaa::{antiderivative_tanh, adaa_first_order};
+use crate::toaster::adaa::{adaa_first_order, antiderivative_tanh};
 use crate::toaster::dc_block::DcBlocker;
 
 const RESTING_FREQ: f32 = 55.0; // Hz (~55 Hz default resting pitch)
Diff in /Users/josecosta/dev/sourdaw/.agents/worktrees/rustci/crates/daw-dsp/src/toaster/engines/kick_909.rs:51:
 
     // Parameters
     decay: f32,
-    tune: f32,    // semitones
-    attack: f32,  // click attack amount 0..1
+    tune: f32,   // semitones
+    attack: f32, // click attack amount 0..1
 
     active: bool,
     sample_rate: f32,
Diff in /Users/josecosta/dev/sourdaw/.agents/worktrees/rustci/crates/daw-dsp/src/toaster/engines/kick_909.rs:263:
             assert!(
                 (first_10[i] - second_10[i]).abs() < 1e-5,
                 "Trigger phase reset mismatch at sample {i}: {} vs {}",
-                first_10[i], second_10[i]
+                first_10[i],
+                second_10[i]
             );
         }
     }
Diff in /Users/josecosta/dev/sourdaw/.agents/worktrees/rustci/crates/daw-dsp/src/toaster/engines/lfsr.rs:90:
         for i in 0..10_000 {
             let va = a.step();
             let vb = b.step();
-            assert_eq!(
-                va, vb,
-                "LFSR mismatch at step {i}: {va} != {vb}"
-            );
+            assert_eq!(va, vb, "LFSR mismatch at step {i}: {va} != {vb}");
         }
     }
 
Diff in /Users/josecosta/dev/sourdaw/.agents/worktrees/rustci/crates/daw-dsp/src/toaster/engines/mod.rs:182:
             DrumEngineType::Maracas808 => {
                 Self::Maracas808(Perc808Engine::new(sample_rate, Perc808Mode::Maracas))
             }
-            DrumEngineType::Cr78Drum => {
-                Self::Cr78Drum(Cr78Engine::new_drum(sample_rate))
-            }
+            DrumEngineType::Cr78Drum => Self::Cr78Drum(Cr78Engine::new_drum(sample_rate)),
             DrumEngineType::Cr78Metallic => {
                 Self::Cr78Metallic(Cr78Engine::new_metallic(sample_rate))
             }
Diff in /Users/josecosta/dev/sourdaw/.agents/worktrees/rustci/crates/daw-dsp/src/toaster/engines/perc_808.rs:93:
         let clave_c2 = cap(CLAVE_C2_NOM, &mut state);
 
         let mut clave_filter = BridgedTFilter::new();
-        clave_filter.update_coefficients(clave_r_eff, clave_r_shunt, clave_c1, clave_c2, sample_rate);
+        clave_filter.update_coefficients(
+            clave_r_eff,
+            clave_r_shunt,
+            clave_c1,
+            clave_c2,
+            sample_rate,
+        );
 
         // Rimshot bridged-T component values derived from target frequencies
         // fc = 1/(2π√(R_eff × R_shunt × C1 × C2))
Diff in /Users/josecosta/dev/sourdaw/.agents/worktrees/rustci/crates/daw-dsp/src/toaster/engines/perc_808.rs:198:
         self.cowbell_osc1.set_freq(COWBELL_FREQ1 * tune_ratio);
         self.cowbell_osc2.set_freq(COWBELL_FREQ2 * tune_ratio);
 
-        let osc_sum = (self.cowbell_osc1.tick(sample_rate) + self.cowbell_osc2.tick(sample_rate)) * 0.5;
+        let osc_sum =
+            (self.cowbell_osc1.tick(sample_rate) + self.cowbell_osc2.tick(sample_rate)) * 0.5;
 
         // BPF at ~850 Hz, Q=4.25
         svf_bandpass_cowbell(
Diff in /Users/josecosta/dev/sourdaw/.agents/worktrees/rustci/crates/daw-dsp/src/toaster/engines/snare_808.rs:93:
         lower_osc.update_coefficients(r196, r197, c58, c59, sample_rate);
         upper_osc.update_coefficients(r195, r198, c60, c61, sample_rate);
 
-        let (hpf_b0, hpf_b1, hpf_b2, hpf_a1, hpf_a2) =
-            compute_hpf_biquad(SK_HPF_FREQ, sample_rate);
+        let (hpf_b0, hpf_b1, hpf_b2, hpf_a1, hpf_a2) = compute_hpf_biquad(SK_HPF_FREQ, sample_rate);
 
         Self {
             lower_osc,
Diff in /Users/josecosta/dev/sourdaw/.agents/worktrees/rustci/crates/daw-dsp/src/toaster/engines/snare_808.rs:144:
         self.dc_block.reset();
 
         // Recalculate coefficients with current sample_rate
-        self.lower_osc.update_coefficients(self.r196, self.r197, self.c58, self.c59, sample_rate);
-        self.upper_osc.update_coefficients(self.r195, self.r198, self.c60, self.c61, sample_rate);
+        self.lower_osc
+            .update_coefficients(self.r196, self.r197, self.c58, self.c59, sample_rate);
+        self.upper_osc
+            .update_coefficients(self.r195, self.r198, self.c60, self.c61, sample_rate);
     }
 
     pub fn release(&mut self) {
Diff in /Users/josecosta/dev/sourdaw/.agents/worktrees/rustci/crates/daw-dsp/src/toaster/engines/snare_808.rs:261:
     #[test]
     fn snare_808_oscillator_frequencies() {
         // Calculate expected fc for lower oscillator
-        let fc_lower = 1.0
-            / (2.0
-                * core::f32::consts::PI
-                * (R196_NOM * R197_NOM * C58_NOM * C59_NOM).sqrt());
-        let fc_upper = 1.0
-            / (2.0
-                * core::f32::consts::PI
-                * (R195_NOM * R198_NOM * C60_NOM * C61_NOM).sqrt());
+        let fc_lower =
+            1.0 / (2.0 * core::f32::consts::PI * (R196_NOM * R197_NOM * C58_NOM * C59_NOM).sqrt());
+        let fc_upper =
+            1.0 / (2.0 * core::f32::consts::PI * (R195_NOM * R198_NOM * C60_NOM * C61_NOM).sqrt());
 
         assert!(
             (fc_lower - 173.0).abs() < 10.0,
Diff in /Users/josecosta/dev/sourdaw/.agents/worktrees/rustci/crates/daw-dsp/src/toaster/engines/tom_808.rs:88:
     dc_block: DcBlocker,
 
     // Parameters
-    tune: f32, // semitones
+    tune: f32,  // semitones
     decay: f32, // 0..1 normalized scale on base decay
 
     active: bool,
Diff in /Users/josecosta/dev/sourdaw/.agents/worktrees/rustci/crates/daw-dsp/src/toaster/engines/tom_808.rs:143:
         self.diode_r = 0.0;
         self.dc_block.reset();
 
-        self.bridged_t.update_coefficients(self.r_eff, self.r_shunt, self.c1, self.c2, sample_rate);
+        self.bridged_t
+            .update_coefficients(self.r_eff, self.r_shunt, self.c1, self.c2, sample_rate);
     }
 
     pub fn release(&mut self) {}
Diff in /Users/josecosta/dev/sourdaw/.agents/worktrees/rustci/crates/daw-dsp/src/toaster/engines/tom_808.rs:161:
         self.diode_r = self.diode_r * 0.999 + diode_model * 0.001; // smooth
         let r_eff_current = self.r_eff + self.diode_r;
 
-        self.bridged_t.update_coefficients(r_eff_current, self.r_shunt, self.c1, self.c2, sample_rate);
+        self.bridged_t.update_coefficients(
+            r_eff_current,
+            self.r_shunt,
+            self.c1,
+            self.c2,
+            sample_rate,
+        );
 
         let excitation = self.amp_env + self.fb_state * 0.15;
         let out = self.bridged_t.process(excitation);
Diff in /Users/josecosta/dev/sourdaw/.agents/worktrees/rustci/crates/daw-dsp/src/toaster/lofi.rs:157:
             sleeping.process_block(&mut sleeping_left, &mut sleeping_right, SAMPLE_RATE);
 
             assert_eq!(continuous_left, sleeping_left, "left at {target_rate} Hz");
-            assert_eq!(continuous_right, sleeping_right, "right at {target_rate} Hz");
+            assert_eq!(
+                continuous_right, sleeping_right,
+                "right at {target_rate} Hz"
+            );
         }
     }
 }
Diff in /Users/josecosta/dev/sourdaw/.agents/worktrees/rustci/crates/daw-dsp/src/toaster/mod.rs:196:
             }
         }
 
-        assert!(saw_effect_tail, "the reverb tail must outlive its drum voice");
-        assert!(reached_sleep, "the finite reverb tail must eventually settle");
+        assert!(
+            saw_effect_tail,
+            "the reverb tail must outlive its drum voice"
+        );
+        assert!(
+            reached_sleep,
+            "the finite reverb tail must eventually settle"
+        );
     }
 
     #[test]
Diff in /Users/josecosta/dev/sourdaw/.agents/worktrees/rustci/crates/daw-dsp/src/toaster/mod.rs:225:
             saw_hidden_tail,
             "delay state must remain managed even while its wet output is muted"
         );
-        assert!(reached_sleep, "the finite muted delay tail must eventually settle");
+        assert!(
+            reached_sleep,
+            "the finite muted delay tail must eventually settle"
+        );
     }
 
     #[test]
Diff in /Users/josecosta/dev/sourdaw/.agents/worktrees/rustci/crates/daw-dsp/src/toaster/mu_law.rs:10:
 /// Magnitude is bits 0..6.
 pub fn mu_law_expand(compressed: u8) -> f32 {
     let mu: f32 = 255.0;
-    let sign = if compressed & 0x80 != 0 { -1.0_f32 } else { 1.0 };
+    let sign = if compressed & 0x80 != 0 {
+        -1.0_f32
+    } else {
+        1.0
+    };
     let magnitude = (compressed & 0x7F) as f32 / 127.0;
     sign * (1.0 / mu) * ((1.0 + mu).powf(magnitude) - 1.0)
 }
Diff in /Users/josecosta/dev/sourdaw/.agents/worktrees/rustci/crates/daw-dsp/src/toaster/mu_law.rs:35:
     #[test]
     fn mu_law_zero_maps_to_zero() {
         let v = mu_law_expand(0x00);
-        assert!(
-            v.abs() < 0.01,
-            "mu_law_expand(0x00) = {v}, expected ≈ 0.0"
-        );
+        assert!(v.abs() < 0.01, "mu_law_expand(0x00) = {v}, expected ≈ 0.0");
     }
 
     /// mu_law_expand(0x7F) should be close to +full-scale.
Diff in /Users/josecosta/dev/sourdaw/.agents/worktrees/rustci/crates/daw-dsp/src/toaster/poly_blep.rs:91:
         // Approximate: check that all samples are bounded in [-1.5, 1.5]
         // (PolyBLEP correction can slightly exceed 1 during transitions)
         for (i, &s) in samples.iter().enumerate() {
-            assert!(
-                s.abs() <= 1.5,
-                "Sample {i} out of range: {s}"
-            );
+            assert!(s.abs() <= 1.5, "Sample {i} out of range: {s}");
             assert!(!s.is_nan(), "NaN at sample {i}");
         }
 
Diff in /Users/josecosta/dev/sourdaw/.agents/worktrees/rustci/crates/daw-dsp/src/toaster/poly_blep.rs:127:
         // Naive square has energy at odd harmonics including those above Nyquist,
         // which alias back. We just verify it has non-zero energy (sanity check).
         let rms = (naive_samples.iter().map(|x| x * x).sum::<f32>() / n_samples as f32).sqrt();
-        assert!(rms > 0.5, "Naive square should have non-zero RMS, got {rms}");
+        assert!(
+            rms > 0.5,
+            "Naive square should have non-zero RMS, got {rms}"
+        );
     }
 }
 
Diff in /Users/josecosta/dev/sourdaw/.agents/worktrees/rustci/crates/daw-dsp/src/toaster/sp1200.rs:69:
     cheby_pole_a1: f32,
 
     // Parameters
-    semitones: f32,       // pitch shift in semitones
-    output_rate: f32,     // host sample rate (for ZOH period calculation)
+    semitones: f32,   // pitch shift in semitones
+    output_rate: f32, // host sample rate (for ZOH period calculation)
 }
 
 impl Sp1200Effect {
Diff in /Users/josecosta/dev/sourdaw/.agents/worktrees/rustci/crates/daw-dsp/src/toaster/sp1200.rs:169:
     fn process_chebyshev(&mut self, input: f32) -> f32 {
         // Biquad 1
         let v1 = self.cheby_biquad1_b0 * input + self.cheby_biquad1_s1;
-        self.cheby_biquad1_s1 = self.cheby_biquad1_b1 * input
-            - self.cheby_biquad1_a1 * v1
-            + self.cheby_biquad1_s2;
-        self.cheby_biquad1_s2 =
-            self.cheby_biquad1_b2 * input - self.cheby_biquad1_a2 * v1;
+        self.cheby_biquad1_s1 =
+            self.cheby_biquad1_b1 * input - self.cheby_biquad1_a1 * v1 + self.cheby_biquad1_s2;
+        self.cheby_biquad1_s2 = self.cheby_biquad1_b2 * input - self.cheby_biquad1_a2 * v1;
 
         // Biquad 2
         let v2 = self.cheby_biquad2_b0 * v1 + self.cheby_biquad2_s1;
Diff in /Users/josecosta/dev/sourdaw/.agents/worktrees/rustci/crates/daw-dsp/src/toaster/sp1200.rs:180:
-        self.cheby_biquad2_s1 = self.cheby_biquad2_b1 * v1
-            - self.cheby_biquad2_a1 * v2
-            + self.cheby_biquad2_s2;
-        self.cheby_biquad2_s2 =
-            self.cheby_biquad2_b2 * v1 - self.cheby_biquad2_a2 * v2;
+        self.cheby_biquad2_s1 =
+            self.cheby_biquad2_b1 * v1 - self.cheby_biquad2_a1 * v2 + self.cheby_biquad2_s2;
+        self.cheby_biquad2_s2 = self.cheby_biquad2_b2 * v1 - self.cheby_biquad2_a2 * v2;
 
         // One-pole
         self.cheby_pole_state =
Diff in /Users/josecosta/dev/sourdaw/.agents/worktrees/rustci/crates/daw-dsp/src/toaster/sp1200.rs:224:
 /// approximation with equivalent filter structure.)
 struct EllipticFilter {
     sections: [(f32, f32, f32, f32, f32); 4], // (b0, b1, b2, a1, a2)
-    states: [(f32, f32); 4],                   // (s1, s2) per section
+    states: [(f32, f32); 4],                  // (s1, s2) per section
 }
 
 impl EllipticFilter {
Diff in /Users/josecosta/dev/sourdaw/.agents/worktrees/rustci/crates/daw-dsp/src/toaster/voice.rs:145:
         }
         // Set open/closed state BEFORE trigger so HiHat engines read the correct
         // flag when computing their decay coefficient in trigger().
-        self.engine.set_param("open", if is_open { 1.0 } else { 0.0 });
+        self.engine
+            .set_param("open", if is_open { 1.0 } else { 0.0 });
         self.engine.trigger(velocity, sample_rate);
 
         // Setup filter
Diff in /Users/josecosta/dev/sourdaw/.agents/worktrees/rustci/crates/daw-dsp/tests/bacteria_distortion_modes.rs:355:
             let left = instance.get_input_left_ptr();
             let right = instance.get_input_right_ptr();
             for i in 0..BLOCK {
-                let value = if block * BLOCK + i == impulse_at { 1.0 } else { 0.0 };
+                let value = if block * BLOCK + i == impulse_at {
+                    1.0
+                } else {
+                    0.0
+                };
                 *left.add(i) = value;
                 *right.add(i) = value;
             }
Diff in /Users/josecosta/dev/sourdaw/.agents/worktrees/rustci/crates/daw-dsp/tests/crumbs_mode_triggering.rs:171:
     note_on(&mut untouched, 36, 100);
     let default_pad = render_second_block(&mut untouched);
 
-    assert_proportional_to(&assigned_pad, &flat_pcm(BLOCK, 0.5), "explicitly assigned pad 0");
     assert_proportional_to(
+        &assigned_pad,
+        &flat_pcm(BLOCK, 0.5),
+        "explicitly assigned pad 0",
+    );
+    assert_proportional_to(
         &default_pad,
         &loaded_pcm[BLOCK..2 * BLOCK],
         "pad 0 left holding the loaded sample",
Diff in /Users/josecosta/dev/sourdaw/.agents/worktrees/rustci/crates/daw-dsp/tests/crumbs_mode_triggering.rs:241:
     note_on(&mut engine, 52, 100);
     let out = render(&mut engine, BLOCK);
 
-    assert_eq!(peak(&out), 0.0, "a note past the sixteenth slice still sounded");
+    assert_eq!(
+        peak(&out),
+        0.0,
+        "a note past the sixteenth slice still sounded"
+    );
     // Silence alone is weak here: a slice computed past the end of the sample
     // reads zeros and sounds identical to no slice at all, while still burning
     // a voice. The upper bound is what stops the voice being allocated.
Diff in /Users/josecosta/dev/sourdaw/.agents/worktrees/rustci/crates/daw-dsp/tests/crumbs_mode_triggering.rs:281:
     note_on(&mut engine, 36, 100);
     let out = render(&mut engine, BLOCK);
 
-    assert_eq!(peak(&out), 0.0, "a note produced audio with an empty sample pool");
-    assert_eq!(engine.read_active_voice_count(), 0, "a voice was allocated with nothing to play");
+    assert_eq!(
+        peak(&out),
+        0.0,
+        "a note produced audio with an empty sample pool"
+    );
+    assert_eq!(
+        engine.read_active_voice_count(),
+        0,
+        "a voice was allocated with nothing to play"
+    );
 }
 
 #[test]
Diff in /Users/josecosta/dev/sourdaw/.agents/worktrees/rustci/crates/daw-dsp/tests/crumbs_mode_triggering.rs:293:
     note_on(&mut engine, 36, 100);
     let out = render(&mut engine, BLOCK);
 
-    assert_eq!(peak(&out), 0.0, "a slice note produced audio with an empty sample pool");
+    assert_eq!(
+        peak(&out),
+        0.0,
+        "a slice note produced audio with an empty sample pool"
+    );
 }
 
 #[test]
Diff in /Users/josecosta/dev/sourdaw/.agents/worktrees/rustci/crates/daw-dsp/tests/crumbs_mode_triggering.rs:307:
     note_on(&mut engine, 24, 100);
     let out = render(&mut engine, BLOCK);
 
-    assert_eq!(peak(&out), 0.0, "a note below the pad grid still triggered a voice");
+    assert_eq!(
+        peak(&out),
+        0.0,
+        "a note below the pad grid still triggered a voice"
+    );
 }
 
 // ── Slice start and end frames ─────────────────────────────────────────
Diff in /Users/josecosta/dev/sourdaw/.agents/worktrees/rustci/crates/daw-dsp/tests/crumbs_mode_triggering.rs:319:
     // Three slices over the sample: [0,512), [512,1024), [1024,1024+…).
     // `set_markers_from_onsets` maps them to notes 36, 37, 38.
     let mut first = engine_with(pcm.clone(), CrumbsMode::Slice);
-    first.slice_mode_mut().set_markers_from_onsets(&[0, 512, 1024], pcm.len() as u32);
+    first
+        .slice_mode_mut()
+        .set_markers_from_onsets(&[0, 512, 1024], pcm.len() as u32);
     note_on(&mut first, 37, 100);
     let second_slice = render(&mut first, BLOCK);
 
Diff in /Users/josecosta/dev/sourdaw/.agents/worktrees/rustci/crates/daw-dsp/tests/crumbs_mode_triggering.rs:326:
     let mut third = engine_with(pcm.clone(), CrumbsMode::Slice);
-    third.slice_mode_mut().set_markers_from_onsets(&[0, 512, 1024], pcm.len() as u32);
+    third
+        .slice_mode_mut()
+        .set_markers_from_onsets(&[0, 512, 1024], pcm.len() as u32);
     note_on(&mut third, 38, 100);
     let third_slice = render(&mut third, BLOCK);
 
Diff in /Users/josecosta/dev/sourdaw/.agents/worktrees/rustci/crates/daw-dsp/tests/crumbs_mode_triggering.rs:331:
-    assert_proportional_to(&second_slice, &pcm[512..512 + BLOCK], "slice mapped to note 37");
-    assert_proportional_to(&third_slice, &pcm[1024..1024 + BLOCK], "slice mapped to note 38");
+    assert_proportional_to(
+        &second_slice,
+        &pcm[512..512 + BLOCK],
+        "slice mapped to note 37",
+    );
+    assert_proportional_to(
+        &third_slice,
+        &pcm[1024..1024 + BLOCK],
+        "slice mapped to note 38",
+    );
 
     // The symptom in the ledger: two different slices rendering the same audio
     // because both started at frame 0.
Diff in /Users/josecosta/dev/sourdaw/.agents/worktrees/rustci/crates/daw-dsp/tests/crumbs_mode_triggering.rs:351:
     let mut engine = engine_with(pcm.clone(), CrumbsMode::Slice);
     // First slice spans [0, 64) — half a block, so one render shows both the
     // sounding part and the silence after it.
-    engine.slice_mode_mut().set_markers_from_onsets(&[0, 64, 512], pcm.len() as u32);
+    engine
+        .slice_mode_mut()
+        .set_markers_from_onsets(&[0, 64, 512], pcm.len() as u32);
 
     note_on(&mut engine, 36, 100);
     let out = render(&mut engine, BLOCK);
Diff in /Users/josecosta/dev/sourdaw/.agents/worktrees/rustci/crates/daw-dsp/tests/crumbs_mode_triggering.rs:383:
     note_on(&mut engine, 36, 100);
     let out = render(&mut engine, BLOCK);
 
-    assert_proportional_to(&out, &pcm[512..512 + BLOCK], "pad with a 512-frame start offset");
+    assert_proportional_to(
+        &out,
+        &pcm[512..512 + BLOCK],
+        "pad with a 512-frame start offset",
+    );
 }
 
 #[test]
Diff in /Users/josecosta/dev/sourdaw/.agents/worktrees/rustci/crates/daw-dsp/tests/crumbs_mode_triggering.rs:419:
     let mut slow = engine_with(pcm.clone(), CrumbsMode::Drum);
     let slow_sample = load(&mut slow, pcm.clone());
     slow.drum_mode_mut().set_pad_sample(0, slow_sample);
-    slow.drum_mode_mut().get_pad_mut(0).expect("pad 0 exists").attack = 0.5;
+    slow.drum_mode_mut()
+        .get_pad_mut(0)
+        .expect("pad 0 exists")
+        .attack = 0.5;
     note_on(&mut slow, 36, 127);
     let slow_out = render(&mut slow, BLOCK);
 
Diff in /Users/josecosta/dev/sourdaw/.agents/worktrees/rustci/crates/daw-dsp/tests/crumbs_mode_triggering.rs:426:
     let mut instant = engine_with(pcm.clone(), CrumbsMode::Drum);
     let instant_sample = load(&mut instant, pcm.clone());
     instant.drum_mode_mut().set_pad_sample(0, instant_sample);
-    instant.drum_mode_mut().get_pad_mut(0).expect("pad 0 exists").attack = 0.0;
+    instant
+        .drum_mode_mut()
+        .get_pad_mut(0)
+        .expect("pad 0 exists")
+        .attack = 0.0;
     note_on(&mut instant, 36, 127);
     let instant_out = render(&mut instant, BLOCK);
 
Diff in /Users/josecosta/dev/sourdaw/.agents/worktrees/rustci/crates/daw-dsp/tests/crumbs_mode_triggering.rs:533:
     let solo_second = render(&mut solo, BLOCK);
 
     assert!(peak(&first_alone) > 0.1, "the first pad never sounded");
-    assert!(peak(&solo_second) > 0.1, "the second pad never sounded on its own");
+    assert!(
+        peak(&solo_second) > 0.1,
+        "the second pad never sounded on its own"
+    );
 
     let ratio = peak(&after_choke) / peak(&solo_second);
     assert!(
Diff in /Users/josecosta/dev/sourdaw/.agents/worktrees/rustci/crates/daw-dsp/tests/crumbs_mode_triggering.rs:576:
         "two pads in different choke groups summed to {ratio}× the second alone, \
          so the first was cut when it should have kept sounding"
     );
-    assert_eq!(engine.read_active_voice_count(), 2, "a voice outside the choke group was cut");
+    assert_eq!(
+        engine.read_active_voice_count(),
+        2,
+        "a voice outside the choke group was cut"
+    );
 }
 
 #[test]
Diff in /Users/josecosta/dev/sourdaw/.agents/worktrees/rustci/crates/daw-dsp/tests/crumbs_mode_triggering.rs:595:
     }
     let both = render(&mut engine, BLOCK);
 
-    assert_eq!(engine.read_active_voice_count(), 2, "an ungrouped pad cut the previous voice");
+    assert_eq!(
+        engine.read_active_voice_count(),
+        2,
+        "an ungrouped pad cut the previous voice"
+    );
     assert!(
         peak(&both) > 0.5,
         "the ungrouped pair rendered {} — the previous voice was cut",
Diff in /Users/josecosta/dev/sourdaw/.agents/worktrees/rustci/crates/daw-dsp/tests/crumbs_render_signal.rs:154:
     }
     let after_silence = unsafe { read_channel(instance.process(BLOCK as u32), BLOCK) };
 
-    assert!(first_peak > 0.05, "the note never sounded, so this proves nothing");
+    assert!(
+        first_peak > 0.05,
+        "the note never sounded, so this proves nothing"
+    );
     // `CrumbsEngine::process_block` adds into its slices. If the binding did not
     // zero its buffer, the last audible block would linger here forever.
-    assert_eq!(peak(&after_silence), 0.0, "stale audio persisted after all voices stopped");
+    assert_eq!(
+        peak(&after_silence),
+        0.0,
+        "stale audio persisted after all voices stopped"
+    );
 }
 
 #[test]
Diff in /Users/josecosta/dev/sourdaw/.agents/worktrees/rustci/crates/daw-dsp/tests/crumbs_voice_steal.rs:81:
 fn pooled_sine() -> Arc<SampleData> {
     let pcm: Vec<f32> = (0..SAMPLE_FRAMES)
         .map(|frame| {
-            let phase =
-                frame as f32 / SAMPLE_FRAMES as f32 * SAMPLE_CYCLES * std::f32::consts::TAU;
+            let phase = frame as f32 / SAMPLE_FRAMES as f32 * SAMPLE_CYCLES * std::f32::consts::TAU;
             phase.sin() * SAMPLE_PEAK
         })
         .collect();
Diff in /Users/josecosta/dev/sourdaw/.agents/worktrees/rustci/crates/daw-dsp/tests/device_process_rt.rs:74:
 
 fn assert_all_finite(samples: &[f32], what: &str) {
     for (i, s) in samples.iter().enumerate() {
-        assert!(s.is_finite(), "{what} produced a non-finite sample at {i}: {s}");
+        assert!(
+            s.is_finite(),
+            "{what} produced a non-finite sample at {i}: {s}"
+        );
     }
 }
 
Diff in /Users/josecosta/dev/sourdaw/.agents/worktrees/rustci/crates/daw-dsp/tests/device_process_rt.rs:365:
         )));
         probe.set_active_sample(probe_id);
         probe.handle_command(CrumbsCommand::SetMode(mode));
-        probe.handle_command(CrumbsCommand::NoteOn { note, velocity: 100 });
+        probe.handle_command(CrumbsCommand::NoteOn {
+            note,
+            velocity: 100,
+        });
         let mut left = vec![0.0_f32; BLOCK];
         let mut right = vec![0.0_f32; BLOCK];
         probe.process_block(&mut left, &mut right);
Diff in /Users/josecosta/dev/sourdaw/.agents/worktrees/rustci/crates/daw-dsp/tests/engine_output_level.rs:322:
     i.set_param("bandCount", 3.0);
     i.set_param("mix", 1.0);
     let (lp, rp) = (i.get_input_left_ptr(), i.get_input_right_ptr());
-    effect_level(&mut |o| unsafe { fill_input(lp, rp, BLOCK, o) }, &mut || {
-        i.process(BLOCK as u32)
-    })
+    effect_level(
+        &mut |o| unsafe { fill_input(lp, rp, BLOCK, o) },
+        &mut || i.process(BLOCK as u32),
+    )
 }
 
 fn gluten_level() -> Level {
Diff in /Users/josecosta/dev/sourdaw/.agents/worktrees/rustci/crates/daw-dsp/tests/engine_output_level.rs:336:
     i.set_param("release", 100.0);
     i.set_param("makeup", 3.0);
     let (lp, rp) = (i.get_input_left_ptr(), i.get_input_right_ptr());
-    effect_level(&mut |o| unsafe { fill_input(lp, rp, BLOCK, o) }, &mut || {
-        i.process(BLOCK as u32)
-    })
+    effect_level(
+        &mut |o| unsafe { fill_input(lp, rp, BLOCK, o) },
+        &mut || i.process(BLOCK as u32),
+    )
 }
 
 fn crust_level() -> Level {
Diff in /Users/josecosta/dev/sourdaw/.agents/worktrees/rustci/crates/daw-dsp/tests/engine_output_level.rs:349:
     i.set_param("lookahead", 2.0);
     i.set_param("true_peak", 1.0);
     let (lp, rp) = (i.get_input_left_ptr(), i.get_input_right_ptr());
-    effect_level(&mut |o| unsafe { fill_input(lp, rp, BLOCK, o) }, &mut || {
-        i.process(BLOCK as u32)
-    })
+    effect_level(
+        &mut |o| unsafe { fill_input(lp, rp, BLOCK, o) },
+        &mut || i.process(BLOCK as u32),
+    )
 }
 
 fn proof_level() -> Level {
Diff in /Users/josecosta/dev/sourdaw/.agents/worktrees/rustci/crates/daw-dsp/tests/engine_output_level.rs:360:
     i.set_param("limiter_ceiling", -1.0);
     i.set_param("limiter_threshold", -12.0);
     let (lp, rp) = (i.get_input_left_ptr(), i.get_input_right_ptr());
-    effect_level(&mut |o| unsafe { fill_input(lp, rp, BLOCK, o) }, &mut || {
-        i.process(BLOCK as u32)
-    })
+    effect_level(
+        &mut |o| unsafe { fill_input(lp, rp, BLOCK, o) },
+        &mut || i.process(BLOCK as u32),
+    )
 }
 
 fn knead_level() -> Level {
Diff in /Users/josecosta/dev/sourdaw/.agents/worktrees/rustci/crates/daw-dsp/tests/engine_output_level.rs:372:
     // analysis/overlap-add path rather than a copy.
     i.set_shift_semitones(4.0);
     let (lp, rp) = (i.get_input_left_ptr(), i.get_input_right_ptr());
-    effect_level(&mut |o| unsafe { fill_input(lp, rp, BLOCK, o) }, &mut || {
-        i.process(BLOCK as u32)
-    })
+    effect_level(
+        &mut |o| unsafe { fill_input(lp, rp, BLOCK, o) },
+        &mut || i.process(BLOCK as u32),
+    )
 }
 
 fn fermenter_level() -> Level {
Diff in /Users/josecosta/dev/sourdaw/.agents/worktrees/rustci/crates/daw-dsp/tests/quantum_bench_census.rs:99:
     let entries = std::fs::read_dir(src).expect("crates/daw-dsp/src must be readable");
     for entry in entries {
         let entry = entry.expect("directory entry must be readable");
-        if !entry.file_type().expect("file type must be readable").is_dir() {
+        if !entry
+            .file_type()
+            .expect("file type must be readable")
+            .is_dir()
+        {
             continue;
         }
         let module_path = entry.path().join("mod.rs");
Diff in /Users/josecosta/dev/sourdaw/.agents/worktrees/rustci/crates/daw-plugin-host/src/clap_host.rs:44:
         formatter
             .debug_struct("HostCallbackState")
             .field("latency_dirty", &self.latency_dirty.load(Ordering::Relaxed))
-            .field("has_latency_notifier", &self.latency_notifier.get().is_some())
+            .field(
+                "has_latency_notifier",
+                &self.latency_notifier.get().is_some(),
+            )
             .finish()
     }
 }
Diff in /Users/josecosta/dev/sourdaw/.agents/worktrees/rustci/crates/daw-plugin-host/src/clap_host.rs:281:
 
         assert!(!state.take_latency_dirty(), "flag starts clear");
         unsafe { host_latency_changed(&host as *const clap_host) };
-        assert!(state.take_latency_dirty(), "changed() marks the instance dirty");
+        assert!(
+            state.take_latency_dirty(),
+            "changed() marks the instance dirty"
+        );
         assert!(!state.take_latency_dirty(), "take clears the flag");
     }
 
Diff in /Users/josecosta/dev/sourdaw/.agents/worktrees/rustci/crates/daw-plugin-host/src/clap_host.rs:313:
         );
         let host = host_with_state(&state);
 
-        assert_eq!(wakes.load(Ordering::Relaxed), 0, "no wake before a callback");
+        assert_eq!(
+            wakes.load(Ordering::Relaxed),
+            0,
+            "no wake before a callback"
+        );
         unsafe { host_latency_changed(&host as *const clap_host) };
-        assert_eq!(wakes.load(Ordering::Relaxed), 1, "changed() wakes the observer");
+        assert_eq!(
+            wakes.load(Ordering::Relaxed),
+            1,
+            "changed() wakes the observer"
+        );
         unsafe { host_request_restart(&host as *const clap_host) };
         assert_eq!(
             wakes.load(Ordering::Relaxed),
Diff in /Users/josecosta/dev/sourdaw/.agents/worktrees/rustci/crates/daw-plugin-host/src/clap_host.rs:326:
         // A second install is refused, so the wake cannot be hijacked mid-life.
         assert!(!state.set_latency_notifier(Box::new(|| {})));
         unsafe { host_latency_changed(&host as *const clap_host) };
-        assert_eq!(wakes.load(Ordering::Relaxed), 3, "original notifier still fires");
+        assert_eq!(
+            wakes.load(Ordering::Relaxed),
+            3,
+            "original notifier still fires"
+        );
     }
 
     #[test]
Diff in /Users/josecosta/dev/sourdaw/.agents/worktrees/rustci/crates/daw-plugin-host/src/clap_wrapper.rs:33:
     clap_plugin_gui, clap_window, clap_window_handle, CLAP_EXT_GUI, CLAP_WINDOW_API_COCOA,
     CLAP_WINDOW_API_WIN32, CLAP_WINDOW_API_X11,
 };
+use clap_sys::ext::latency::{clap_plugin_latency, CLAP_EXT_LATENCY};
 use clap_sys::ext::params::{
     clap_param_info, clap_plugin_params, CLAP_EXT_PARAMS, CLAP_PARAM_IS_AUTOMATABLE,
     CLAP_PARAM_IS_HIDDEN, CLAP_PARAM_IS_READONLY,
Diff in /Users/josecosta/dev/sourdaw/.agents/worktrees/rustci/crates/daw-plugin-host/src/clap_wrapper.rs:39:
 };
 use clap_sys::ext::state::{clap_plugin_state, CLAP_EXT_STATE};
-use clap_sys::ext::latency::{clap_plugin_latency, CLAP_EXT_LATENCY};
 use clap_sys::factory::plugin_factory::{clap_plugin_factory, CLAP_PLUGIN_FACTORY_ID};
 use clap_sys::host::clap_host;
 use clap_sys::plugin::clap_plugin;
Diff in /Users/josecosta/dev/sourdaw/.agents/worktrees/rustci/crates/daw-plugin-host/src/clap_wrapper.rs:354:
 
     #[cfg(feature = "engine-owned-command-fixture")]
     #[doc(hidden)]
-    pub fn new_engine_owned_command_fixture(
-        name: &str,
-        state: Vec<u8>,
-        has_gui: bool,
-    ) -> Self {
+    pub fn new_engine_owned_command_fixture(name: &str, state: Vec<u8>, has_gui: bool) -> Self {
         Self {
             _library: None,
             plugin: ptr::null(),
Diff in /Users/josecosta/dev/sourdaw/.agents/worktrees/rustci/crates/daw-plugin-host/src/clap_wrapper.rs:1250:
                 (*(target as *const HostCallbackState)).mark_latency_dirty();
             }
         } else if pass == 1 {
-            STUB_LATENCY.store(RACE_PENDING_LATENCY.load(Ordering::Relaxed), Ordering::Relaxed);
+            STUB_LATENCY.store(
+                RACE_PENDING_LATENCY.load(Ordering::Relaxed),
+                Ordering::Relaxed,
+            );
         }
         true
     }
Diff in /Users/josecosta/dev/sourdaw/.agents/worktrees/rustci/crates/daw-plugin-host/src/clap_wrapper.rs:1274:
     }
 
     fn stub_wrapper(plugin: *const clap_plugin) -> ClapWrapper {
-        let latency_ext =
-            unsafe { ClapWrapper::query_extension::<clap_plugin_latency>(&*plugin, CLAP_EXT_LATENCY) };
+        let latency_ext = unsafe {
+            ClapWrapper::query_extension::<clap_plugin_latency>(&*plugin, CLAP_EXT_LATENCY)
+        };
         ClapWrapper {
             _library: None,
             plugin,
Diff in /Users/josecosta/dev/sourdaw/.agents/worktrees/rustci/crates/daw-plugin-host/src/clap_wrapper.rs:1307:
         assert_eq!(unsafe { read_latency_ext(ptr::null(), plugin) }, 0);
 
         // After wiring: query the extension the stub advertises, then read it.
-        let ext =
-            unsafe { ClapWrapper::query_extension::<clap_plugin_latency>(&*plugin, CLAP_EXT_LATENCY) };
+        let ext = unsafe {
+            ClapWrapper::query_extension::<clap_plugin_latency>(&*plugin, CLAP_EXT_LATENCY)
+        };
         assert!(!ext.is_null(), "stub advertises CLAP_EXT_LATENCY");
 
         STUB_LATENCY.store(0, Ordering::Relaxed);
Diff in /Users/josecosta/dev/sourdaw/.agents/worktrees/rustci/crates/daw-plugin-host/src/clap_wrapper.rs:1325:
 
         assert_eq!(wrapper.latency_samples(), 128);
         wrapper.activated = false;
-        assert_eq!(wrapper.latency_samples(), 0, "inactive plugin reports no latency");
+        assert_eq!(
+            wrapper.latency_samples(),
+            0,
+            "inactive plugin reports no latency"
+        );
     }
 
     #[test]
Diff in /Users/josecosta/dev/sourdaw/.agents/worktrees/rustci/crates/daw-plugin-host/src/scanner.rs:252:
 
         let mut plugins = Vec::new();
         let mut errors = Vec::new();
-        scan_directory(&symlinked_scan_root.join("Vendor"), &mut plugins, &mut errors);
+        scan_directory(
+            &symlinked_scan_root.join("Vendor"),
+            &mut plugins,
+            &mut errors,
+        );
         let _ = std::fs::remove_dir_all(&temp_root);
 
         assert!(
Diff in /Users/josecosta/dev/sourdaw/.agents/worktrees/rustci/crates/daw-wasm-decoder/src/lib.rs:137:
         // GREEN: the output boundary scrubs every non-finite sample to silence
         // and leaves finite samples untouched.
         let out = decoded.take_samples();
-        assert!(out.iter().all(|s| s.is_finite()), "every non-finite sample must be scrubbed");
+        assert!(
+            out.iter().all(|s| s.is_finite()),
+            "every non-finite sample must be scrubbed"
+        );
         assert_eq!(out, vec![0.5, 0.0, 0.0, -0.25, 0.0, 0.75]);
     }
 }
Diff in /Users/josecosta/dev/sourdaw/.agents/worktrees/rustci/crates/proof-chamber/src/decay_curve.rs:87:
         let rt60_ratio = decay_to_rt60_seconds(0.5) / decay_to_rt60_seconds(0.25);
         let stretch_ratio = decay_to_ir_stretch(0.5) / decay_to_ir_stretch(0.25);
 
-        assert!((rt60_ratio - decay_to_rt60_seconds(0.75) / decay_to_rt60_seconds(0.5)).abs() < 1e-4);
-        assert!((stretch_ratio - decay_to_ir_stretch(0.75) / decay_to_ir_stretch(0.5)).abs() < 1e-5);
+        assert!(
+            (rt60_ratio - decay_to_rt60_seconds(0.75) / decay_to_rt60_seconds(0.5)).abs() < 1e-4
+        );
+        assert!(
+            (stretch_ratio - decay_to_ir_stretch(0.75) / decay_to_ir_stretch(0.5)).abs() < 1e-5
+        );
 
         // Self-equality alone is an identity of any exponential and survives a
         // change to either endpoint, so pin each ratio's value: a quarter turn
Diff in /Users/josecosta/dev/sourdaw/.agents/worktrees/rustci/crates/proof-chamber/tests/quantum_cost.rs:102:
 /// The numbers looked like a measurement of a device and were partly a
 /// measurement of the scheduler, and nothing in the output said so.
 fn load_average() -> Option<f64> {
-    let output = std::process::Command::new("/usr/bin/uptime").output().ok()?;
+    let output = std::process::Command::new("/usr/bin/uptime")
+        .output()
+        .ok()?;
     let text = String::from_utf8_lossy(&output.stdout).to_string();
     let tail = text
         .rsplit_once("load averages:")
Diff in /Users/josecosta/dev/sourdaw/.agents/worktrees/rustci/crates/proof-chamber/tests/reverse_engine_character.rs:101:
     }
 
     for (i, sample) in output.iter().enumerate() {
-        assert!(sample.is_finite(), "non-finite output sample at {i}: {sample}");
+        assert!(
+            sample.is_finite(),
+            "non-finite output sample at {i}: {sample}"
+        );
     }
 
     let onset = output
Diff in /Users/josecosta/dev/sourdaw/.agents/worktrees/rustci/crates/proof-chamber/tests/reverse_engine_character.rs:157:
     assert!(quarter > 0, "response window too short to measure a slope");
 
     let rms = |xs: &[f32]| {
-        (xs.iter().map(|s| f64::from(*s) * f64::from(*s)).sum::<f64>() / xs.len() as f64).sqrt()
+        (xs.iter()
+            .map(|s| f64::from(*s) * f64::from(*s))
+            .sum::<f64>()
+            / xs.len() as f64)
+            .sqrt()
     };
     let first = rms(&window[..quarter]).max(1e-12);
     let last = rms(&window[window.len() - quarter..]);
Diff in /Users/josecosta/dev/sourdaw/.agents/worktrees/rustci/crates/scoring/src/lib.rs:562:
         assert!(
             err_cents < 30.0,
             "engine {freq} Hz -> {:.2} Hz ({:.1} cents off, midi {})",
-            engine.frequency, err_cents, engine.midi_note
+            engine.frequency,
+            err_cents,
+            engine.midi_note
         );
         assert_eq!(
             engine.midi_note, expected_midi,
Diff in /Users/josecosta/dev/sourdaw/.agents/worktrees/rustci/crates/scoring/src/lib.rs:641:
         assert!(
             err_cents < 30.0,
             "engine noisy {freq} Hz -> {:.2} Hz ({:.1} cents off)",
-            engine.frequency, err_cents
+            engine.frequency,
+            err_cents
         );
     }
 }
Diff in /Users/josecosta/dev/sourdaw/.agents/worktrees/rustci/crates/scoring/src/mpm.rs:89:
     /// MPM peak-picking on a precomputed autocorrelation of `buffer` (full
     /// length, zero-padded FFT form). Shared with the engine, which computes
     /// one autocorrelation per analysis window for both detectors.
-    pub(crate) fn detect_from_autocorr(
-        &mut self,
-        buffer: &[f32],
-        autocorr: &[f32],
-    ) -> (f32, f32) {
+    pub(crate) fn detect_from_autocorr(&mut self, buffer: &[f32], autocorr: &[f32]) -> (f32, f32) {
         let len = buffer.len();
         if len < self.min_tau * 2 {
             self.frequency = 0.0;
Diff in /Users/josecosta/dev/sourdaw/.agents/worktrees/rustci/crates/scoring/src/mpm.rs:165:
                 break;
             }
             let val = self.nsdf[tau];
-            let is_local_max = val > 0.0
-                && val >= self.nsdf[tau - 1]
-                && val > self.nsdf[tau + 1];
+            let is_local_max = val > 0.0 && val >= self.nsdf[tau - 1] && val > self.nsdf[tau + 1];
             if !is_local_max {
                 continue;
             }
Diff in /Users/josecosta/dev/sourdaw/.agents/worktrees/rustci/crates/scoring/tests/quantum_cost.rs:91:
 /// The numbers looked like a measurement of a device and were partly a
 /// measurement of the scheduler, and nothing in the output said so.
 fn load_average() -> Option<f64> {
-    let output = std::process::Command::new("/usr/bin/uptime").output().ok()?;
+    let output = std::process::Command::new("/usr/bin/uptime")
+        .output()
+        .ok()?;
     let text = String::from_utf8_lossy(&output.stdout).to_string();
     let tail = text
         .rsplit_once("load averages:")
Diff in /Users/josecosta/dev/sourdaw/.agents/worktrees/rustci/src-tauri/build.rs:1:
 fn main() {
-    tauri_build::try_build(
-        tauri_build::Attributes::new().app_manifest(
-            tauri_build::AppManifest::new().commands(&[
-                "read_audio_file",
-                "write_audio_file",
-                "list_directory",
-            ]),
-        ),
-    )
+    tauri_build::try_build(tauri_build::Attributes::new().app_manifest(
+        tauri_build::AppManifest::new().commands(&[
+            "read_audio_file",
+            "write_audio_file",
+            "list_directory",
+        ]),
+    ))
     .expect("failed to run tauri build");
 }
 
Diff in /Users/josecosta/dev/sourdaw/.agents/worktrees/rustci/src-tauri/src/commands/collab.rs:24:
     }
 }
 
-fn get_or_create_discovery(
-    guard: &mut Option<LanDiscovery>,
-) -> Result<&mut LanDiscovery, String> {
+fn get_or_create_discovery(guard: &mut Option<LanDiscovery>) -> Result<&mut LanDiscovery, String> {
     if guard.is_none() {
         *guard = Some(LanDiscovery::new()?);
     }
Diff in /Users/josecosta/dev/sourdaw/.agents/worktrees/rustci/src-tauri/src/commands/mod.rs:3:
 pub mod audio_postprocess;
 pub mod binary_ipc;
 pub mod collab;
+pub mod crumbs;
 pub mod filesystem;
 pub mod link;
 pub mod midi;
Diff in /Users/josecosta/dev/sourdaw/.agents/worktrees/rustci/src-tauri/src/commands/mod.rs:9:
 pub mod model_download;
 pub mod native_llm;
+pub mod pitch_edit;
 pub mod plugin_gui;
 pub mod plugins;
-pub mod crumbs;
 pub mod speech;
-pub mod pitch_edit;
 pub mod tuning;
 
Diff in /Users/josecosta/dev/sourdaw/.agents/worktrees/rustci/src-tauri/src/commands/pitch_edit.rs:1:
-use daw_dsp::knead::yin::{yin_frame, YinConfig};
-use daw_dsp::knead::psola::{psola_process_offline_inplace, PsolaConfig};
 use daw_dsp::knead::pitch_edit::{CompiledDeltaMap, NoteSegment, PitchContour, PitchPoint};
+use daw_dsp::knead::psola::{psola_process_offline_inplace, PsolaConfig};
+use daw_dsp::knead::yin::{yin_frame, YinConfig};
 use hound::{WavReader, WavSpec, WavWriter};
 use serde::{Deserialize, Serialize};
 use tauri::{AppHandle, Emitter};
Diff in /Users/josecosta/dev/sourdaw/.agents/worktrees/rustci/src-tauri/src/commands/pitch_edit.rs:22:
 ) -> Result<PitchContour, String> {
     let audio_path = filesystem::resolve_existing_file_path(&audio_path)?;
     tokio::task::spawn_blocking(move || {
-        let mut reader = WavReader::open(&audio_path)
-            .map_err(|e| format!("Failed to open WAV: {}", e))?;
-        
+        let mut reader =
+            WavReader::open(&audio_path).map_err(|e| format!("Failed to open WAV: {}", e))?;
+
         let spec = reader.spec();
         let sample_rate = spec.sample_rate as f32;
         let channels = spec.channels as usize;
Diff in /Users/josecosta/dev/sourdaw/.agents/worktrees/rustci/src-tauri/src/commands/pitch_edit.rs:31:
-        
+
         let mut samples: Vec<f32> = Vec::new();
         match spec.sample_format {
             hound::SampleFormat::Float => {
Diff in /Users/josecosta/dev/sourdaw/.agents/worktrees/rustci/src-tauri/src/commands/pitch_edit.rs:43:
                     _ => 1.0,
                 };
                 let all: Vec<i32> = reader.samples::<i32>().filter_map(Result::ok).collect();
-                samples = all.into_iter().step_by(channels).map(|s| s as f32 / max).collect();
+                samples = all
+                    .into_iter()
+                    .step_by(channels)
+                    .map(|s| s as f32 / max)
+                    .collect();
             }
         }
-        
+
         let hop_size = 256;
         let frame_size = 2048;
-        
+
         let yin_config = YinConfig {
             sample_rate,
             frame_size,
Diff in /Users/josecosta/dev/sourdaw/.agents/worktrees/rustci/src-tauri/src/commands/pitch_edit.rs:57:
             f0_max: 1000.0,
             cmnd_threshold: 0.15,
         };
-        
+
         let max_tau = (sample_rate / 50.0).ceil() as usize + 1;
         let buf_size = max_tau.max(frame_size);
         let mut work_d = vec![0.0f32; buf_size];
Diff in /Users/josecosta/dev/sourdaw/.agents/worktrees/rustci/src-tauri/src/commands/pitch_edit.rs:64:
         let mut work_cmnd = vec![0.0f32; buf_size];
-        
+
         let num_frames = if samples.len() > frame_size {
             (samples.len() - frame_size) / hop_size
         } else {
Diff in /Users/josecosta/dev/sourdaw/.agents/worktrees/rustci/src-tauri/src/commands/pitch_edit.rs:69:
             0
         };
-        
+
         let mut points = Vec::with_capacity(num_frames);
-        
+
         for i in 0..num_frames {
             let offset = i * hop_size;
             let frame = &samples[offset..offset + frame_size];
Diff in /Users/josecosta/dev/sourdaw/.agents/worktrees/rustci/src-tauri/src/commands/pitch_edit.rs:77:
-            
+
             let result = yin_frame(frame, &yin_config, &mut work_d, &mut work_cmnd);
-            
+
             let time_ms = (offset as f32 / sample_rate) * 1000.0;
-            
+
             points.push(PitchPoint {
                 time_ms,
                 frequency_hz: result.f0_hz.unwrap_or(0.0),
Diff in /Users/josecosta/dev/sourdaw/.agents/worktrees/rustci/src-tauri/src/commands/pitch_edit.rs:85:
                 confidence: result.periodicity,
                 voiced: result.f0_hz.is_some(),
             });
-            
+
             if i > 0 && i % (num_frames / 10).max(1) == 0 {
                 let progress = i as f32 / num_frames as f32;
                 let _ = app.emit(
Diff in /Users/josecosta/dev/sourdaw/.agents/worktrees/rustci/src-tauri/src/commands/pitch_edit.rs:97:
                 );
             }
         }
-        
+
         let _ = app.emit(
             "pitch-analysis-progress",
             AnalysisProgress {
Diff in /Users/josecosta/dev/sourdaw/.agents/worktrees/rustci/src-tauri/src/commands/pitch_edit.rs:105:
                 progress: 1.0,
             },
         );
-        
+
         Ok(PitchContour {
             points,
             sample_rate: spec.sample_rate,
Diff in /Users/josecosta/dev/sourdaw/.agents/worktrees/rustci/src-tauri/src/commands/pitch_edit.rs:112:
             hop_size: hop_size as u32,
             algorithm: "pyin".to_string(),
         })
-    }).await.map_err(|e| format!("Task failed: {}", e))?
+    })
+    .await
+    .map_err(|e| format!("Task failed: {}", e))?
 }
 
 #[derive(Debug, Clone, Serialize, Deserialize)]
Diff in /Users/josecosta/dev/sourdaw/.agents/worktrees/rustci/src-tauri/src/commands/pitch_edit.rs:124:
 }
 
 #[tauri::command]
-pub async fn commit_pitch_edit(
-    request: PitchCommitRequest,
-) -> Result<(), String> {
+pub async fn commit_pitch_edit(request: PitchCommitRequest) -> Result<(), String> {
     let input_audio_path = filesystem::resolve_existing_file_path(&request.input_audio_path)?;
     let output_audio_path = filesystem::resolve_writable_file_path(&request.output_audio_path)?;
     tokio::task::spawn_blocking(move || {
Diff in /Users/josecosta/dev/sourdaw/.agents/worktrees/rustci/src-tauri/src/commands/pitch_edit.rs:133:
-        let mut reader = WavReader::open(&input_audio_path)
-            .map_err(|e| format!("Failed to open WAV: {}", e))?;
-        
+        let mut reader =
+            WavReader::open(&input_audio_path).map_err(|e| format!("Failed to open WAV: {}", e))?;
+
         let spec = reader.spec();
         let sample_rate = spec.sample_rate as f32;
         let channels = spec.channels as usize;
Diff in /Users/josecosta/dev/sourdaw/.agents/worktrees/rustci/src-tauri/src/commands/pitch_edit.rs:139:
-        
+
         // We only support mono or the left channel of stereo for the PSOLA processing
         // for now to keep things focused on the core feature.
         let mut samples: Vec<f32> = Vec::new();
Diff in /Users/josecosta/dev/sourdaw/.agents/worktrees/rustci/src-tauri/src/commands/pitch_edit.rs:153:
                     _ => 1.0,
                 };
                 let all: Vec<i32> = reader.samples::<i32>().filter_map(Result::ok).collect();
-                samples = all.into_iter().step_by(channels).map(|s| s as f32 / max).collect();
+                samples = all
+                    .into_iter()
+                    .step_by(channels)
+                    .map(|s| s as f32 / max)
+                    .collect();
             }
         }
-        
-        let map = CompiledDeltaMap::compile(
-            &request.segments,
-            sample_rate,
-            samples.len(),
-            256
-        );
 
+        let map = CompiledDeltaMap::compile(&request.segments, sample_rate, samples.len(), 256);
+
         // Build target F0 curve using the original contour + map deltas
         let mut target_f0_curve = vec![0.0_f32; samples.len()];
         let mut pitch_marks = Vec::new();
Diff in /Users/josecosta/dev/sourdaw/.agents/worktrees/rustci/src-tauri/src/commands/pitch_edit.rs:172:
         let mut current_sample = 0.0;
         while (current_sample as usize) < samples.len() {
             let idx = current_sample as usize;
-            
+
             // Find the closest point in the contour
-            let point_idx = (idx / request.contour.hop_size as usize).min(request.contour.points.len().saturating_sub(1));
-            
+            let point_idx = (idx / request.contour.hop_size as usize)
+                .min(request.contour.points.len().saturating_sub(1));
+
             if let Some(pt) = request.contour.points.get(point_idx) {
                 if pt.voiced && pt.frequency_hz > 20.0 {
                     pitch_marks.push(idx);
Diff in /Users/josecosta/dev/sourdaw/.agents/worktrees/rustci/src-tauri/src/commands/pitch_edit.rs:182:
-                    
+
                     let shift_semitones = map.get_shift_at(idx);
                     let ratio = 2.0_f32.powf(shift_semitones / 12.0);
                     let target_hz = pt.frequency_hz * ratio;
Diff in /Users/josecosta/dev/sourdaw/.agents/worktrees/rustci/src-tauri/src/commands/pitch_edit.rs:186:
-                    
+
                     // Fill curve ahead roughly one source period (up to the
                     // next mark) — filling one target period leaves zero
                     // stretches that read as "no shift" downstream.
Diff in /Users/josecosta/dev/sourdaw/.agents/worktrees/rustci/src-tauri/src/commands/pitch_edit.rs:192:
                     for i in idx..end_idx {
                         target_f0_curve[i] = target_hz;
                     }
-                    
+
                     current_sample += sample_rate / pt.frequency_hz;
                     continue;
                 }
Diff in /Users/josecosta/dev/sourdaw/.agents/worktrees/rustci/src-tauri/src/commands/pitch_edit.rs:199:
             }
-            
+
             // Unvoiced or missing data, just skip forward
             current_sample += sample_rate / 100.0; // 10ms default skip
         }
Diff in /Users/josecosta/dev/sourdaw/.agents/worktrees/rustci/src-tauri/src/commands/pitch_edit.rs:228:
                 bits_per_sample: 32,
                 sample_format: hound::SampleFormat::Float,
             },
-        ).map_err(|e| format!("Failed to create output WAV: {}", e))?;
+        )
+        .map_err(|e| format!("Failed to create output WAV: {}", e))?;
 
         for sample in out_samples {
-            writer.write_sample(sample).map_err(|e| format!("Failed to write sample: {}", e))?;
+            writer
+                .write_sample(sample)
+                .map_err(|e| format!("Failed to write sample: {}", e))?;
         }
-        writer.finalize().map_err(|e| format!("Failed to finalize output WAV: {}", e))?;
+        writer
+            .finalize()
+            .map_err(|e| format!("Failed to finalize output WAV: {}", e))?;
 
         Ok(())
-    }).await.map_err(|e| format!("Task failed: {}", e))?
+    })
+    .await
+    .map_err(|e| format!("Task failed: {}", e))?
 }
 
Diff in /Users/josecosta/dev/sourdaw/.agents/worktrees/rustci/src-tauri/src/commands/plugin_gui.rs:276:
     app: tauri::AppHandle<R>,
 ) -> tauri::async_runtime::JoinHandle<()> {
     tauri::async_runtime::spawn(async move {
-        reset_plugin_gui_state_after_os_close(&instance_id, &window_label, app.state::<AppState>().inner());
+        reset_plugin_gui_state_after_os_close(
+            &instance_id,
+            &window_label,
+            app.state::<AppState>().inner(),
+        );
     })
 }
 
Diff in /Users/josecosta/dev/sourdaw/.agents/worktrees/rustci/src-tauri/src/commands/plugin_gui.rs:373:
         };
 
         if is_engine_owned {
-            state.inner().with_engine_plugin_control(&instance_id, |plugin| {
-                plugin.close_gui();
-                Ok(())
-            })?;
+            state
+                .inner()
+                .with_engine_plugin_control(&instance_id, |plugin| {
+                    plugin.close_gui();
+                    Ok(())
+                })?;
         }
     }
 
Diff in /Users/josecosta/dev/sourdaw/.agents/worktrees/rustci/src-tauri/src/commands/plugin_gui.rs:424:
     };
 
     for instance_id in engine_instance_ids {
-        state.inner().with_engine_plugin_control(&instance_id, |plugin| {
-            plugin.close_gui();
-            Ok(())
-        })?;
+        state
+            .inner()
+            .with_engine_plugin_control(&instance_id, |plugin| {
+                plugin.close_gui();
+                Ok(())
+            })?;
     }
 
     // Destroy all native windows
Diff in /Users/josecosta/dev/sourdaw/.agents/worktrees/rustci/src-tauri/src/commands/plugin_gui.rs:725:
             .plugin_windows
             .lock()
             .expect("plugin_windows lock")
-            .insert("engine-owned-fixture".to_string(), "plugin-newer".to_string());
+            .insert(
+                "engine-owned-fixture".to_string(),
+                "plugin-newer".to_string(),
+            );
 
         reset_plugin_gui_state_after_os_close("engine-owned-fixture", "plugin-older", &state);
 
Diff in /Users/josecosta/dev/sourdaw/.agents/worktrees/rustci/src-tauri/src/commands/plugin_gui.rs:788:
             },
         );
 
-        assert_eq!(result, Err("Failed to lock plugin_windows: poisoned".to_string()));
+        assert_eq!(
+            result,
+            Err("Failed to lock plugin_windows: poisoned".to_string())
+        );
         assert!(!shown.get());
     }
 }
Diff in /Users/josecosta/dev/sourdaw/.agents/worktrees/rustci/src-tauri/src/commands/plugins.rs:8:
 use daw_engine::audio_bridge::create_audio_bridge;
 use daw_engine::plugin_slot::{MidiNoteEvent, TransportState};
 use daw_engine::EngineHandle;
+use daw_plugin_host::scanner::{self, ScanResult};
+use daw_plugin_host::{AudioPlugin, ClapWrapper, Vst3Wrapper};
 use serde::{Deserialize, Serialize};
 use std::collections::HashMap;
 use std::path::{Path, PathBuf};
Diff in /Users/josecosta/dev/sourdaw/.agents/worktrees/rustci/src-tauri/src/commands/plugins.rs:14:
 use std::sync::Arc;
 use tauri::Manager;
-use daw_plugin_host::scanner::{self, ScanResult};
-use daw_plugin_host::{AudioPlugin, ClapWrapper, Vst3Wrapper};
 
 // Re-export PluginParameter from daw-plugin-host for TypeScript binding generation
 pub use daw_plugin_host::PluginParameter;
Diff in /Users/josecosta/dev/sourdaw/.agents/worktrees/rustci/src-tauri/src/commands/plugins.rs:967:
         let read = read_plugin_state_chunk("no-such-instance", &app.state::<AppState>());
         let write = write_plugin_state_chunk("no-such-instance", &[1], &app.state::<AppState>());
 
-        assert_eq!(read, Err("No plugin instance: no-such-instance".to_string()));
         assert_eq!(
+            read,
+            Err("No plugin instance: no-such-instance".to_string())
+        );
+        assert_eq!(
             write,
             Err("No plugin instance: no-such-instance".to_string())
         );
Diff in /Users/josecosta/dev/sourdaw/.agents/worktrees/rustci/src-tauri/src/commands/plugins.rs:1022:
 
     #[test]
     fn remove_engine_plugin_record_after_scheduler_removal_preserves_record_on_queue_failure() {
-        let mut engine_plugins = std::collections::HashMap::from([(
-            "engine-owned-1".to_string(),
-            42_u32,
-        )]);
+        let mut engine_plugins =
+            std::collections::HashMap::from([("engine-owned-1".to_string(), 42_u32)]);
 
         let result = remove_engine_plugin_record_after_scheduler_removal(
             &mut engine_plugins,
Diff in /Users/josecosta/dev/sourdaw/.agents/worktrees/rustci/src-tauri/src/commands/plugins.rs:1039:
 
     #[test]
     fn remove_engine_plugin_record_after_scheduler_removal_removes_record_after_acceptance() {
-        let mut engine_plugins = std::collections::HashMap::from([(
-            "engine-owned-1".to_string(),
-            42_u32,
-        )]);
+        let mut engine_plugins =
+            std::collections::HashMap::from([("engine-owned-1".to_string(), 42_u32)]);
 
         let result = remove_engine_plugin_record_after_scheduler_removal(
             &mut engine_plugins,
Diff in /Users/josecosta/dev/sourdaw/.agents/worktrees/rustci/src-tauri/src/commands/tuning.rs:13:
 pub fn parse_scl(content: String, root_note: u8, root_freq: f64) -> Result<SclParseResult, String> {
     let scale = Scale::from_scl(&content)?;
     let table = TuningTable::from_scale(&scale, root_note, root_freq);
-    
+
     Ok(SclParseResult {
         name: scale.name,
         description: scale.description,
Diff in /Users/josecosta/dev/sourdaw/.agents/worktrees/rustci/src-tauri/src/host/latency_watcher.rs:129:
         });
 
     if let Err(error) = spawned {
-        eprintln!("[Plugin] failed to start the CLAP latency watcher: {}", error);
+        eprintln!(
+            "[Plugin] failed to start the CLAP latency watcher: {}",
+            error
+        );
     }
 }
 
Diff in /Users/josecosta/dev/sourdaw/.agents/worktrees/rustci/src-tauri/src/host/native_bridge.rs:1:
+use daw_dsp::crumbs::engine::CrumbsEngine;
+use daw_dsp::crumbs::types::CrumbsCommand;
 /// Bridge: implements daw_engine::NativePlugin for ClapWrapper and Vst3Wrapper.
 ///
 /// This allows plugin instances from daw-plugin-host to be sent to the native
Diff in /Users/josecosta/dev/sourdaw/.agents/worktrees/rustci/src-tauri/src/host/native_bridge.rs:7:
 /// RT-safety: all scratch buffers are preallocated. No heap allocation occurs
 /// in any `NativePlugin` method.
 use daw_engine::plugin_slot::{MidiNoteEvent, NativePlugin, TransportState};
-use daw_dsp::crumbs::engine::CrumbsEngine;
-use daw_dsp::crumbs::types::CrumbsCommand;
-use daw_plugin_host::{AudioPlugin, ClapParameterUpdate, ClapWrapper, PluginParameter, Vst3Wrapper};
+use daw_plugin_host::{
+    AudioPlugin, ClapParameterUpdate, ClapWrapper, PluginParameter, Vst3Wrapper,
+};
 use rtrb::Consumer;
 use std::cell::UnsafeCell;
 use std::sync::atomic::{AtomicU32, AtomicU64, AtomicU8, Ordering};
Diff in /Users/josecosta/dev/sourdaw/.agents/worktrees/rustci/src-tauri/src/host/native_bridge.rs:95:
                 slot.param_id.store(param_id, Ordering::Relaxed);
                 slot.value_bits.store(value_bits, Ordering::Relaxed);
                 slot.sequence.store(sequence, Ordering::Relaxed);
-                slot.state
-                    .store(PENDING_PARAMETER_READY, Ordering::Release);
+                slot.state.store(PENDING_PARAMETER_READY, Ordering::Release);
                 return Ok(());
             }
         }
Diff in /Users/josecosta/dev/sourdaw/.agents/worktrees/rustci/src-tauri/src/host/native_bridge.rs:133:
 
             slot.value_bits.store(value_bits, Ordering::Relaxed);
             slot.sequence.store(sequence, Ordering::Relaxed);
-            slot.state
-                .store(PENDING_PARAMETER_READY, Ordering::Release);
+            slot.state.store(PENDING_PARAMETER_READY, Ordering::Release);
             return true;
         }
 
Diff in /Users/josecosta/dev/sourdaw/.agents/worktrees/rustci/src-tauri/src/host/native_bridge.rs:179:
                 entries[count] = PendingParameterDrainEntry { update, sequence };
                 count += 1;
             }
-            slot.state
-                .store(PENDING_PARAMETER_EMPTY, Ordering::Release);
+            slot.state.store(PENDING_PARAMETER_EMPTY, Ordering::Release);
         }
 
         sort_pending_parameter_entries(&mut entries[..count]);
Diff in /Users/josecosta/dev/sourdaw/.agents/worktrees/rustci/src-tauri/src/host/native_bridge.rs:199:
 
     fn clear(&self) {
         for slot in &self.slots {
-            slot.state
-                .store(PENDING_PARAMETER_EMPTY, Ordering::Release);
+            slot.state.store(PENDING_PARAMETER_EMPTY, Ordering::Release);
         }
     }
 }
Diff in /Users/josecosta/dev/sourdaw/.agents/worktrees/rustci/src-tauri/src/host/native_bridge.rs:318:
             ));
         }
 
-        self.pending_parameters.enqueue(param_id, value).map_err(|()| {
-            format!("Pending parameter queue full for plugin '{}'", self.name)
-        })
+        self.pending_parameters
+            .enqueue(param_id, value)
+            .map_err(|()| format!("Pending parameter queue full for plugin '{}'", self.name))
     }
 
     pub fn get_state_after_pending_parameters_drain(
Diff in /Users/josecosta/dev/sourdaw/.agents/worktrees/rustci/src-tauri/src/host/native_bridge.rs:837:
                 value: 0.42,
             }
         );
-        assert_eq!(drain_pending_parameters_for_process(&queue, &mut scratch), 0);
+        assert_eq!(
+            drain_pending_parameters_for_process(&queue, &mut scratch),
+            0
+        );
     }
 
     #[test]
Diff in /Users/josecosta/dev/sourdaw/.agents/worktrees/rustci/src-tauri/src/host/native_bridge.rs:1120:
                     velocity: event.velocity,
                 });
             } else {
-                self.engine.handle_command(CrumbsCommand::NoteOff { note: event.note });
+                self.engine
+                    .handle_command(CrumbsCommand::NoteOff { note: event.note });
             }
         }
 
