
> build
> tsc

   Compiling unicode-ident v1.0.24
   Compiling proc-macro2 v1.0.106
   Compiling quote v1.0.45
    Checking cfg-if v1.0.4
   Compiling serde_core v1.0.229
   Compiling autocfg v1.5.0
   Compiling serde v1.0.229
   Compiling libc v0.2.183
   Compiling wasm-bindgen-shared v0.2.126
    Checking once_cell v1.21.4
   Compiling rustversion v1.0.22
   Compiling zmij v1.0.21
   Compiling serde_json v1.0.150
   Compiling bumpalo v3.20.2
    Checking itoa v1.0.18
    Checking memchr v2.8.0
    Checking bitflags v2.11.0
   Compiling num-traits v0.2.19
    Checking log v0.4.29
    Checking strength_reduce v0.2.4
    Checking assert_no_alloc v1.1.2
    Checking either v1.15.0
   Compiling zerocopy v0.8.48
    Checking bytemuck v1.25.0
    Checking smallvec v1.15.1
    Checking lazy_static v1.5.0
    Checking clap_lex v1.1.0
    Checking anstyle v1.0.14
    Checking regex-syntax v0.8.10
    Checking ciborium-io v0.2.2
    Checking clap_builder v4.6.0
    Checking itertools v0.10.5
   Compiling syn v2.0.117
   Compiling syn v3.0.0
    Checking regex-automata v0.4.14
    Checking cast v0.3.0
    Checking same-file v1.0.6
    Checking walkdir v2.5.0
    Checking criterion-plot v0.5.0
    Checking anes v0.1.6
    Checking oorandom v11.1.5
    Checking clap v4.6.0
    Checking regex-lite v0.1.9
   Compiling objc2 v0.6.4
    Checking objc2-encode v4.1.0
   Compiling semver v1.0.27
   Compiling rustc_version v0.4.1
   Compiling Inflector v0.11.4
    Checking typenum v1.20.1
   Compiling specta v2.0.0-rc.25
   Compiling crossbeam-utils v0.8.21
    Checking regex v1.12.3
   Compiling wasm-bindgen v0.2.126
    Checking is-terminal v0.4.17
    Checking rand_core v0.10.1
    Checking const-oid v0.10.2
   Compiling getrandom v0.4.2
    Checking cpufeatures v0.3.0
   Compiling thiserror v2.0.18
   Compiling crc32fast v1.5.0
    Checking num-integer v0.1.46
    Checking num-complex v0.4.6
    Checking hybrid-array v0.4.13
    Checking transpose v0.2.3
    Checking primal-check v0.3.4
    Checking scopeguard v1.2.0
    Checking extended v0.1.0
    Checking lock_api v0.4.14
   Compiling serde_derive v1.0.229
    Checking rustfft v6.4.1
    Checking adler2 v2.0.1
    Checking simd-adler32 v0.3.9
    Checking crypto-common v0.2.2
    Checking block-buffer v0.12.1
    Checking dispatch2 v0.3.1
    Checking block2 v0.6.2
    Checking triple_buffer v9.0.0
    Checking objc2-foundation v0.3.2
    Checking objc2-core-audio-types v0.3.2
   Compiling wasm-bindgen-macro-support v0.2.126
    Checking miniz_oxide v0.8.9
    Checking spin v0.9.8
    Checking chacha20 v0.10.1
    Checking objc2-core-foundation v0.3.2
    Checking digest v0.11.3
    Checking socket2 v0.6.3
    Checking tracing-core v0.1.36
   Compiling cpal v0.18.1
    Checking pin-project-lite v0.2.17
    Checking sha2 v0.11.0
    Checking leb128 v0.2.5
    Checking futures-core v0.3.33
    Checking tinyvec_macros v0.1.1
    Checking futures-sink v0.3.33
    Checking socket-pktinfo v0.4.0
    Checking tinyvec v1.11.0
    Checking flume v0.12.0
    Checking rand v0.10.2
    Checking flate2 v1.1.9
    Checking smol_str v0.3.6
    Checking mio v1.2.0
    Checking if-addrs v0.15.0
    Checking itertools v0.14.0
    Checking hex v0.4.3
    Checking fastrand v2.5.0
    Checking dasp_sample v0.11.0
    Checking mach2 v0.6.0
    Checking rustc-hash v2.1.2
    Checking unicode-segmentation v1.13.2
    Checking mdns-sd v0.20.2
    Checking uuid v1.24.0
    Checking hostname v0.4.2
    Checking libloading v0.9.0
    Checking rtrb v0.3.4
    Checking clap-sys v0.5.0
   Compiling zerocopy-derive v0.8.48
   Compiling specta-macros v2.0.0-rc.25
   Compiling thiserror-impl v2.0.18
   Compiling tracing-attributes v0.1.31
    Checking symphonia-core v0.6.0
    Checking objc2-core-audio v0.3.2
    Checking objc2-audio-toolbox v0.3.2
    Checking tinytemplate v1.2.1
    Checking tracing v0.1.44
    Checking coreaudio-rs v0.14.2
    Checking symphonia-metadata v0.6.0
    Checking symphonia-bundle-mp3 v0.6.0
    Checking symphonia-codec-adpcm v0.6.0
    Checking symphonia-codec-pcm v0.6.0
   Compiling wasm-bindgen-macro v0.2.126
    Checking daw-core v0.1.0 (/Users/josecosta/dev/sourdaw/.agents/worktrees/rustci/crates/daw-core)
    Checking daw-plugin-host v0.1.0 (/Users/josecosta/dev/sourdaw/.agents/worktrees/rustci/crates/daw-plugin-host)
    Checking hexane v0.2.1
warning: unused import: `std::str::FromStr`
 --> crates/daw-core/src/tuning/scala.rs:1:5
  |
1 | use std::str::FromStr;
  |     ^^^^^^^^^^^^^^^^^
  |
  = note: `#[warn(unused_imports)]` (part of `#[warn(unused)]`) on by default

warning: empty line after doc comment
  --> crates/daw-plugin-host/src/clap_wrapper.rs:7:1
   |
 7 | / /// on the RT path.
 8 | |
   | |_^
 9 |   /// Maximum audio buffer size this host supports (must match the max_frames_count passed to activate).
10 |   const MAX_BUFFER: usize = 4096;
   |   ---------------- the comment documents this constant item
   |
   = help: for further information visit https://rust-lang.github.io/rust-clippy/master/index.html#empty_line_after_doc_comments
   = note: `#[warn(clippy::empty_line_after_doc_comments)]` on by default
   = help: if the empty line is unintentional, remove it
help: if the comment should document the parent module use an inner doc comment
   |
 1 ~ //! Real CLAP plugin wrapper — loads .clap shared libraries and hosts them.
 2 ~ //!
 3 ~ //! Flow: dlopen → clap_entry.init() → factory.create_plugin(host, id) → plugin.activate() → plugin.process()
 4 ~ //!
 5 ~ //! RT-safety: `process_audio_internal` and `process_with_midi` are called on the audio thread.
 6 ~ //! All scratch buffers are preallocated in `new` — no heap allocation occurs
 7 ~ //! on the RT path.
   |
help: if the documentation should include the empty line include it in the comment
   |
 8 | ///
   |

warning: unused imports: `CLAP_WINDOW_API_WIN32` and `CLAP_WINDOW_API_X11`
  --> crates/daw-plugin-host/src/clap_wrapper.rs:34:5
   |
34 |     CLAP_WINDOW_API_WIN32, CLAP_WINDOW_API_X11,
   |     ^^^^^^^^^^^^^^^^^^^^^  ^^^^^^^^^^^^^^^^^^^
   |
   = note: `#[warn(unused_imports)]` (part of `#[warn(unused)]`) on by default

warning: unused import: `CStr`
 --> crates/daw-plugin-host/src/vst3_wrapper.rs:9:24
  |
9 | use std::ffi::{c_void, CStr};
  |                        ^^^^

warning: unused import: `std::ptr`
  --> crates/daw-plugin-host/src/vst3_wrapper.rs:10:5
   |
10 | use std::ptr;
   |     ^^^^^^^^

warning: `daw-core` (lib test) generated 1 warning (run `cargo clippy --fix --lib -p daw-core --tests -- ` to apply 1 suggestion)
warning: `daw-core` (lib) generated 1 warning (1 duplicate)
    Checking symphonia-common v0.6.0
    Checking symphonia-format-riff v0.6.0
warning: unused variable: `clap_id`
   --> crates/daw-plugin-host/src/scanner.rs:133:26
    |
133 |             let (vendor, clap_id, category, has_ui) = if format == "clap" {
    |                          ^^^^^^^ help: if this is intentional, prefix it with an underscore: `_clap_id`
    |
    = note: `#[warn(unused_variables)]` (part of `#[warn(unused)]`) on by default

warning: field `host` is never read
  --> crates/daw-plugin-host/src/clap_wrapper.rs:65:5
   |
59 | pub struct ClapWrapper {
   |            ----------- field in this struct
...
65 |     host: Box<clap_host>,
   |     ^^^^
   |
   = note: `#[warn(dead_code)]` (part of `#[warn(unused)]`) on by default

warning: field `activated` is never read
  --> crates/daw-plugin-host/src/vst3_wrapper.rs:17:5
   |
14 | pub struct Vst3Wrapper {
   |            ----------- field in this struct
...
17 |     activated: bool,
   |     ^^^^^^^^^

    Checking symphonia-codec-vorbis v0.6.0
    Checking symphonia-format-ogg v0.6.0
    Checking symphonia-format-caf v0.6.0
    Checking symphonia-codec-alac v0.6.0
    Checking symphonia-format-isomp4 v0.6.0
    Checking symphonia-bundle-flac v0.6.0
warning: casting raw pointers to the same type and constness is unnecessary (`*const i8` -> `*const i8`)
   --> crates/daw-plugin-host/src/clap_wrapper.rs:237:30
    |
237 |             let factory_id = CLAP_PLUGIN_FACTORY_ID.as_ptr() as *const i8;
    |                              ^^^^^^^^^^^^^^^^^^^^^^^^^^^^^^^^^^^^^^^^^^^^ help: try: `CLAP_PLUGIN_FACTORY_ID.as_ptr()`
    |
    = help: for further information visit https://rust-lang.github.io/rust-clippy/master/index.html#unnecessary_cast
    = note: `#[warn(clippy::unnecessary_cast)]` on by default

warning: items after a test module
    --> crates/daw-plugin-host/src/clap_wrapper.rs:1174:1
     |
1174 | mod tests {
     | ^^^^^^^^^
...
1465 | impl Drop for ClapWrapper {
     | ^^^^^^^^^^^^^^^^^^^^^^^^^
     |
     = help: for further information visit https://rust-lang.github.io/rust-clippy/master/index.html#items_after_test_module
     = note: `#[warn(clippy::items_after_test_module)]` on by default
     = help: move the items to before the test module was defined

    Checking symphonia-format-mkv v0.6.0
warning: items after a test module
   --> crates/daw-plugin-host/src/scanner.rs:191:1
    |
191 | mod tests {
    | ^^^^^^^^^
...
277 | pub fn extract_clap_metadata(path: &Path) -> (String, String) {
    | ^^^^^^^^^^^^^^^^^^^^^^^^^^^^^^^^^^^^^^^^^^^^^^^^^^^^^^^^^^^^^
...
319 | unsafe fn extract_from_factory(entry_ref: &clap_plugin_entry) -> (String, String) {
    | ^^^^^^^^^^^^^^^^^^^^^^^^^^^^^^^^^^^^^^^^^^^^^^^^^^^^^^^^^^^^^^^^^^^^^^^^^^^^^^^^^
    |
    = help: for further information visit https://rust-lang.github.io/rust-clippy/master/index.html#items_after_test_module
    = help: move the items to before the test module was defined

warning: casting raw pointers to the same type and constness is unnecessary (`*const i8` -> `*const i8`)
   --> crates/daw-plugin-host/src/scanner.rs:320:22
    |
320 |     let factory_id = CLAP_PLUGIN_FACTORY_ID.as_ptr() as *const i8;
    |                      ^^^^^^^^^^^^^^^^^^^^^^^^^^^^^^^^^^^^^^^^^^^^ help: try: `CLAP_PLUGIN_FACTORY_ID.as_ptr()`
    |
    = help: for further information visit https://rust-lang.github.io/rust-clippy/master/index.html#unnecessary_cast

warning: `daw-plugin-host` (lib test) generated 11 warnings (8 duplicates) (run `cargo clippy --fix --lib -p daw-plugin-host --tests -- ` to apply 2 suggestions)
    Checking symphonia-codec-aac v0.6.0
warning: `daw-plugin-host` (lib) generated 9 warnings (1 duplicate) (run `cargo clippy --fix --lib -p daw-plugin-host -- ` to apply 4 suggestions)
    Checking automerge v0.10.0
    Checking symphonia v0.6.0
    Checking daw-io v0.1.0 (/Users/josecosta/dev/sourdaw/.agents/worktrees/rustci/crates/daw-io)
    Checking daw-dsp v0.1.0 (/Users/josecosta/dev/sourdaw/.agents/worktrees/rustci/crates/daw-dsp)
    Checking proof-chamber v0.1.0 (/Users/josecosta/dev/sourdaw/.agents/worktrees/rustci/crates/proof-chamber)
    Checking scoring v0.1.0 (/Users/josecosta/dev/sourdaw/.agents/worktrees/rustci/crates/scoring)
    Checking daw-wasm-decoder v0.1.0 (/Users/josecosta/dev/sourdaw/.agents/worktrees/rustci/crates/daw-wasm-decoder)
warning: unused import: `PI`
 --> crates/proof-chamber/src/proof_chamber.rs:9:24
  |
9 | use std::f32::consts::{PI, TAU};
  |                        ^^
  |
  = note: `#[warn(unused_imports)]` (part of `#[warn(unused)]`) on by default

warning: empty line after doc comment
 --> crates/proof-chamber/src/vintage.rs:5:1
  |
5 | / /// Modern: Full bandwidth, clean modulation
6 | |
  | |_^
7 |   /// Vintage mode processor applied to the reverb output.
8 |   pub struct VintageProcessor {
  |   --------------------------- the comment documents this struct
  |
  = help: for further information visit https://rust-lang.github.io/rust-clippy/master/index.html#empty_line_after_doc_comments
  = note: `#[warn(clippy::empty_line_after_doc_comments)]` on by default
  = help: if the empty line is unintentional, remove it
help: if the comment should document the parent module use an inner doc comment
  |
1 ~ //! Vintage character processing — applies era-appropriate degradation.
2 ~ //!
3 ~ //! 1970s: Downsampled to ~20kHz, dark/noisy modulation, limited bandwidth
4 ~ //! 1980s: Full rate, dark modulation character, 15kHz bandwidth
5 ~ //! Modern: Full bandwidth, clean modulation
  |
help: if the documentation should include the empty line include it in the comment
  |
6 | ///
  |

warning: unused import: `HybridMode`
  --> crates/proof-chamber/src/lib.rs:19:14
   |
19 | use hybrid::{HybridMode, HybridReverb};
   |              ^^^^^^^^^^

warning: unnecessary `>= y + 1` or `x - 1 >=`
   --> crates/scoring/src/mpm.rs:199:22
    |
199 |         let y_p = if k + 1 <= max_tau && k + 1 < self.nsdf.len() {
    |                      ^^^^^^^^^^^^^^^^ help: change it to: `k < max_tau`
    |
    = help: for further information visit https://rust-lang.github.io/rust-clippy/master/index.html#int_plus_one
    = note: `#[warn(clippy::int_plus_one)]` on by default

warning: empty line after doc comment
 --> crates/scoring/src/scala.rs:6:1
  |
6 | / /// AnaMark: [Scale Begin] / [Scale End] sections with per-note cent values.
7 | |
  | |_^
8 |   /// A parsed Scala scale.
9 |   pub struct ScalaScale {
  |   --------------------- the comment documents this struct
  |
  = help: for further information visit https://rust-lang.github.io/rust-clippy/master/index.html#empty_line_after_doc_comments
  = note: `#[warn(clippy::empty_line_after_doc_comments)]` on by default
  = help: if the empty line is unintentional, remove it
help: if the comment should document the parent module use an inner doc comment
  |
1 ~ //! Scala .scl and AnaMark .tun file format parsers.
2 ~ //!
3 ~ //! Scala: comments (!), description, note count N, then N pitch values
4 ~ //! as either cents (408.0) or ratios (5/4).
5 ~ //!
6 ~ //! AnaMark: [Scale Begin] / [Scale End] sections with per-note cent values.
  |
help: if the documentation should include the empty line include it in the comment
  |
7 | ///
  |

warning: empty line after doc comment
 --> crates/scoring/src/tuning.rs:2:1
  |
2 | / /// Supports 12-TET (default), adjustable A4 reference, and cent offset tables.
3 | |
  | |_^
4 |   const NOTE_NAMES: [&str; 12] = [
  |   ---------------- the comment documents this constant item
  |
  = help: for further information visit https://rust-lang.github.io/rust-clippy/master/index.html#empty_line_after_doc_comments
  = help: if the empty line is unintentional, remove it
help: if the comment should document the parent module use an inner doc comment
  |
1 ~ //! Tuning system — maps detected frequency to note name and cent deviation.
2 ~ //! Supports 12-TET (default), adjustable A4 reference, and cent offset tables.
  |

warning: field `sample_rate` is never read
   --> crates/scoring/src/lib.rs:225:5
    |
224 | pub struct ScoringEngine {
    |            ------------- field in this struct
225 |     sample_rate: f32,
    |     ^^^^^^^^^^^
    |
    = note: `#[warn(dead_code)]` (part of `#[warn(unused)]`) on by default

warning: the loop variable `tau` is used to index `autocorr`
   --> crates/scoring/src/mpm.rs:109:20
    |
109 |         for tau in 0..=max_tau {
    |                    ^^^^^^^^^^^
    |
    = help: for further information visit https://rust-lang.github.io/rust-clippy/master/index.html#needless_range_loop
    = note: `#[warn(clippy::needless_range_loop)]` on by default
help: consider using an iterator and enumerate()
    |
109 -         for tau in 0..=max_tau {
109 +         for (tau, <item>) in autocorr.iter().enumerate().take(max_tau + 1) {
    |

warning: the loop variable `i` is used to index `buffer`
   --> crates/scoring/src/preprocess.rs:106:14
    |
106 |     for i in 0..n {
    |              ^^^^
    |
    = help: for further information visit https://rust-lang.github.io/rust-clippy/master/index.html#needless_range_loop
help: consider using an iterator and enumerate()
    |
106 -     for i in 0..n {
106 +     for (i, <item>) in buffer.iter_mut().enumerate().take(n) {
    |

warning: you should consider adding a `Default` implementation for `ScalaScale`
  --> crates/scoring/src/scala.rs:17:5
   |
17 | /     pub fn new() -> Self {
18 | |         Self {
19 | |             description: [0; 64],
20 | |             note_count: 0,
...  |
23 | |     }
   | |_____^
   |
   = help: for further information visit https://rust-lang.github.io/rust-clippy/master/index.html#new_without_default
   = note: `#[warn(clippy::new_without_default)]` on by default
help: try adding this
   |
16 + impl Default for ScalaScale {
17 +     fn default() -> Self {
18 +         Self::new()
19 +     }
20 + }
   |

warning: you should consider adding a `Default` implementation for `AnaMarkTuning`
   --> crates/scoring/src/scala.rs:104:5
    |
104 | /     pub fn new() -> Self {
105 | |         // Default: 12-TET at A=440
106 | |         let mut cents = [0.0_f32; 128];
107 | |         for i in 0..128 {
...   |
114 | |     }
    | |_____^
    |
    = help: for further information visit https://rust-lang.github.io/rust-clippy/master/index.html#new_without_default
help: try adding this
    |
103 + impl Default for AnaMarkTuning {
104 +     fn default() -> Self {
105 +         Self::new()
106 +     }
107 + }
    |

warning: the loop variable `i` is used to index `cents`
   --> crates/scoring/src/scala.rs:107:18
    |
107 |         for i in 0..128 {
    |                  ^^^^^^
    |
    = help: for further information visit https://rust-lang.github.io/rust-clippy/master/index.html#needless_range_loop
help: consider using an iterator and enumerate()
    |
107 -         for i in 0..128 {
107 +         for (i, <item>) in cents.iter_mut().enumerate() {
    |

warning: the loop variable `i` is used to index `offsets`
   --> crates/scoring/src/scala.rs:163:18
    |
163 |         for i in 0..12 {
    |                  ^^^^^
    |
    = help: for further information visit https://rust-lang.github.io/rust-clippy/master/index.html#needless_range_loop
help: consider using an iterator and enumerate()
    |
163 -         for i in 0..12 {
163 +         for (i, <item>) in offsets.iter_mut().enumerate() {
    |

warning: you should consider adding a `Default` implementation for `TuningSystem`
  --> crates/scoring/src/tuning.rs:17:5
   |
17 | /     pub fn new() -> Self {
18 | |         Self {
19 | |             a4_hz: 440.0,
20 | |             transpose_semitones: 0,
...  |
24 | |     }
   | |_____^
   |
   = help: for further information visit https://rust-lang.github.io/rust-clippy/master/index.html#new_without_default
help: try adding this
   |
16 + impl Default for TuningSystem {
17 +     fn default() -> Self {
18 +         Self::new()
19 +     }
20 + }
   |

warning: the loop variable `i` is used to index `output`
  --> crates/scoring/src/lib.rs:91:18
   |
91 |         for i in 0..len {
   |                  ^^^^^^
   |
   = help: for further information visit https://rust-lang.github.io/rust-clippy/master/index.html#needless_range_loop
help: consider using an iterator and enumerate()
   |
91 -         for i in 0..len {
91 +         for (i, <item>) in output.iter_mut().enumerate().take(len) {
   |

warning: the loop variable `i` is used to index `pairs`
   --> crates/scoring/src/lib.rs:138:18
    |
138 |         for i in 0..self.count {
    |                  ^^^^^^^^^^^^^
    |
    = help: for further information visit https://rust-lang.github.io/rust-clippy/master/index.html#needless_range_loop
help: consider using an iterator and enumerate()
    |
138 -         for i in 0..self.count {
138 +         for (i, <item>) in pairs.iter_mut().enumerate().take(self.count) {
    |

warning: the loop variable `i` is only used to index `pairs`
   --> crates/scoring/src/lib.rs:159:18
    |
159 |         for i in 0..self.count {
    |                  ^^^^^^^^^^^^^
    |
    = help: for further information visit https://rust-lang.github.io/rust-clippy/master/index.html#needless_range_loop
help: consider using an iterator
    |
159 -         for i in 0..self.count {
159 +         for <item> in pairs.iter().take(self.count) {
    |

warning: field `envelope_phase` is never read
  --> crates/proof-chamber/src/reverse.rs:29:5
   |
12 | pub struct ReverseReverb {
   |            ------------- field in this struct
...
29 |     envelope_phase: f32,
   |     ^^^^^^^^^^^^^^
   |
   = note: `#[warn(dead_code)]` (part of `#[warn(unused)]`) on by default

warning: manually reimplementing `div_ceil`
   --> crates/proof-chamber/src/convolution.rs:149:30
    |
149 |         let num_partitions = (ir_segment.len() + partition_size - 1) / partition_size;
    |                              ^^^^^^^^^^^^^^^^^^^^^^^^^^^^^^^^^^^^^^^^^^^^^^^^^^^^^^^^ help: consider using `.div_ceil()`: `ir_segment.len().div_ceil(partition_size)`
    |
    = help: for further information visit https://rust-lang.github.io/rust-clippy/master/index.html#manual_div_ceil
    = note: `#[warn(clippy::manual_div_ceil)]` on by default

warning: you should consider adding a `Default` implementation for `Biquad`
  --> crates/proof-chamber/src/decay_eq.rs:24:5
   |
24 | /     pub fn new() -> Self {
25 | |         Self {
26 | |             b0: 1.0,
27 | |             b1: 0.0,
...  |
34 | |     }
   | |_____^
   |
   = help: for further information visit https://rust-lang.github.io/rust-clippy/master/index.html#new_without_default
   = note: `#[warn(clippy::new_without_default)]` on by default
help: try adding this
   |
23 + impl Default for Biquad {
24 +     fn default() -> Self {
25 +         Self::new()
26 +     }
27 + }
   |

warning: the loop variable `i` is only used to index `PRIMES`
  --> crates/proof-chamber/src/fdn.rs:62:14
   |
62 |     for i in 0..n.min(PRIMES.len()) {
   |              ^^^^^^^^^^^^^^^^^^^^^^
   |
   = help: for further information visit https://rust-lang.github.io/rust-clippy/master/index.html#needless_range_loop
   = note: `#[warn(clippy::needless_range_loop)]` on by default
help: consider using an iterator
   |
62 -     for i in 0..n.min(PRIMES.len()) {
62 +     for <item> in PRIMES.iter().take(n.min(PRIMES.len())) {
   |

warning: `scoring` (lib) generated 14 warnings (run `cargo clippy --fix --lib -p scoring -- ` to apply 4 suggestions)
warning: large size difference between variants
  --> crates/proof-chamber/src/lib.rs:58:1
   |
58 | / enum ReverbEngine {
59 | |     Plate(ProofChamber),
   | |     ------------------- the second-largest variant contains at least 1200 bytes
60 | |     Fdn8(FdnReverb),
61 | |     Fdn16(FdnReverb),
...  |
64 | |     Hybrid(HybridReverb),
   | |     -------------------- the largest variant contains at least 1560 bytes
65 | |     Reverse(ReverseReverb),
66 | | }
   | |_^ the entire enum is at least 1560 bytes
   |
   = help: for further information visit https://rust-lang.github.io/rust-clippy/master/index.html#large_enum_variant
   = note: `#[warn(clippy::large_enum_variant)]` on by default
help: consider boxing the large fields or introducing indirection in some other way to reduce the total size of the enum
   |
64 -     Hybrid(HybridReverb),
64 +     Hybrid(Box<HybridReverb>),
   |

warning: `scoring` (lib test) generated 14 warnings (14 duplicates)
warning: `proof-chamber` (lib) generated 8 warnings (run `cargo clippy --fix --lib -p proof-chamber -- ` to apply 4 suggestions)
warning: variable does not need to be mutable
   --> crates/scoring/tests/quantum_cost.rs:121:9
    |
121 |     let mut fill = |block: usize, left: &mut [f32; QUANTUM], right: &mut [f32; QUANTUM]| {
    |         ----^^^^
    |         |
    |         help: remove this `mut`
    |
    = note: `#[warn(unused_mut)]` (part of `#[warn(unused)]`) on by default

warning: unused variable: `p99`
   --> crates/scoring/tests/quantum_cost.rs:153:9
    |
153 |     let p99 = quantile(&samples, 0.99);
    |         ^^^ help: if this is intentional, prefix it with an underscore: `_p99`
    |
    = note: `#[warn(unused_variables)]` (part of `#[warn(unused)]`) on by default

warning: unused variable: `max`
   --> crates/scoring/tests/quantum_cost.rs:154:9
    |
154 |     let max = *samples.last().expect("timed at least one quantum") as f64;
    |         ^^^ help: if this is intentional, prefix it with an underscore: `_max`

warning: `scoring` (test "quantum_cost") generated 3 warnings (run `cargo clippy --fix --test "quantum_cost" -p scoring -- ` to apply 3 suggestions)
warning: manual implementation of `.is_multiple_of()`
  --> crates/proof-chamber/tests/reverb_process_rt.rs:51:20
   |
51 |     let click = if frame % 4_096 == 0 { 0.9 } else { 0.0 };
   |                    ^^^^^^^^^^^^^^^^^^ help: replace with: `frame.is_multiple_of(4_096)`
   |
   = help: for further information visit https://rust-lang.github.io/rust-clippy/master/index.html#manual_is_multiple_of
   = note: `#[warn(clippy::manual_is_multiple_of)]` on by default

warning: variable does not need to be mutable
   --> crates/proof-chamber/tests/quantum_cost.rs:162:13
    |
162 |         let mut fill = |block: usize, left: &mut [f32; QUANTUM], right: &mut [f32; QUANTUM]| {
    |             ----^^^^
    |             |
    |             help: remove this `mut`
    |
    = note: `#[warn(unused_mut)]` (part of `#[warn(unused)]`) on by default

warning: `proof-chamber` (test "reverb_process_rt") generated 1 warning (run `cargo clippy --fix --test "reverb_process_rt" -p proof-chamber -- ` to apply 1 suggestion)
warning: unused variable: `p99`
   --> crates/proof-chamber/tests/quantum_cost.rs:207:13
    |
207 |         let p99 = quantile(&samples, 0.99);
    |             ^^^ help: if this is intentional, prefix it with an underscore: `_p99`
    |
    = note: `#[warn(unused_variables)]` (part of `#[warn(unused)]`) on by default

warning: unused variable: `max`
   --> crates/proof-chamber/tests/quantum_cost.rs:208:13
    |
208 |         let max = *samples.last().expect("timed at least one quantum") as f64;
    |             ^^^ help: if this is intentional, prefix it with an underscore: `_max`

warning: doc list item without indentation
  --> crates/proof-chamber/tests/algorithm_wire_contract.rs:16:5
   |
16 | //! 1b. Where a value's *behaviour* does change, that is stated and pinned
   |     ^
   |
   = help: if this is supposed to be its own paragraph, add a blank line
   = help: for further information visit https://rust-lang.github.io/rust-clippy/master/index.html#doc_lazy_continuation
   = note: `#[warn(clippy::doc_lazy_continuation)]` on by default
help: indent this line
   |
16 | //!    1b. Where a value's *behaviour* does change, that is stated and pinned
   |     +++

warning: `proof-chamber` (test "quantum_cost") generated 3 warnings (run `cargo clippy --fix --test "quantum_cost" -p proof-chamber -- ` to apply 3 suggestions)
warning: `proof-chamber` (test "algorithm_wire_contract") generated 1 warning
warning: `proof-chamber` (lib test) generated 8 warnings (8 duplicates)
warning: empty line after doc comment
   --> crates/daw-dsp/src/fermenter/effects.rs:671:1
    |
671 | / /// Canonical base sample rate: 29761 Hz — all delay lengths scale proportionally.
672 | |
    | |_^
673 |   const BASE_SR: f32 = 29761.0;
    |   ------------- the comment documents this constant item
    |
    = help: for further information visit https://rust-lang.github.io/rust-clippy/master/index.html#empty_line_after_doc_comments
    = note: `#[warn(clippy::empty_line_after_doc_comments)]` on by default
    = help: if the empty line is unintentional, remove it

warning: empty line after doc comment
 --> crates/daw-dsp/src/fermenter/filter.rs:3:1
  |
3 | / /// Based on Vadim Zavalishin's "The Art of VA Filter Design."
4 | |
  | |_^
5 |   use crate::primitives::flush_denormal;
  |   - the comment documents this `use` import
  |
  = help: for further information visit https://rust-lang.github.io/rust-clippy/master/index.html#empty_line_after_doc_comments
  = help: if the empty line is unintentional, remove it
help: if the comment should document the parent module use an inner doc comment
  |
1 ~ //! TPT (Topology-Preserving Transform) State Variable Filter.
2 ~ //! Implements LP, HP, BP, Notch with zero-delay feedback.
3 ~ //! Based on Vadim Zavalishin's "The Art of VA Filter Design."
  |

warning: empty line after doc comment
 --> crates/daw-dsp/src/fermenter/modulation.rs:3:1
  |
3 | / /// Future: full user-configurable mod matrix.
4 | |
  | |_^
5 |   pub const MAX_MOD_SLOTS: usize = 32;
  |   ----------------------- the comment documents this constant item
  |
  = help: for further information visit https://rust-lang.github.io/rust-clippy/master/index.html#empty_line_after_doc_comments
  = help: if the empty line is unintentional, remove it
help: if the comment should document the parent module use an inner doc comment
  |
1 ~ //! Modulation matrix — flat slot-based architecture.
2 ~ //! Phase 1: hardwired routes (env→filter, LFO→pitch).
3 ~ //! Future: full user-configurable mod matrix.
  |

warning: empty line after doc comment
 --> crates/daw-dsp/src/fermenter/noise.rs:2:1
  |
2 | / /// Uses a simple xorshift32 PRNG — no external dependencies.
3 | |
  | |_^
4 |   /// Noise color constants.
5 |   pub const NOISE_WHITE: u8 = 0;
  |   --------------------- the comment documents this constant item
  |
  = help: for further information visit https://rust-lang.github.io/rust-clippy/master/index.html#empty_line_after_doc_comments
  = help: if the empty line is unintentional, remove it
help: if the comment should document the parent module use an inner doc comment
  |
1 ~ //! Noise generator with white, pink, and brown noise.
2 ~ //! Uses a simple xorshift32 PRNG — no external dependencies.
  |
help: if the documentation should include the empty line include it in the comment
  |
3 | ///
  |

warning: empty line after doc comment
 --> crates/daw-dsp/src/fermenter/oscillator.rs:1:1
  |
1 | / /// Wavetable and Virtual Analog oscillators with anti-aliasing.
2 | |
  | |_^
3 |   const TABLE_SIZE: usize = 2048;
  |   ---------------- the comment documents this constant item
  |
  = help: for further information visit https://rust-lang.github.io/rust-clippy/master/index.html#empty_line_after_doc_comments
  = help: if the empty line is unintentional, remove it
help: if the comment should document the parent module use an inner doc comment
  |
1 - /// Wavetable and Virtual Analog oscillators with anti-aliasing.
1 + //! Wavetable and Virtual Analog oscillators with anti-aliasing.
  |

warning: unnecessary `>= y + 1` or `x - 1 >=`
  --> crates/daw-dsp/src/knead/yin.rs:80:19
   |
80 |             while t0 + 1 <= tau_max && work_buffer_cmnd[t0 + 1] < work_buffer_cmnd[t0] {
   |                   ^^^^^^^^^^^^^^^^^ help: change it to: `t0 < tau_max`
   |
   = help: for further information visit https://rust-lang.github.io/rust-clippy/master/index.html#int_plus_one
   = note: `#[warn(clippy::int_plus_one)]` on by default

warning: empty line after doc comment
 --> crates/daw-dsp/src/crumbs/analysis/loop_points.rs:5:1
  |
5 | / /// on zero crossings with similar waveform shape, minimizing click artifacts.
6 | |
  | |_^
...
9 |   pub struct LoopPointResult {
  |   -------------------------- the comment documents this struct
  |
  = help: for further information visit https://rust-lang.github.io/rust-clippy/master/index.html#empty_line_after_doc_comments
  = help: if the empty line is unintentional, remove it
help: if the comment should document the parent module use an inner doc comment
  |
1 ~ //! Smart Loop Points — automatic zero-crossing detection and crossfade
2 ~ //! length calculation for click-free loops.
3 ~ //!
4 ~ //! Scans the waveform to find optimal loop start/end positions that land
5 ~ //! on zero crossings with similar waveform shape, minimizing click artifacts.
  |
help: if the documentation should include the empty line include it in the comment
  |
6 | ///
  |

warning: empty lines after doc comment
 --> crates/daw-dsp/src/crumbs/types.rs:1:1
  |
1 | / /// Core types and constants for the Unified Crumbs Suite.
... |
4 | |
  | |_^
5 |   /// Pre-allocated voice pool size.
6 |   pub const MAX_VOICES: usize = 128;
  |   -------------------- the comment documents this constant item
  |
  = help: for further information visit https://rust-lang.github.io/rust-clippy/master/index.html#empty_line_after_doc_comments
  = help: if the empty lines are unintentional, remove them
help: if the doc comment should not document constant item `MAX_VOICES` then comment it out
  |
1 | // /// Core types and constants for the Unified Crumbs Suite.
  | ++

warning: empty line after doc comment
  --> crates/daw-dsp/src/crumbs/warp/repitch.rs:7:1
   |
 7 | / /// This is the simplest "warp" mode — no spectral processing needed.
 8 | |
   | |_^
 9 |   /// Compute the playback speed ratio for a given semitone transposition.
10 |   pub fn semitones_to_ratio(semitones: f32) -> f64 {
   |   ------------------------- the comment documents this function
   |
   = help: for further information visit https://rust-lang.github.io/rust-clippy/master/index.html#empty_line_after_doc_comments
   = help: if the empty line is unintentional, remove it
help: if the comment should document the parent module use an inner doc comment
   |
 1 ~ //! Repitch — simple playback rate change without time correction.
 2 ~ //!
 3 ~ //! Changes pitch and duration simultaneously by adjusting the playback
 4 ~ //! speed. A ratio of 2.0 doubles the pitch and halves the duration.
 5 ~ //! Uses the voice's existing cubic Hermite interpolation for quality.
 6 ~ //!
 7 ~ //! This is the simplest "warp" mode — no spectral processing needed.
   |
help: if the documentation should include the empty line include it in the comment
   |
 8 | ///
   |

    Checking half v2.7.1
    Checking ciborium-ll v0.2.2
    Checking ciborium v0.2.2
    Checking criterion v0.5.1
warning: method `reset` is never used
   --> crates/daw-dsp/src/bacteria/engine.rs:639:8
    |
612 | impl StepSequencer {
    | ------------------ method in this implementation
...
639 |     fn reset(&mut self) {
    |        ^^^^^
    |
    = note: `#[warn(dead_code)]` (part of `#[warn(unused)]`) on by default

warning: fields `rms_l` and `rms_r` are never read
  --> crates/daw-dsp/src/gluten/engine.rs:60:5
   |
35 | pub struct GlutenEngine {
   |            ------------ fields in this struct
...
60 |     rms_l: RmsDetector,
   |     ^^^^^
61 |     rms_r: RmsDetector,
   |     ^^^^^

warning: function `jfet_distortion` is never used
   --> crates/daw-dsp/src/gluten/fet.rs:182:4
    |
182 | fn jfet_distortion(x: f32) -> f32 {
    |    ^^^^^^^^^^^^^^^

warning: method `update_sample_rate` is never used
  --> crates/daw-dsp/src/gluten/vca.rs:27:8
   |
17 | impl AutoRelease {
   | ---------------- method in this implementation
...
27 |     fn update_sample_rate(&mut self, sample_rate: f32) {
   |        ^^^^^^^^^^^^^^^^^^

warning: field `psola_work_buffer` is never read
  --> crates/daw-dsp/src/knead/engine.rs:19:5
   |
 7 | pub struct KneadEngine {
   |            ----------- field in this struct
...
19 |     psola_work_buffer: Vec<f32>,
   |     ^^^^^^^^^^^^^^^^^

warning: constant `MAX_TRANSITIONS` is never used
  --> crates/daw-dsp/src/levain/legato.rs:63:7
   |
63 | const MAX_TRANSITIONS: usize = 1024;
   |       ^^^^^^^^^^^^^^^

warning: constant `NUM_MODULES` is never used
  --> crates/daw-dsp/src/proof/mod.rs:28:7
   |
28 | const NUM_MODULES: usize = 5;
   |       ^^^^^^^^^^^

warning: constant `NUM_TAPS` is never used
  --> crates/daw-dsp/src/proof/mod.rs:29:7
   |
29 | const NUM_TAPS: usize = 6;
   |       ^^^^^^^^

warning: field `sample_rate` is never read
   --> crates/daw-dsp/src/proof/dynamic_eq.rs:170:5
    |
168 | pub struct DynamicEq {
    |            --------- field in this struct
169 |     bands: [DynEqBand; MAX_DYN_BANDS],
170 |     sample_rate: f64,
    |     ^^^^^^^^^^^

warning: fields `crossover_freqs` and `sample_rate` are never read
   --> crates/daw-dsp/src/proof/exciter.rs:150:5
    |
147 | pub struct HarmonicExciter {
    |            --------------- fields in this struct
...
150 |     crossover_freqs: [f64; 3],
    |     ^^^^^^^^^^^^^^^
151 |     sample_rate: f64,
    |     ^^^^^^^^^^^

warning: fields `overlap_l`, `overlap_r`, and `block_size` are never read
  --> crates/daw-dsp/src/proof/linear_phase_eq.rs:70:5
   |
64 | pub struct LinearPhaseEq {
   |            ------------- fields in this struct
...
70 |     overlap_l: Vec<f32>,
   |     ^^^^^^^^^
71 |     overlap_r: Vec<f32>,
   |     ^^^^^^^^^
72 |     write_pos: usize,
73 |     block_size: usize,
   |     ^^^^^^^^^^

warning: field `burst_phase` is never read
  --> crates/daw-dsp/src/toaster/engines/clap_808.rs:16:28
   |
16 |     Burst { burst_idx: u8, burst_phase: f32 },
   |     -----                  ^^^^^^^^^^^
   |     |
   |     field in this variant

warning: constant `DECAY_CENTER_S` is never used
  --> crates/daw-dsp/src/toaster/engines/kick_808.rs:37:7
   |
37 | const DECAY_CENTER_S: f32 = 0.3;
   |       ^^^^^^^^^^^^^^

warning: field `r166` is never read
  --> crates/daw-dsp/src/toaster/engines/kick_808.rs:42:5
   |
40 | pub struct Kick808Engine {
   |            ------------- field in this struct
41 |     // Component values (may be jittered by tolerance seed)
42 |     r166: f32,
   |     ^^^^

warning: constant `RIM_FREQ1` is never used
  --> crates/daw-dsp/src/toaster/engines/perc_808.rs:32:7
   |
32 | const RIM_FREQ1: f32 = 1667.0;
   |       ^^^^^^^^^

warning: constant `RIM_FREQ2` is never used
  --> crates/daw-dsp/src/toaster/engines/perc_808.rs:33:7
   |
33 | const RIM_FREQ2: f32 = 455.0;
   |       ^^^^^^^^^

warning: field `freq_base` is never read
  --> crates/daw-dsp/src/toaster/engines/tom_808.rs:33:5
   |
27 | struct TomParams {
   |        --------- field in this struct
...
33 |     freq_base: f32,
   |     ^^^^^^^^^

warning: field `output_rate` is never read
  --> crates/daw-dsp/src/toaster/sp1200.rs:73:5
   |
36 | pub struct Sp1200Effect {
   |            ------------ field in this struct
...
73 |     output_rate: f32,     // host sample rate (for ZOH period calculation)
   |     ^^^^^^^^^^^

warning: you should consider adding a `Default` implementation for `ConvolutionProcessor`
  --> crates/daw-dsp/src/bacteria/convolution.rs:28:5
   |
28 | /     pub fn new() -> Self {
29 | |         Self {
30 | |             ir_left: Vec::new(),
31 | |             ir_right: Vec::new(),
...  |
40 | |     }
   | |_____^
   |
   = help: for further information visit https://rust-lang.github.io/rust-clippy/master/index.html#new_without_default
   = note: `#[warn(clippy::new_without_default)]` on by default
help: try adding this
   |
27 + impl Default for ConvolutionProcessor {
28 +     fn default() -> Self {
29 +         Self::new()
30 +     }
31 + }
   |

warning: the loop variable `i` is used to index `ir`
  --> crates/daw-dsp/src/bacteria/convolution.rs:77:26
   |
77 |                 for i in 0..length {
   |                          ^^^^^^^^^
   |
   = help: for further information visit https://rust-lang.github.io/rust-clippy/master/index.html#needless_range_loop
   = note: `#[warn(clippy::needless_range_loop)]` on by default
help: consider using an iterator and enumerate()
   |
77 -                 for i in 0..length {
77 +                 for (i, <item>) in ir.iter_mut().enumerate().take(length) {
   |

warning: the loop variable `i` is used to index `ir`
  --> crates/daw-dsp/src/bacteria/convolution.rs:88:26
   |
88 |                 for i in 0..length {
   |                          ^^^^^^^^^
   |
   = help: for further information visit https://rust-lang.github.io/rust-clippy/master/index.html#needless_range_loop
help: consider using an iterator and enumerate()
   |
88 -                 for i in 0..length {
88 +                 for (i, <item>) in ir.iter_mut().enumerate().take(length) {
   |

warning: the loop variable `i` is used to index `ir`
  --> crates/daw-dsp/src/bacteria/convolution.rs:98:26
   |
98 |                 for i in 0..length {
   |                          ^^^^^^^^^
   |
   = help: for further information visit https://rust-lang.github.io/rust-clippy/master/index.html#needless_range_loop
help: consider using an iterator and enumerate()
   |
98 -                 for i in 0..length {
98 +                 for (i, <item>) in ir.iter_mut().enumerate().take(length) {
   |

warning: the loop variable `i` is used to index `ir`
   --> crates/daw-dsp/src/bacteria/convolution.rs:111:26
    |
111 |                 for i in 0..length {
    |                          ^^^^^^^^^
    |
    = help: for further information visit https://rust-lang.github.io/rust-clippy/master/index.html#needless_range_loop
help: consider using an iterator and enumerate()
    |
111 -                 for i in 0..length {
111 +                 for (i, <item>) in ir.iter_mut().enumerate().take(length) {
    |

warning: you should consider adding a `Default` implementation for `DistortionProcessor`
  --> crates/daw-dsp/src/bacteria/distortion.rs:74:5
   |
74 | /     pub fn new() -> Self {
75 | |         Self {
76 | |             mode: DistortionMode::SoftClip,
77 | |             drive: 25.0,
...  |
88 | |     }
   | |_____^
   |
   = help: for further information visit https://rust-lang.github.io/rust-clippy/master/index.html#new_without_default
help: try adding this
   |
73 + impl Default for DistortionProcessor {
74 +     fn default() -> Self {
75 +         Self::new()
76 +     }
77 + }
   |

warning: stripping a prefix manually
   --> crates/daw-dsp/src/bacteria/engine.rs:751:30
    |
751 |             if let Ok(idx) = name[11..].parse::<usize>() {
    |                              ^^^^^^^^^^
    |
note: the prefix was tested here
   --> crates/daw-dsp/src/bacteria/engine.rs:750:9
    |
750 |         if name.starts_with("stepSeqVal_") {
    |         ^^^^^^^^^^^^^^^^^^^^^^^^^^^^^^^^^^^
    = help: for further information visit https://rust-lang.github.io/rust-clippy/master/index.html#manual_strip
    = note: `#[warn(clippy::manual_strip)]` on by default
help: try using the `strip_prefix` method
    |
750 ~         if let Some(<stripped>) = name.strip_prefix("stepSeqVal_") {
751 ~             if let Ok(idx) = <stripped>.parse::<usize>() {
    |

    Checking daw-collab v0.1.0 (/Users/josecosta/dev/sourdaw/.agents/worktrees/rustci/crates/daw-collab)
warning: float has excessive precision
  --> crates/daw-dsp/src/bacteria/hilbert.rs:58:46
   |
58 | const CHAIN_A_COEFFS: [f32; 4] = [0.6923878, 0.9360654322959, 0.9882295226860, 0.9987488452737];
   |                                              ^^^^^^^^^^^^^^^
   |
   = help: for further information visit https://rust-lang.github.io/rust-clippy/master/index.html#excessive_precision
   = note: `#[warn(clippy::excessive_precision)]` on by default
help: consider changing the type or truncating it to
   |
58 - const CHAIN_A_COEFFS: [f32; 4] = [0.6923878, 0.9360654322959, 0.9882295226860, 0.9987488452737];
58 + const CHAIN_A_COEFFS: [f32; 4] = [0.6923878, 0.936_065_44, 0.9882295226860, 0.9987488452737];
   |

warning: float has excessive precision
  --> crates/daw-dsp/src/bacteria/hilbert.rs:58:63
   |
58 | const CHAIN_A_COEFFS: [f32; 4] = [0.6923878, 0.9360654322959, 0.9882295226860, 0.9987488452737];
   |                                                               ^^^^^^^^^^^^^^^
   |
   = help: for further information visit https://rust-lang.github.io/rust-clippy/master/index.html#excessive_precision
help: consider changing the type or truncating it to
   |
58 - const CHAIN_A_COEFFS: [f32; 4] = [0.6923878, 0.9360654322959, 0.9882295226860, 0.9987488452737];
58 + const CHAIN_A_COEFFS: [f32; 4] = [0.6923878, 0.9360654322959, 0.988_229_5, 0.9987488452737];
   |

warning: float has excessive precision
  --> crates/daw-dsp/src/bacteria/hilbert.rs:58:80
   |
58 | const CHAIN_A_COEFFS: [f32; 4] = [0.6923878, 0.9360654322959, 0.9882295226860, 0.9987488452737];
   |                                                                                ^^^^^^^^^^^^^^^
   |
   = help: for further information visit https://rust-lang.github.io/rust-clippy/master/index.html#excessive_precision
help: consider changing the type or truncating it to
   |
58 - const CHAIN_A_COEFFS: [f32; 4] = [0.6923878, 0.9360654322959, 0.9882295226860, 0.9987488452737];
58 + const CHAIN_A_COEFFS: [f32; 4] = [0.6923878, 0.9360654322959, 0.9882295226860, 0.998_748_84];
   |

warning: float has excessive precision
  --> crates/daw-dsp/src/bacteria/hilbert.rs:62:5
   |
62 |     0.4021921162426,
   |     ^^^^^^^^^^^^^^^
   |
   = help: for further information visit https://rust-lang.github.io/rust-clippy/master/index.html#excessive_precision
help: consider changing the type or truncating it to
   |
62 -     0.4021921162426,
62 +     0.402_192_12,
   |

warning: float has excessive precision
  --> crates/daw-dsp/src/bacteria/hilbert.rs:63:5
   |
63 |     0.8561710882420,
   |     ^^^^^^^^^^^^^^^
   |
   = help: for further information visit https://rust-lang.github.io/rust-clippy/master/index.html#excessive_precision
help: consider changing the type or truncating it to
   |
63 -     0.8561710882420,
63 +     0.856_171_1,
   |

warning: float has excessive precision
  --> crates/daw-dsp/src/bacteria/hilbert.rs:64:5
   |
64 |     0.9722909545651,
   |     ^^^^^^^^^^^^^^^
   |
   = help: for further information visit https://rust-lang.github.io/rust-clippy/master/index.html#excessive_precision
help: consider changing the type or truncating it to
   |
64 -     0.9722909545651,
64 +     0.972_290_93,
   |

warning: float has excessive precision
  --> crates/daw-dsp/src/bacteria/hilbert.rs:65:5
   |
65 |     0.9952884791278,
   |     ^^^^^^^^^^^^^^^
   |
   = help: for further information visit https://rust-lang.github.io/rust-clippy/master/index.html#excessive_precision
help: consider changing the type or truncating it to
   |
65 -     0.9952884791278,
65 +     0.995_288_5,
   |

warning: you should consider adding a `Default` implementation for `LofiProcessor`
   --> crates/daw-dsp/src/bacteria/lofi.rs:84:5
    |
 84 | /     pub fn new() -> Self {
 85 | |         let fht_size = 256; // Small for low latency
 86 | |         Self {
 87 | |             bit_depth: 16,
...   |
102 | |     }
    | |_____^
    |
    = help: for further information visit https://rust-lang.github.io/rust-clippy/master/index.html#new_without_default
help: try adding this
    |
 83 + impl Default for LofiProcessor {
 84 +     fn default() -> Self {
 85 +         Self::new()
 86 +     }
 87 + }
    |

warning: the loop variable `i` is used to index `work`
   --> crates/daw-dsp/src/bacteria/lofi.rs:179:26
    |
179 |                 for i in 0..work.len() {
    |                          ^^^^^^^^^^^^^
    |
    = help: for further information visit https://rust-lang.github.io/rust-clippy/master/index.html#needless_range_loop
help: consider using an iterator and enumerate()
    |
179 -                 for i in 0..work.len() {
179 +                 for (i, <item>) in work.iter_mut().enumerate() {
    |

warning: manual implementation of `.is_multiple_of()`
   --> crates/daw-dsp/src/bacteria/lofi.rs:180:24
    |
180 |                     if (i + self.frame_counter) % (skip_rate.max(1) + 3) == 0 {
    |                        ^^^^^^^^^^^^^^^^^^^^^^^^^^^^^^^^^^^^^^^^^^^^^^^^^^^^^^ help: replace with: `(i + self.frame_counter).is_multiple_of(skip_rate.max(1) + 3)`
    |
    = help: for further information visit https://rust-lang.github.io/rust-clippy/master/index.html#manual_is_multiple_of
    = note: `#[warn(clippy::manual_is_multiple_of)]` on by default

warning: method `next` can be confused for the standard trait method `std::iter::Iterator::next`
  --> crates/daw-dsp/src/bacteria/modulation.rs:63:5
   |
63 | /     pub fn next(&mut self) -> f32 {
64 | |         let phase_inc = self.rate / self.sample_rate;
65 | |         self.phase += phase_inc;
...  |
96 | |         raw * self.amount
97 | |     }
   | |_____^
   |
   = help: consider implementing the trait `std::iter::Iterator` or choosing a less ambiguous method name
   = help: for further information visit https://rust-lang.github.io/rust-clippy/master/index.html#should_implement_trait
   = note: `#[warn(clippy::should_implement_trait)]` on by default

warning: float has excessive precision
  --> crates/daw-dsp/src/bacteria/modulation.rs:72:47
   |
72 |                 self.sh_value = (self.phase * 12345.6789).sin();
   |                                               ^^^^^^^^^^
   |
   = help: for further information visit https://rust-lang.github.io/rust-clippy/master/index.html#excessive_precision
help: consider changing the type or truncating it to
   |
72 -                 self.sh_value = (self.phase * 12345.6789).sin();
72 +                 self.sh_value = (self.phase * 12_345.679).sin();
   |

warning: method `next` can be confused for the standard trait method `std::iter::Iterator::next`
   --> crates/daw-dsp/src/bacteria/modulation.rs:179:5
    |
179 | /     pub fn next(&mut self) -> (f32, f32) {
180 | |         let dt = self.speed / self.sample_rate;
...   |
205 | |         (norm_x, norm_z)
206 | |     }
    | |_____^
    |
    = help: consider implementing the trait `std::iter::Iterator` or choosing a less ambiguous method name
    = help: for further information visit https://rust-lang.github.io/rust-clippy/master/index.html#should_implement_trait

warning: method `next` can be confused for the standard trait method `std::iter::Iterator::next`
  --> crates/daw-dsp/src/bacteria/params.rs:28:5
   |
28 | /     pub fn next(&mut self) -> f32 {
29 | |         self.current = self.target + self.coeff * (self.current - self.target);
30 | |         self.current
31 | |     }
   | |_____^
   |
   = help: consider implementing the trait `std::iter::Iterator` or choosing a less ambiguous method name
   = help: for further information visit https://rust-lang.github.io/rust-clippy/master/index.html#should_implement_trait

warning: the loop variable `i` is used to index `bit_reverse`
  --> crates/daw-dsp/src/bacteria/stft.rs:77:14
   |
77 |     for i in 0..n {
   |              ^^^^
   |
   = help: for further information visit https://rust-lang.github.io/rust-clippy/master/index.html#needless_range_loop
help: consider using an iterator and enumerate()
   |
77 -     for i in 0..n {
77 +     for (i, <item>) in bit_reverse.iter().enumerate().take(n) {
   |

warning: you should consider adding a `Default` implementation for `BreakdownProcessor`
   --> crates/daw-dsp/src/bacteria/stft.rs:421:5
    |
421 | /     pub fn new() -> Self {
422 | |         let fft_size = 2048;
423 | |         let half = fft_size / 2 + 1;
424 | |         let mut stft = StftProcessor::new(fft_size);
...   |
432 | |     }
    | |_____^
    |
    = help: for further information visit https://rust-lang.github.io/rust-clippy/master/index.html#new_without_default
help: try adding this
    |
420 + impl Default for BreakdownProcessor {
421 +     fn default() -> Self {
422 +         Self::new()
423 +     }
424 + }
    |

warning: you should consider adding a `Default` implementation for `CustomWaveshaper`
  --> crates/daw-dsp/src/bacteria/waveshaper.rs:48:5
   |
48 | /     pub fn new() -> Self {
49 | |         // Default: identity transfer function (y = x)
50 | |         let segments = vec![BezierSegment {
51 | |             p0: (-1.0, -1.0),
...  |
64 | |         ws
65 | |     }
   | |_____^
   |
   = help: for further information visit https://rust-lang.github.io/rust-clippy/master/index.html#new_without_default
help: try adding this
   |
47 + impl Default for CustomWaveshaper {
48 +     fn default() -> Self {
49 +         Self::new()
50 +     }
51 + }
   |

warning: the loop variable `band` is used to index `out`
   --> crates/daw-dsp/src/crust/bands.rs:122:21
    |
122 |         for band in 0..crossovers.len() {
    |                     ^^^^^^^^^^^^^^^^^^^
    |
    = help: for further information visit https://rust-lang.github.io/rust-clippy/master/index.html#needless_range_loop
help: consider using an iterator and enumerate()
    |
122 -         for band in 0..crossovers.len() {
122 +         for (band, <item>) in out.iter_mut().enumerate().take(crossovers.len()) {
    |

warning: the loop variable `later` is only used to index `crossovers`
   --> crates/daw-dsp/src/crust/bands.rs:124:26
    |
124 |             for later in (band + 1)..crossovers.len() {
    |                          ^^^^^^^^^^^^^^^^^^^^^^^^^^^^
    |
    = help: for further information visit https://rust-lang.github.io/rust-clippy/master/index.html#needless_range_loop
help: consider using an iterator
    |
124 -             for later in (band + 1)..crossovers.len() {
124 +             for <item> in crossovers.iter().skip((band + 1)) {
    |

warning: you should consider adding a `Default` implementation for `AdditiveEngine`
  --> crates/daw-dsp/src/fermenter/additive.rs:24:5
   |
24 | /     pub fn new() -> Self {
25 | |         let mut engine = Self {
26 | |             phases: [0.0; MAX_PARTIALS],
27 | |             amplitudes: [0.0; MAX_PARTIALS],
...  |
34 | |         engine
35 | |     }
   | |_____^
   |
   = help: for further information visit https://rust-lang.github.io/rust-clippy/master/index.html#new_without_default
help: try adding this
   |
23 + impl Default for AdditiveEngine {
24 +     fn default() -> Self {
25 +         Self::new()
26 +     }
27 + }
   |

warning: clamp-like pattern without using clamp function
   --> crates/daw-dsp/src/fermenter/additive.rs:113:28
    |
113 |         let active_count = self.num_partials.min(64).max(1) as f32;
    |                            ^^^^^^^^^^^^^^^^^^^^^^^^^^^^^^^^ help: replace with clamp: `self.num_partials.clamp(1, 64)`
    |
    = note: clamp will panic if max < min
    = help: for further information visit https://rust-lang.github.io/rust-clippy/master/index.html#manual_clamp
    = note: `#[warn(clippy::manual_clamp)]` on by default

warning: you should consider adding a `Default` implementation for `LorenzMod`
  --> crates/daw-dsp/src/fermenter/chaos.rs:17:5
   |
17 | /     pub fn new() -> Self {
18 | |         Self {
19 | |             x: 0.1,
20 | |             y: 0.0,
...  |
26 | |     }
   | |_____^
   |
   = help: for further information visit https://rust-lang.github.io/rust-clippy/master/index.html#new_without_default
help: try adding this
   |
16 + impl Default for LorenzMod {
17 +     fn default() -> Self {
18 +         Self::new()
19 +     }
20 + }
   |

warning: you should consider adding a `Default` implementation for `PerlinMod`
  --> crates/daw-dsp/src/fermenter/chaos.rs:85:5
   |
85 | /     pub fn new() -> Self {
86 | |         Self {
87 | |             phase: 0.0,
88 | |             speed: 1.0,
...  |
93 | |     }
   | |_____^
   |
   = help: for further information visit https://rust-lang.github.io/rust-clippy/master/index.html#new_without_default
help: try adding this
   |
84 + impl Default for PerlinMod {
85 +     fn default() -> Self {
86 +         Self::new()
87 +     }
88 + }
   |

warning: you should consider adding a `Default` implementation for `Distortion`
   --> crates/daw-dsp/src/fermenter/effects.rs:300:5
    |
300 | /     pub fn new() -> Self {
301 | |         Self {
302 | |             prev_l: 0.0,
303 | |             prev_r: 0.0,
...   |
307 | |     }
    | |_____^
    |
    = help: for further information visit https://rust-lang.github.io/rust-clippy/master/index.html#new_without_default
help: try adding this
    |
299 + impl Default for Distortion {
300 +     fn default() -> Self {
301 +         Self::new()
302 +     }
303 + }
    |

warning: you should consider adding a `Default` implementation for `Compressor`
   --> crates/daw-dsp/src/fermenter/effects.rs:371:5
    |
371 | /     pub fn new() -> Self {
372 | |         Self { envelope: 0.0 }
373 | |     }
    | |_____^
    |
    = help: for further information visit https://rust-lang.github.io/rust-clippy/master/index.html#new_without_default
help: try adding this
    |
370 + impl Default for Compressor {
371 +     fn default() -> Self {
372 +         Self::new()
373 +     }
374 + }
    |

warning: this function has too many arguments (9/7)
   --> crates/daw-dsp/src/fermenter/effects.rs:375:5
    |
375 | /     pub fn process_block(
376 | |         &mut self,
377 | |         left: &mut [f32],
378 | |         right: &mut [f32],
...   |
384 | |         sample_rate: f32,
385 | |     ) {
    | |_____^
    |
    = help: for further information visit https://rust-lang.github.io/rust-clippy/master/index.html#too_many_arguments
    = note: `#[warn(clippy::too_many_arguments)]` on by default

warning: the loop variable `i` is used to index `taps`
   --> crates/daw-dsp/src/fermenter/effects.rs:507:18
    |
507 |         for i in 0..4 {
    |                  ^^^^
    |
    = help: for further information visit https://rust-lang.github.io/rust-clippy/master/index.html#needless_range_loop
help: consider using an iterator and enumerate()
    |
507 -         for i in 0..4 {
507 +         for (i, <item>) in taps.iter_mut().enumerate() {
    |

warning: you should consider adding a `Default` implementation for `ParametricEq`
   --> crates/daw-dsp/src/fermenter/effects.rs:630:5
    |
630 | /     pub fn new() -> Self {
631 | |         Self {
632 | |             bands_l: [BiquadState::default(); 3],
633 | |             bands_r: [BiquadState::default(); 3],
...   |
637 | |     }
    | |_____^
    |
    = help: for further information visit https://rust-lang.github.io/rust-clippy/master/index.html#new_without_default
help: try adding this
    |
629 + impl Default for ParametricEq {
630 +     fn default() -> Self {
631 +         Self::new()
632 +     }
633 + }
    |

warning: you should consider adding a `Default` implementation for `SvfFilter`
  --> crates/daw-dsp/src/fermenter/filter.rs:24:5
   |
24 | /     pub fn new() -> Self {
25 | |         Self {
26 | |             ic1eq: 0.0,
27 | |             ic2eq: 0.0,
...  |
31 | |     }
   | |_____^
   |
   = help: for further information visit https://rust-lang.github.io/rust-clippy/master/index.html#new_without_default
help: try adding this
   |
23 + impl Default for SvfFilter {
24 +     fn default() -> Self {
25 +         Self::new()
26 +     }
27 + }
   |

warning: you should consider adding a `Default` implementation for `MoogLadder`
   --> crates/daw-dsp/src/fermenter/filter.rs:98:5
    |
 98 | /     pub fn new() -> Self {
 99 | |         Self {
100 | |             s: [0.0; 4],
101 | |             drive: 0.0,
102 | |         }
103 | |     }
    | |_____^
    |
    = help: for further information visit https://rust-lang.github.io/rust-clippy/master/index.html#new_without_default
help: try adding this
    |
 97 + impl Default for MoogLadder {
 98 +     fn default() -> Self {
 99 +         Self::new()
100 +     }
101 + }
    |

warning: you should consider adding a `Default` implementation for `DiodeLadder`
   --> crates/daw-dsp/src/fermenter/filter.rs:143:5
    |
143 | /     pub fn new() -> Self {
144 | |         Self {
145 | |             s: [0.0; 4],
146 | |             y: [0.0; 4],
...   |
149 | |     }
    | |_____^
    |
    = help: for further information visit https://rust-lang.github.io/rust-clippy/master/index.html#new_without_default
help: try adding this
    |
142 + impl Default for DiodeLadder {
143 +     fn default() -> Self {
144 +         Self::new()
145 +     }
146 + }
    |

warning: you should consider adding a `Default` implementation for `FormantFilter`
   --> crates/daw-dsp/src/fermenter/filter.rs:231:5
    |
231 | /     pub fn new() -> Self {
232 | |         Self {
233 | |             bp: [[0.0; 2]; 3],
234 | |             drive: 0.0,
235 | |         }
236 | |     }
    | |_____^
    |
    = help: for further information visit https://rust-lang.github.io/rust-clippy/master/index.html#new_without_default
help: try adding this
    |
230 + impl Default for FormantFilter {
231 +     fn default() -> Self {
232 +         Self::new()
233 +     }
234 + }
    |

warning: you should consider adding a `Default` implementation for `Ms20Filter`
   --> crates/daw-dsp/src/fermenter/filter.rs:306:5
    |
306 | /     pub fn new() -> Self {
307 | |         Self {
308 | |             hp_s1: 0.0,
309 | |             hp_s2: 0.0,
...   |
314 | |     }
    | |_____^
    |
    = help: for further information visit https://rust-lang.github.io/rust-clippy/master/index.html#new_without_default
help: try adding this
    |
305 + impl Default for Ms20Filter {
306 +     fn default() -> Self {
307 +         Self::new()
308 +     }
309 + }
    |

warning: you should consider adding a `Default` implementation for `SemFilter`
   --> crates/daw-dsp/src/fermenter/filter.rs:371:5
    |
371 | /     pub fn new() -> Self {
372 | |         Self {
373 | |             ic1eq: 0.0,
374 | |             ic2eq: 0.0,
...   |
377 | |     }
    | |_____^
    |
    = help: for further information visit https://rust-lang.github.io/rust-clippy/master/index.html#new_without_default
help: try adding this
    |
370 + impl Default for SemFilter {
371 +     fn default() -> Self {
372 +         Self::new()
373 +     }
374 + }
    |

warning: you should consider adding a `Default` implementation for `FmOperator`
  --> crates/daw-dsp/src/fermenter/fm.rs:17:5
   |
17 | /     pub fn new() -> Self {
18 | |         Self {
19 | |             phase: 0.0,
20 | |             prev_output: 0.0,
...  |
25 | |     }
   | |_____^
   |
   = help: for further information visit https://rust-lang.github.io/rust-clippy/master/index.html#new_without_default
help: try adding this
   |
16 + impl Default for FmOperator {
17 +     fn default() -> Self {
18 +         Self::new()
19 +     }
20 + }
   |

warning: you should consider adding a `Default` implementation for `FmEngine`
  --> crates/daw-dsp/src/fermenter/fm.rs:61:5
   |
61 | /     pub fn new() -> Self {
62 | |         let mut engine = Self {
63 | |             ops: [
64 | |                 FmOperator::new(),
...  |
74 | |         engine
75 | |     }
   | |_____^
   |
   = help: for further information visit https://rust-lang.github.io/rust-clippy/master/index.html#new_without_default
help: try adding this
   |
60 + impl Default for FmEngine {
61 +     fn default() -> Self {
62 +         Self::new()
63 +     }
64 + }
   |

warning: the loop variable `j` is used to index `outputs`
   --> crates/daw-dsp/src/fermenter/fm.rs:180:22
    |
180 |             for j in 0..4 {
    |                      ^^^^
    |
    = help: for further information visit https://rust-lang.github.io/rust-clippy/master/index.html#needless_range_loop
help: consider using an iterator and enumerate()
    |
180 -             for j in 0..4 {
180 +             for (j, <item>) in outputs.iter().enumerate() {
    |

warning: the loop variable `i` is used to index `outputs`
   --> crates/daw-dsp/src/fermenter/fm.rs:190:18
    |
190 |         for i in 0..4 {
    |                  ^^^^
    |
    = help: for further information visit https://rust-lang.github.io/rust-clippy/master/index.html#needless_range_loop
help: consider using an iterator and enumerate()
    |
190 -         for i in 0..4 {
190 +         for (i, <item>) in outputs.iter().enumerate() {
    |

warning: you should consider adding a `Default` implementation for `GranularEngine`
  --> crates/daw-dsp/src/fermenter/granular.rs:51:5
   |
51 | /     pub fn new() -> Self {
52 | |         Self {
53 | |             grains: [Grain::default(); MAX_GRAINS],
54 | |             spawn_timer: 0.0,
...  |
63 | |     }
   | |_____^
   |
   = help: for further information visit https://rust-lang.github.io/rust-clippy/master/index.html#new_without_default
help: try adding this
   |
50 + impl Default for GranularEngine {
51 +     fn default() -> Self {
52 +         Self::new()
53 +     }
54 + }
   |

warning: you should consider adding a `Default` implementation for `Lfo`
  --> crates/daw-dsp/src/fermenter/lfo.rs:18:5
   |
18 | /     pub fn new() -> Self {
19 | |         Self {
20 | |             phase: 0.0,
21 | |             shape: LfoShape::Sine,
22 | |         }
23 | |     }
   | |_____^
   |
   = help: for further information visit https://rust-lang.github.io/rust-clippy/master/index.html#new_without_default
help: try adding this
   |
17 + impl Default for Lfo {
18 +     fn default() -> Self {
19 +         Self::new()
20 +     }
21 + }
   |

warning: you should consider adding a `Default` implementation for `ModMatrix`
  --> crates/daw-dsp/src/fermenter/modulation.rs:44:5
   |
44 | /     pub fn new() -> Self {
45 | |         let empty = ModSlot {
46 | |             source: ModSource::None,
47 | |             dest: ModDest::None,
...  |
71 | |         matrix
72 | |     }
   | |_____^
   |
   = help: for further information visit https://rust-lang.github.io/rust-clippy/master/index.html#new_without_default
help: try adding this
   |
43 + impl Default for ModMatrix {
44 +     fn default() -> Self {
45 +         Self::new()
46 +     }
47 + }
   |

warning: this function has too many arguments (8/7)
  --> crates/daw-dsp/src/fermenter/modulation.rs:76:5
   |
76 | /     pub fn evaluate(
77 | |         &self,
78 | |         amp_env: f32,
79 | |         filter_env: f32,
...  |
84 | |         step_seq: f32,
85 | |     ) -> ModOutput {
   | |__________________^
   |
   = help: for further information visit https://rust-lang.github.io/rust-clippy/master/index.html#too_many_arguments

warning: you should consider adding a `Default` implementation for `NoiseGen`
  --> crates/daw-dsp/src/fermenter/noise.rs:51:5
   |
51 | /     pub fn new() -> Self {
52 | |         Self {
53 | |             color: NOISE_WHITE,
54 | |             rng: Xorshift32::new(0xDEAD_BEEF),
...  |
60 | |     }
   | |_____^
   |
   = help: for further information visit https://rust-lang.github.io/rust-clippy/master/index.html#new_without_default
help: try adding this
   |
50 + impl Default for NoiseGen {
51 +     fn default() -> Self {
52 +         Self::new()
53 +     }
54 + }
   |

warning: the loop variable `i` is used to index `table`
  --> crates/daw-dsp/src/fermenter/oscillator.rs:29:26
   |
29 |                 for i in 0..TABLE_SIZE {
   |                          ^^^^^^^^^^^^^
   |
   = help: for further information visit https://rust-lang.github.io/rust-clippy/master/index.html#needless_range_loop
help: consider using an iterator and enumerate()
   |
29 -                 for i in 0..TABLE_SIZE {
29 +                 for (i, <item>) in table.iter_mut().enumerate().take(TABLE_SIZE) {
   |

warning: you should consider adding a `Default` implementation for `WavetableOsc`
   --> crates/daw-dsp/src/fermenter/oscillator.rs:103:5
    |
103 | /     pub fn new() -> Self {
104 | |         Self {
105 | |             phase: 0.0,
106 | |             table_index: 1,
107 | |         } // Default: saw
108 | |     }
    | |_____^
    |
    = help: for further information visit https://rust-lang.github.io/rust-clippy/master/index.html#new_without_default
help: try adding this
    |
102 + impl Default for WavetableOsc {
103 +     fn default() -> Self {
104 +         Self::new()
105 +     }
106 + }
    |

warning: you should consider adding a `Default` implementation for `PolyBlepOsc`
   --> crates/daw-dsp/src/fermenter/oscillator.rs:149:5
    |
149 | /     pub fn new() -> Self {
150 | |         Self {
151 | |             phase: 0.0,
152 | |             pulse_width: 0.5,
153 | |         }
154 | |     }
    | |_____^
    |
    = help: for further information visit https://rust-lang.github.io/rust-clippy/master/index.html#new_without_default
help: try adding this
    |
148 + impl Default for PolyBlepOsc {
149 +     fn default() -> Self {
150 +         Self::new()
151 +     }
152 + }
    |

warning: you should consider adding a `Default` implementation for `UnisonOsc`
   --> crates/daw-dsp/src/fermenter/oscillator.rs:213:5
    |
213 | /     pub fn new() -> Self {
...   |
229 | |     }
    | |_____^
    |
    = help: for further information visit https://rust-lang.github.io/rust-clippy/master/index.html#new_without_default
help: try adding this
    |
212 + impl Default for UnisonOsc {
213 +     fn default() -> Self {
214 +         Self::new()
215 +     }
216 + }
    |

warning: you should consider adding a `Default` implementation for `SamplerEngine`
  --> crates/daw-dsp/src/fermenter/sampler.rs:37:5
   |
37 | /     pub fn new() -> Self {
38 | |         // Initialize with a saw-like waveform as default "sample"
39 | |         let mut buffer = vec![0.0f32; SAMPLE_BUFFER_SIZE];
40 | |         for i in 0..SAMPLE_BUFFER_SIZE {
...  |
58 | |     }
   | |_____^
   |
   = help: for further information visit https://rust-lang.github.io/rust-clippy/master/index.html#new_without_default
help: try adding this
   |
36 + impl Default for SamplerEngine {
37 +     fn default() -> Self {
38 +         Self::new()
39 +     }
40 + }
   |

warning: the loop variable `i` is used to index `buffer`
  --> crates/daw-dsp/src/fermenter/sampler.rs:40:18
   |
40 |         for i in 0..SAMPLE_BUFFER_SIZE {
   |                  ^^^^^^^^^^^^^^^^^^^^^
   |
   = help: for further information visit https://rust-lang.github.io/rust-clippy/master/index.html#needless_range_loop
help: consider using an iterator and enumerate()
   |
40 -         for i in 0..SAMPLE_BUFFER_SIZE {
40 +         for (i, <item>) in buffer.iter_mut().enumerate().take(SAMPLE_BUFFER_SIZE) {
   |

warning: you should consider adding a `Default` implementation for `SpectralWarp`
  --> crates/daw-dsp/src/fermenter/spectral.rs:24:5
   |
24 | /     pub fn new() -> Self {
25 | |         Self {
26 | |             mode: WarpMode::None,
27 | |             amount: 0.0,
...  |
31 | |     }
   | |_____^
   |
   = help: for further information visit https://rust-lang.github.io/rust-clippy/master/index.html#new_without_default
help: try adding this
   |
23 + impl Default for SpectralWarp {
24 +     fn default() -> Self {
25 +         Self::new()
26 +     }
27 + }
   |

warning: you should consider adding a `Default` implementation for `StepSequencer`
  --> crates/daw-dsp/src/fermenter/stepseq.rs:19:5
   |
19 | /     pub fn new() -> Self {
20 | |         // Default: alternating pattern
21 | |         let mut steps = [0.5f32; SEQ_STEPS];
22 | |         for i in 0..SEQ_STEPS {
...  |
33 | |     }
   | |_____^
   |
   = help: for further information visit https://rust-lang.github.io/rust-clippy/master/index.html#new_without_default
help: try adding this
   |
18 + impl Default for StepSequencer {
19 +     fn default() -> Self {
20 +         Self::new()
21 +     }
22 + }
   |

warning: the loop variable `i` is used to index `steps`
  --> crates/daw-dsp/src/fermenter/stepseq.rs:22:18
   |
22 |         for i in 0..SEQ_STEPS {
   |                  ^^^^^^^^^^^^
   |
   = help: for further information visit https://rust-lang.github.io/rust-clippy/master/index.html#needless_range_loop
help: consider using an iterator and enumerate()
   |
22 -         for i in 0..SEQ_STEPS {
22 +         for (i, <item>) in steps.iter_mut().enumerate().take(SEQ_STEPS) {
   |

warning: this function has too many arguments (9/7)
   --> crates/daw-dsp/src/fermenter/voice.rs:441:5
    |
441 | /     pub fn set_envelopes(
442 | |         &mut self,
443 | |         amp_a: f32,
444 | |         amp_d: f32,
...   |
450 | |         filt_r: f32,
451 | |     ) {
    | |_____^
    |
    = help: for further information visit https://rust-lang.github.io/rust-clippy/master/index.html#too_many_arguments

warning: float has excessive precision
  --> crates/daw-dsp/src/gluten/gain_computer.rs:42:11
   |
42 |     (db * 0.16609640474436813_f32).exp2()
   |           ^^^^^^^^^^^^^^^^^^^^^^^
   |
   = help: for further information visit https://rust-lang.github.io/rust-clippy/master/index.html#excessive_precision
help: consider changing the type or truncating it to
   |
42 -     (db * 0.16609640474436813_f32).exp2()
42 +     (db * 0.166_096_4_f32).exp2()
   |

warning: you should consider adding a `Default` implementation for `Oversample2x`
  --> crates/daw-dsp/src/gluten/oversample.rs:50:5
   |
50 | /     pub fn new() -> Self {
51 | |         Self {
52 | |             up_z: [0.0; 3],
53 | |             down_odd_z: [0.0; 3],
...  |
56 | |     }
   | |_____^
   |
   = help: for further information visit https://rust-lang.github.io/rust-clippy/master/index.html#new_without_default
help: try adding this
   |
49 + impl Default for Oversample2x {
50 +     fn default() -> Self {
51 +         Self::new()
52 +     }
53 + }
   |

warning: method `next` can be confused for the standard trait method `std::iter::Iterator::next`
  --> crates/daw-dsp/src/gluten/params.rs:32:5
   |
32 | /     pub fn next(&mut self) -> f32 {
33 | |         self.current = self.coeff * self.current + (1.0 - self.coeff) * self.target;
34 | |         self.current
35 | |     }
   | |_____^
   |
   = help: consider implementing the trait `std::iter::Iterator` or choosing a less ambiguous method name
   = help: for further information visit https://rust-lang.github.io/rust-clippy/master/index.html#should_implement_trait

warning: manual `!RangeInclusive::contains` implementation
  --> crates/daw-dsp/src/grand_boule/parameters.rs:83:8
   |
83 |     if midi_note < MIDI_A0 || midi_note > MIDI_C8 {
   |        ^^^^^^^^^^^^^^^^^^^^^^^^^^^^^^^^^^^^^^^^^^ help: use: `!(MIDI_A0..=MIDI_C8).contains(&midi_note)`
   |
   = help: for further information visit https://rust-lang.github.io/rust-clippy/master/index.html#manual_range_contains
   = note: `#[warn(clippy::manual_range_contains)]` on by default

warning: this function has too many arguments (8/7)
   --> crates/daw-dsp/src/grand_boule/string.rs:196:5
    |
196 | /     pub fn configure_aftersound(
197 | |         &mut self,
198 | |         fundamental_hz: f32,
199 | |         key: u32,
...   |
204 | |         decay_bandwidth_hz: f32,
205 | |     ) {
    | |_____^
    |
    = help: for further information visit https://rust-lang.github.io/rust-clippy/master/index.html#too_many_arguments

warning: this `if` has identical blocks
   --> crates/daw-dsp/src/grinder/input.rs:125:38
    |
125 |           let coeff = if !self.is_open {
    |  ______________________________________^
126 | |             self.gain_attack_coeff
127 | |         } else if target_gain > self.gate_gain {
    | |_________^
    |
note: same as this
   --> crates/daw-dsp/src/grinder/input.rs:127:48
    |
127 |           } else if target_gain > self.gate_gain {
    |  ________________________________________________^
128 | |             self.gain_attack_coeff
129 | |         } else {
    | |_________^
    = help: for further information visit https://rust-lang.github.io/rust-clippy/master/index.html#if_same_then_else
    = note: `#[warn(clippy::if_same_then_else)]` on by default

warning: method `next` can be confused for the standard trait method `std::iter::Iterator::next`
   --> crates/daw-dsp/src/grinder/params.rs:161:5
    |
161 | /     pub fn next(&mut self) -> f32 {
162 | |         self.current = self.target + self.coeff * (self.current - self.target);
163 | |         self.current
164 | |     }
    | |_____^
    |
    = help: consider implementing the trait `std::iter::Iterator` or choosing a less ambiguous method name
    = help: for further information visit https://rust-lang.github.io/rust-clippy/master/index.html#should_implement_trait

warning: returning the result of a `let` binding from a block
   --> crates/daw-dsp/src/grinder/tone_stack.rs:208:9
    |
206 |         let output = (lp_out + bp_out + hp_out) * self.insertion_loss;
    |         -------------------------------------------------------------- unnecessary `let` binding
207 |
208 |         output
    |         ^^^^^^
    |
    = help: for further information visit https://rust-lang.github.io/rust-clippy/master/index.html#let_and_return
    = note: `#[warn(clippy::let_and_return)]` on by default
help: return the expression directly
    |
206 ~         
207 |
208 ~         (lp_out + bp_out + hp_out) * self.insertion_loss
    |

warning: manually reimplementing `div_ceil`
  --> crates/daw-dsp/src/knead/pitch_edit.rs:70:26
   |
70 |         let num_frames = (total_samples + hop_size - 1) / hop_size;
   |                          ^^^^^^^^^^^^^^^^^^^^^^^^^^^^^^^^^^^^^^^^^ help: consider using `.div_ceil()`: `total_samples.div_ceil(hop_size)`
   |
   = help: for further information visit https://rust-lang.github.io/rust-clippy/master/index.html#manual_div_ceil
   = note: `#[warn(clippy::manual_div_ceil)]` on by default

warning: the loop variable `i` is only used to index `deltas`
  --> crates/daw-dsp/src/knead/pitch_edit.rs:80:22
   |
80 |             for i in start_frame..end_frame {
   |                      ^^^^^^^^^^^^^^^^^^^^^^
   |
   = help: for further information visit https://rust-lang.github.io/rust-clippy/master/index.html#needless_range_loop
help: consider using an iterator
   |
80 -             for i in start_frame..end_frame {
80 +             for <item> in deltas.iter_mut().take(end_frame).skip(start_frame) {
   |

warning: the loop variable `i` is only used to index `target_f0_curve`
   --> crates/daw-dsp/src/knead/pitch_edit.rs:203:26
    |
203 |                 for i in idx..end_idx {
    |                          ^^^^^^^^^^^^
    |
    = help: for further information visit https://rust-lang.github.io/rust-clippy/master/index.html#needless_range_loop
help: consider using an iterator
    |
203 -                 for i in idx..end_idx {
203 +                 for <item> in target_f0_curve.iter_mut().take(end_idx).skip(idx) {
    |

warning: field assignment outside of initializer for an instance created with Default::default()
  --> crates/daw-dsp/src/knead/engine.rs:77:9
   |
77 |         yin_cfg.sample_rate = sample_rate;
   |         ^^^^^^^^^^^^^^^^^^^^^^^^^^^^^^^^^^
   |
note: consider initializing the variable with `knead::yin::YinConfig { sample_rate: sample_rate, ..Default::default() }` and removing relevant reassignments
  --> crates/daw-dsp/src/knead/engine.rs:76:9
   |
76 |         let mut yin_cfg = YinConfig::default();
   |         ^^^^^^^^^^^^^^^^^^^^^^^^^^^^^^^^^^^^^^^
   = help: for further information visit https://rust-lang.github.io/rust-clippy/master/index.html#field_reassign_with_default
   = note: `#[warn(clippy::field_reassign_with_default)]` on by default

warning: the loop variable `idx` is used to index `pitch_marks`
   --> crates/daw-dsp/src/knead/psola.rs:112:20
    |
112 |         for idx in mark_hint..pitch_marks.len() {
    |                    ^^^^^^^^^^^^^^^^^^^^^^^^^^^^
    |
    = help: for further information visit https://rust-lang.github.io/rust-clippy/master/index.html#needless_range_loop
help: consider using an iterator and enumerate()
    |
112 -         for idx in mark_hint..pitch_marks.len() {
112 +         for (idx, <item>) in pitch_marks.iter().enumerate().skip(mark_hint) {
    |

warning: the loop variable `src_idx` is used to index `input`
   --> crates/daw-dsp/src/knead/psola.rs:173:24
    |
173 |         for src_idx in start..end {
    |                        ^^^^^^^^^^
    |
    = help: for further information visit https://rust-lang.github.io/rust-clippy/master/index.html#needless_range_loop
help: consider using an iterator and enumerate()
    |
173 -         for src_idx in start..end {
173 +         for (src_idx, <item>) in input.iter().enumerate().take(end).skip(start) {
    |

warning: the loop variable `tau` is used to index `work_buffer_cmnd`
   --> crates/daw-dsp/src/knead/yin.rs:102:20
    |
102 |         for tau in tau_min..=tau_max {
    |                    ^^^^^^^^^^^^^^^^^
    |
    = help: for further information visit https://rust-lang.github.io/rust-clippy/master/index.html#needless_range_loop
help: consider using an iterator and enumerate()
    |
102 -         for tau in tau_min..=tau_max {
102 +         for (tau, <item>) in work_buffer_cmnd.iter().enumerate().take(tau_max + 1).skip(tau_min) {
    |

warning: you should consider adding a `Default` implementation for `ArticulationMap`
   --> crates/daw-dsp/src/levain/articulation.rs:77:5
    |
 77 | /     pub fn new() -> Self {
 78 | |         let default_ks = KeyswitchEntry {
 79 | |             note: 0,
 80 | |             articulation: 0,
...   |
111 | |     }
    | |_____^
    |
    = help: for further information visit https://rust-lang.github.io/rust-clippy/master/index.html#new_without_default
help: try adding this
    |
 76 + impl Default for ArticulationMap {
 77 +     fn default() -> Self {
 78 +         Self::new()
 79 +     }
 80 + }
    |

warning: the loop variable `i` is used to index `artid_map`
  --> crates/daw-dsp/src/levain/articulation.rs:95:18
   |
95 |         for i in 0..128 {
   |                  ^^^^^^
   |
   = help: for further information visit https://rust-lang.github.io/rust-clippy/master/index.html#needless_range_loop
help: consider using an iterator and enumerate()
   |
95 -         for i in 0..128 {
95 +         for (i, <item>) in artid_map.iter_mut().enumerate() {
   |

warning: you should consider adding a `Default` implementation for `ArticulationState`
   --> crates/daw-dsp/src/levain/articulation.rs:224:5
    |
224 | /     pub fn new() -> Self {
225 | |         Self {
226 | |             current: 0,
227 | |             previous: 0,
...   |
232 | |     }
    | |_____^
    |
    = help: for further information visit https://rust-lang.github.io/rust-clippy/master/index.html#new_without_default
help: try adding this
    |
223 + impl Default for ArticulationState {
224 +     fn default() -> Self {
225 +         Self::new()
226 +     }
227 + }
    |

warning: the loop variable `i` is only used to index `notes_to_release`
   --> crates/daw-dsp/src/levain/engine.rs:530:22
    |
530 |             for i in 0..release_count {
    |                      ^^^^^^^^^^^^^^^^
    |
    = help: for further information visit https://rust-lang.github.io/rust-clippy/master/index.html#needless_range_loop
help: consider using an iterator
    |
530 -             for i in 0..release_count {
530 +             for <item> in notes_to_release.iter().take(release_count) {
    |

warning: this `impl` can be derived
  --> crates/daw-dsp/src/levain/legato.rs:47:1
   |
47 | / impl Default for HeldNote {
48 | |     fn default() -> Self {
49 | |         Self {
50 | |             note: 0,
...  |
56 | | }
   | |_^
   |
   = help: for further information visit https://rust-lang.github.io/rust-clippy/master/index.html#derivable_impls
   = note: `#[warn(clippy::derivable_impls)]` on by default
help: replace the manual implementation with a derive attribute
   |
39 + #[derive(Default)]
40 | pub struct HeldNote {
   |

warning: you should consider adding a `Default` implementation for `LegatoTransitionStore`
  --> crates/daw-dsp/src/levain/legato.rs:71:5
   |
71 | /     pub fn new() -> Self {
72 | |         Self {
73 | |             transitions: Vec::new(),
74 | |         }
75 | |     }
   | |_____^
   |
   = help: for further information visit https://rust-lang.github.io/rust-clippy/master/index.html#new_without_default
help: try adding this
   |
70 + impl Default for LegatoTransitionStore {
71 +     fn default() -> Self {
72 +         Self::new()
73 +     }
74 + }
   |

warning: struct `LegatoTransitionStore` has a public `len` method, but no `is_empty` method
   --> crates/daw-dsp/src/levain/legato.rs:111:5
    |
111 |     pub fn len(&self) -> usize {
    |     ^^^^^^^^^^^^^^^^^^^^^^^^^^
    |
    = help: for further information visit https://rust-lang.github.io/rust-clippy/master/index.html#len_without_is_empty
    = note: `#[warn(clippy::len_without_is_empty)]` on by default

warning: you should consider adding a `Default` implementation for `MicDelayLine`
  --> crates/daw-dsp/src/levain/mic.rs:25:5
   |
25 | /     pub fn new() -> Self {
26 | |         Self {
27 | |             buffer: vec![0.0; MAX_DELAY_SAMPLES],
28 | |             write_pos: 0,
...  |
32 | |     }
   | |_____^
   |
   = help: for further information visit https://rust-lang.github.io/rust-clippy/master/index.html#new_without_default
help: try adding this
   |
24 + impl Default for MicDelayLine {
25 +     fn default() -> Self {
26 +         Self::new()
27 +     }
28 + }
   |

warning: you should consider adding a `Default` implementation for `AutoArticulation`
   --> crates/daw-dsp/src/levain/performance.rs:104:5
    |
104 | /     pub fn new() -> Self {
105 | |         Self {
106 | |             enabled: false,
107 | |             short_threshold: 0.2,
...   |
114 | |     }
    | |_____^
    |
    = help: for further information visit https://rust-lang.github.io/rust-clippy/master/index.html#new_without_default
help: try adding this
    |
103 + impl Default for AutoArticulation {
104 +     fn default() -> Self {
105 +         Self::new()
106 +     }
107 + }
    |

warning: this `if` has identical blocks
   --> crates/daw-dsp/src/levain/performance.rs:148:57
    |
148 |           } else if note_duration < self.medium_threshold {
    |  _________________________________________________________^
149 | |             Some(ArticulationType::Sustain)
150 | |         } else {
    | |_________^
    |
note: same as this
   --> crates/daw-dsp/src/levain/performance.rs:150:16
    |
150 |           } else {
    |  ________________^
151 | |             Some(ArticulationType::Sustain)
152 | |         }
    | |_________^
    = help: for further information visit https://rust-lang.github.io/rust-clippy/master/index.html#if_same_then_else

warning: you should consider adding a `Default` implementation for `PedalDeferredRelease`
   --> crates/daw-dsp/src/levain/release.rs:102:5
    |
102 | /     pub fn new() -> Self {
103 | |         Self {
104 | |             deferred: [(0, 0.0); MAX_DEFERRED],
105 | |             count: 0,
...   |
108 | |     }
    | |_____^
    |
    = help: for further information visit https://rust-lang.github.io/rust-clippy/master/index.html#new_without_default
help: try adding this
    |
101 + impl Default for PedalDeferredRelease {
102 +     fn default() -> Self {
103 +         Self::new()
104 +     }
105 + }
    |

warning: you should consider adding a `Default` implementation for `SamplePlayback`
   --> crates/daw-dsp/src/levain/voice.rs:210:5
    |
210 | /     pub fn new() -> Self {
211 | |         Self {
212 | |             sample_id: 0,
213 | |             root_key: 60,
...   |
227 | |     }
    | |_____^
    |
    = help: for further information visit https://rust-lang.github.io/rust-clippy/master/index.html#new_without_default
help: try adding this
    |
209 + impl Default for SamplePlayback {
210 +     fn default() -> Self {
211 +         Self::new()
212 +     }
213 + }
    |

warning: this function has too many arguments (8/7)
   --> crates/daw-dsp/src/levain/voice.rs:502:5
    |
502 | /     pub fn trigger(
503 | |         &mut self,
504 | |         note: u8,
505 | |         channel: u8,
...   |
510 | |         pool: &SamplePool,
511 | |     ) {
    | |_____^
    |
    = help: for further information visit https://rust-lang.github.io/rust-clippy/master/index.html#too_many_arguments

warning: casting to the same type is unnecessary (`usize` -> `usize`)
  --> crates/daw-dsp/src/levain/zone.rs:22:52
   |
22 | const MAX_LUT_ENTRIES: usize = MAX_ARTICULATIONS * (MAX_MICS as usize) * 128 * VEL_BUCKETS;
   |                                                    ^^^^^^^^^^^^^^^^^^^ help: try: `MAX_MICS`
   |
   = help: for further information visit https://rust-lang.github.io/rust-clippy/master/index.html#unnecessary_cast
   = note: `#[warn(clippy::unnecessary_cast)]` on by default

warning: you should consider adding a `Default` implementation for `SamplePool`
  --> crates/daw-dsp/src/levain/zone.rs:59:5
   |
59 | /     pub fn new() -> Self {
60 | |         Self {
61 | |             entries: Vec::new(),
62 | |             decoded_bytes: 0,
63 | |         }
64 | |     }
   | |_____^
   |
   = help: for further information visit https://rust-lang.github.io/rust-clippy/master/index.html#new_without_default
help: try adding this
   |
58 + impl Default for SamplePool {
59 +     fn default() -> Self {
60 +         Self::new()
61 +     }
62 + }
   |

warning: struct `SamplePool` has a public `len` method, but no `is_empty` method
  --> crates/daw-dsp/src/levain/zone.rs:98:5
   |
98 |     pub fn len(&self) -> usize {
   |     ^^^^^^^^^^^^^^^^^^^^^^^^^^
   |
   = help: for further information visit https://rust-lang.github.io/rust-clippy/master/index.html#len_without_is_empty

warning: you should consider adding a `Default` implementation for `ZoneMap`
   --> crates/daw-dsp/src/levain/zone.rs:127:5
    |
127 | /     pub fn new() -> Self {
128 | |         Self {
129 | |             zones: Vec::new(),
130 | |             arena: Vec::new(),
...   |
136 | |     }
    | |_____^
    |
    = help: for further information visit https://rust-lang.github.io/rust-clippy/master/index.html#new_without_default
help: try adding this
    |
126 + impl Default for ZoneMap {
127 +     fn default() -> Self {
128 +         Self::new()
129 +     }
130 + }
    |

warning: you should consider adding a `Default` implementation for `Oversampler2x`
  --> crates/daw-dsp/src/primitives/oversample.rs:48:5
   |
48 | /     pub fn new() -> Self {
49 | |         Self {
50 | |             up_delay: [0.0; HALFBAND_TAPS],
51 | |             up_pos: 0,
...  |
55 | |     }
   | |_____^
   |
   = help: for further information visit https://rust-lang.github.io/rust-clippy/master/index.html#new_without_default
help: try adding this
   |
47 + impl Default for Oversampler2x {
48 +     fn default() -> Self {
49 +         Self::new()
50 +     }
51 + }
   |

warning: method `next` can be confused for the standard trait method `std::iter::Iterator::next`
   --> crates/daw-dsp/src/proof/biquad.rs:214:5
    |
214 | /     pub fn next(&mut self) -> BiquadCoeffs {
215 | |         if self.remaining == 0 {
216 | |             return self.current;
...   |
227 | |         self.current
228 | |     }
    | |_____^
    |
    = help: consider implementing the trait `std::iter::Iterator` or choosing a less ambiguous method name
    = help: for further information visit https://rust-lang.github.io/rust-clippy/master/index.html#should_implement_trait

warning: you should consider adding a `Default` implementation for `BiquadState`
   --> crates/daw-dsp/src/proof/biquad.rs:257:5
    |
257 | /     pub fn new() -> Self {
258 | |         Self {
259 | |             x1: 0.0,
260 | |             x2: 0.0,
...   |
264 | |     }
    | |_____^
    |
    = help: for further information visit https://rust-lang.github.io/rust-clippy/master/index.html#new_without_default
help: try adding this
    |
256 + impl Default for BiquadState {
257 +     fn default() -> Self {
258 +         Self::new()
259 +     }
260 + }
    |

warning: manual `RangeInclusive::contains` implementation
   --> crates/daw-dsp/src/proof/eq.rs:101:20
    |
101 |                 if i >= 2 && i <= 5 {
    |                    ^^^^^^^^^^^^^^^^ help: use: `(2..=5).contains(&i)`
    |
    = help: for further information visit https://rust-lang.github.io/rust-clippy/master/index.html#manual_range_contains

warning: clamp-like pattern without using clamp function
   --> crates/daw-dsp/src/proof/exciter.rs:248:19
    |
248 |                   * (2.0 * knee_region - knee_region * knee_region)
    |  ___________________^
249 | |                     .max(0.0)
250 | |                     .min(1.0);
    | |_____________________________^ help: replace with clamp: `(2.0 * knee_region - knee_region * knee_region).clamp(0.0, 1.0)`
    |
    = note: clamp will panic if max < min, min.is_nan(), or max.is_nan()
    = note: clamp returns NaN if the input is NaN
    = help: for further information visit https://rust-lang.github.io/rust-clippy/master/index.html#manual_clamp

warning: casting to the same type is unnecessary (`f64` -> `f64`)
  --> crates/daw-dsp/src/proof/linear_phase_eq.rs:31:14
   |
31 |     let b0 = coeffs.b0 as f64;
   |              ^^^^^^^^^^^^^^^^ help: try: `coeffs.b0`
   |
   = help: for further information visit https://rust-lang.github.io/rust-clippy/master/index.html#unnecessary_cast

warning: casting to the same type is unnecessary (`f64` -> `f64`)
  --> crates/daw-dsp/src/proof/linear_phase_eq.rs:32:14
   |
32 |     let b1 = coeffs.b1 as f64;
   |              ^^^^^^^^^^^^^^^^ help: try: `coeffs.b1`
   |
   = help: for further information visit https://rust-lang.github.io/rust-clippy/master/index.html#unnecessary_cast

warning: casting to the same type is unnecessary (`f64` -> `f64`)
  --> crates/daw-dsp/src/proof/linear_phase_eq.rs:33:14
   |
33 |     let b2 = coeffs.b2 as f64;
   |              ^^^^^^^^^^^^^^^^ help: try: `coeffs.b2`
   |
   = help: for further information visit https://rust-lang.github.io/rust-clippy/master/index.html#unnecessary_cast

warning: casting to the same type is unnecessary (`f64` -> `f64`)
  --> crates/daw-dsp/src/proof/linear_phase_eq.rs:34:14
   |
34 |     let a1 = coeffs.a1 as f64;
   |              ^^^^^^^^^^^^^^^^ help: try: `coeffs.a1`
   |
   = help: for further information visit https://rust-lang.github.io/rust-clippy/master/index.html#unnecessary_cast

warning: casting to the same type is unnecessary (`f64` -> `f64`)
  --> crates/daw-dsp/src/proof/linear_phase_eq.rs:35:14
   |
35 |     let a2 = coeffs.a2 as f64;
   |              ^^^^^^^^^^^^^^^^ help: try: `coeffs.a2`
   |
   = help: for further information visit https://rust-lang.github.io/rust-clippy/master/index.html#unnecessary_cast

warning: the loop variable `k` is used to index `avg_power`
  --> crates/daw-dsp/src/proof/match_eq.rs:53:22
   |
53 |             for k in 0..num_bins {
   |                      ^^^^^^^^^^^
   |
   = help: for further information visit https://rust-lang.github.io/rust-clippy/master/index.html#needless_range_loop
help: consider using an iterator and enumerate()
   |
53 -             for k in 0..num_bins {
53 +             for (k, <item>) in avg_power.iter_mut().enumerate().take(num_bins) {
   |

warning: the loop variable `n` is used to index `real`
  --> crates/daw-dsp/src/proof/match_eq.rs:56:26
   |
56 |                 for n in 0..fft_size {
   |                          ^^^^^^^^^^^
   |
   = help: for further information visit https://rust-lang.github.io/rust-clippy/master/index.html#needless_range_loop
help: consider using an iterator and enumerate()
   |
56 -                 for n in 0..fft_size {
56 +                 for (n, <item>) in real.iter().enumerate().take(fft_size) {
   |

warning: you should consider adding a `Default` implementation for `MatchEq`
   --> crates/daw-dsp/src/proof/match_eq.rs:162:5
    |
162 | /     pub fn new() -> Self {
163 | |         Self {
164 | |             reference_profile: None,
165 | |             correction_curve: Vec::new(),
...   |
171 | |     }
    | |_____^
    |
    = help: for further information visit https://rust-lang.github.io/rust-clippy/master/index.html#new_without_default
help: try adding this
    |
161 + impl Default for MatchEq {
162 +     fn default() -> Self {
163 +         Self::new()
164 +     }
165 + }
    |

warning: you should consider adding a `Default` implementation for `TruePeakDetector`
   --> crates/daw-dsp/src/proof/metering.rs:555:5
    |
555 | /     pub fn new() -> Self {
556 | |         Self {
557 | |             peak: 0.0,
558 | |             os_l: super::true_peak::TruePeakUpsampler::new(),
...   |
561 | |     }
    | |_____^
    |
    = help: for further information visit https://rust-lang.github.io/rust-clippy/master/index.html#new_without_default
help: try adding this
    |
554 + impl Default for TruePeakDetector {
555 +     fn default() -> Self {
556 +         Self::new()
557 +     }
558 + }
    |

warning: the use of negated comparison operators on partially ordered types produces code that is hard to read and refactor, please consider using the `partial_cmp` method instead, to make it clear that the two values could be incomparable
   --> crates/daw-dsp/src/proof/metering.rs:666:12
    |
666 |         if !(lufs > QUANTILE_MIN_LUFS) || !lufs.is_finite() {
    |            ^^^^^^^^^^^^^^^^^^^^^^^^^^^
    |
    = help: for further information visit https://rust-lang.github.io/rust-clippy/master/index.html#neg_cmp_op_on_partial_ord
    = note: `#[warn(clippy::neg_cmp_op_on_partial_ord)]` on by default

warning: the loop variable `lag` is used to index `acf`
  --> crates/daw-dsp/src/crumbs/analysis/bpm.rs:88:16
   |
88 |     for lag in (min_lag + 1)..max_lag {
   |                ^^^^^^^^^^^^^^^^^^^^^^
   |
   = help: for further information visit https://rust-lang.github.io/rust-clippy/master/index.html#needless_range_loop
help: consider using an iterator and enumerate()
   |
88 -     for lag in (min_lag + 1)..max_lag {
88 +     for (lag, <item>) in acf.iter().enumerate().take(max_lag).skip((min_lag + 1)) {
   |

warning: manual `!RangeInclusive::contains` implementation
   --> crates/daw-dsp/src/crumbs/analysis/bpm.rs:123:8
    |
123 |     if bpm < MIN_BPM || bpm > MAX_BPM {
    |        ^^^^^^^^^^^^^^^^^^^^^^^^^^^^^^ help: use: `!(MIN_BPM..=MAX_BPM).contains(&bpm)`
    |
    = help: for further information visit https://rust-lang.github.io/rust-clippy/master/index.html#manual_range_contains

warning: the loop variable `bin` is used to index `prev_filtered`
   --> crates/daw-dsp/src/crumbs/analysis/onset.rs:101:20
    |
101 |         for bin in 0..num_bins {
    |                    ^^^^^^^^^^^
    |
    = help: for further information visit https://rust-lang.github.io/rust-clippy/master/index.html#needless_range_loop
help: consider using an iterator and enumerate()
    |
101 -         for bin in 0..num_bins {
101 +         for (bin, <item>) in prev_filtered.iter_mut().enumerate().take(num_bins) {
    |

warning: the loop variable `filtered_bin` is only used to index `prev`
   --> crates/daw-dsp/src/crumbs/analysis/onset.rs:105:33
    |
105 |             for filtered_bin in lo..hi {
    |                                 ^^^^^^
    |
    = help: for further information visit https://rust-lang.github.io/rust-clippy/master/index.html#needless_range_loop
help: consider using an iterator
    |
105 -             for filtered_bin in lo..hi {
105 +             for <item> in prev.iter().take(hi).skip(lo) {
    |

warning: manual absolute difference pattern without using `abs_diff`
   --> crates/daw-dsp/src/crumbs/analysis/onset.rs:296:24
    |
296 |               let dist = if idx >= position {
    |  ________________________^
297 | |                 idx - position
298 | |             } else {
299 | |                 position - idx
300 | |             };
    | |_____________^ help: replace with `abs_diff`: `idx.abs_diff(position)`
    |
    = help: for further information visit https://rust-lang.github.io/rust-clippy/master/index.html#manual_abs_diff
    = note: `#[warn(clippy::manual_abs_diff)]` on by default

warning: manually reimplementing `div_ceil`
   --> crates/daw-dsp/src/crumbs/analysis/peaks.rs:120:22
    |
120 |     let num_blocks = (samples.len() + block_size - 1) / block_size;
    |                      ^^^^^^^^^^^^^^^^^^^^^^^^^^^^^^^^^^^^^^^^^^^^^ help: consider using `.div_ceil()`: `samples.len().div_ceil(block_size)`
    |
    = help: for further information visit https://rust-lang.github.io/rust-clippy/master/index.html#manual_div_ceil

warning: manually reimplementing `div_ceil`
   --> crates/daw-dsp/src/crumbs/analysis/peaks.rs:142:19
    |
142 |     let num_out = (peaks.len() + 1) / 2;
    |                   ^^^^^^^^^^^^^^^^^^^^^ help: consider using `.div_ceil()`: `peaks.len().div_ceil(2)`
    |
    = help: for further information visit https://rust-lang.github.io/rust-clippy/master/index.html#manual_div_ceil

warning: clamp-like pattern without using clamp function
  --> crates/daw-dsp/src/crumbs/analysis/pitch.rs:76:23
   |
76 |       let num_windows = ((analysis_len - ANALYSIS_FRAME_SIZE) / (ANALYSIS_FRAME_SIZE / 2))
   |  _______________________^
77 | |         .min(MAX_ANALYSIS_WINDOWS)
78 | |         .max(1);
   | |_______________^ help: replace with clamp: `((analysis_len - ANALYSIS_FRAME_SIZE) / (ANALYSIS_FRAME_SIZE / 2)).clamp(1, MAX_ANALYSIS_WINDOWS)`
   |
   = note: clamp will panic if max < min
   = help: for further information visit https://rust-lang.github.io/rust-clippy/master/index.html#manual_clamp

warning: manual `RangeInclusive::contains` implementation
  --> crates/daw-dsp/src/crumbs/analysis/pitch.rs:97:16
   |
97 |             if freq >= MIN_PITCH_HZ && freq <= MAX_PITCH_HZ {
   |                ^^^^^^^^^^^^^^^^^^^^^^^^^^^^^^^^^^^^^^^^^^^^ help: use: `(MIN_PITCH_HZ..=MAX_PITCH_HZ).contains(&freq)`
   |
   = help: for further information visit https://rust-lang.github.io/rust-clippy/master/index.html#manual_range_contains

warning: field assignment outside of initializer for an instance created with Default::default()
  --> crates/daw-dsp/src/crumbs/modes/drum.rs:49:13
   |
49 |             pad.playback_mode = PlaybackMode::OneShot;
   |             ^^^^^^^^^^^^^^^^^^^^^^^^^^^^^^^^^^^^^^^^^^
   |
note: consider initializing the variable with `crumbs::types::PadConfig { playback_mode: PlaybackMode::OneShot, root_note: (DEFAULT_BASE_NOTE as usize + idx).min(127) as u8, ..Default::default() }` and removing relevant reassignments
  --> crates/daw-dsp/src/crumbs/modes/drum.rs:48:13
   |
48 |             let mut pad = PadConfig::default();
   |             ^^^^^^^^^^^^^^^^^^^^^^^^^^^^^^^^^^^
   = help: for further information visit https://rust-lang.github.io/rust-clippy/master/index.html#field_reassign_with_default

warning: manual absolute difference pattern without using `abs_diff`
   --> crates/daw-dsp/src/crumbs/modes/slice.rs:178:24
    |
178 |               let dist = if frame >= marker.start_frame {
    |  ________________________^
179 | |                 frame - marker.start_frame
180 | |             } else {
181 | |                 marker.start_frame - frame
182 | |             };
    | |_____________^ help: replace with `abs_diff`: `frame.abs_diff(marker.start_frame)`
    |
    = help: for further information visit https://rust-lang.github.io/rust-clippy/master/index.html#manual_abs_diff

warning: this `impl` can be derived
  --> crates/daw-dsp/src/crumbs/types.rs:61:1
   |
61 | / impl Default for CrumbsMode {
62 | |     fn default() -> Self {
63 | |         Self::Quick
64 | |     }
65 | | }
   | |_^
   |
   = help: for further information visit https://rust-lang.github.io/rust-clippy/master/index.html#derivable_impls
help: replace the manual implementation with a derive attribute and mark the default variant
   |
48 + #[derive(Default)]
49 | pub enum CrumbsMode {
50 |     /// Chromatic playback across the keyboard.
51 ~     #[default]
52 ~     Quick,
   |

warning: this `impl` can be derived
  --> crates/daw-dsp/src/crumbs/types.rs:76:1
   |
76 | / impl Default for PlaybackMode {
77 | |     fn default() -> Self {
78 | |         Self::Sustain
79 | |     }
80 | | }
   | |_^
   |
   = help: for further information visit https://rust-lang.github.io/rust-clippy/master/index.html#derivable_impls
help: replace the manual implementation with a derive attribute and mark the default variant
   |
69 + #[derive(Default)]
70 | pub enum PlaybackMode {
71 |     /// Play once, then stop.
72 |     OneShot,
73 |     /// Sustain while key held, release on note-off.
74 ~     #[default]
75 ~     Sustain,
   |

warning: this `impl` can be derived
  --> crates/daw-dsp/src/crumbs/types.rs:95:1
   |
95 | / impl Default for LoopMode {
96 | |     fn default() -> Self {
97 | |         Self::Off
98 | |     }
99 | | }
   | |_^
   |
   = help: for further information visit https://rust-lang.github.io/rust-clippy/master/index.html#derivable_impls
help: replace the manual implementation with a derive attribute and mark the default variant
   |
84 + #[derive(Default)]
85 | pub enum LoopMode {
86 |     /// No looping — play through and stop.
87 ~     #[default]
88 ~     Off,
   |

warning: this `impl` can be derived
   --> crates/daw-dsp/src/crumbs/types.rs:110:1
    |
110 | / impl Default for FilterType {
111 | |     fn default() -> Self {
112 | |         Self::Lowpass
113 | |     }
114 | | }
    | |_^
    |
    = help: for further information visit https://rust-lang.github.io/rust-clippy/master/index.html#derivable_impls
help: replace the manual implementation with a derive attribute and mark the default variant
    |
103 + #[derive(Default)]
104 | pub enum FilterType {
105 ~     #[default]
106 ~     Lowpass,
    |

warning: this `impl` can be derived
   --> crates/daw-dsp/src/crumbs/types.rs:129:1
    |
129 | / impl Default for SampleCategory {
130 | |     fn default() -> Self {
131 | |         Self::Unknown
132 | |     }
133 | | }
    | |_^
    |
    = help: for further information visit https://rust-lang.github.io/rust-clippy/master/index.html#derivable_impls
help: replace the manual implementation with a derive attribute and mark the default variant
    |
118 + #[derive(Default)]
119 | pub enum SampleCategory {
120 |     /// Percussive / transient-heavy content.
...
126 |     /// Unknown — user must choose mode.
127 ~     #[default]
128 ~     Unknown,
    |

warning: this `impl` can be derived
   --> crates/daw-dsp/src/crumbs/types.rs:241:1
    |
241 | / impl Default for RecordState {
242 | |     fn default() -> Self {
243 | |         Self::Idle
244 | |     }
245 | | }
    | |_^
    |
    = help: for further information visit https://rust-lang.github.io/rust-clippy/master/index.html#derivable_impls
help: replace the manual implementation with a derive attribute and mark the default variant
    |
232 + #[derive(Default)]
233 | pub enum RecordState {
234 |     /// Waiting for input signal to exceed threshold.
...
238 |     /// Not recording.
239 ~     #[default]
240 ~     Idle,
    |

warning: this `impl` can be derived
   --> crates/daw-dsp/src/crumbs/types.rs:371:1
    |
371 | / impl Default for LfoShape {
372 | |     fn default() -> Self {
373 | |         Self::Sine
374 | |     }
375 | | }
    | |_^
    |
    = help: for further information visit https://rust-lang.github.io/rust-clippy/master/index.html#derivable_impls
help: replace the manual implementation with a derive attribute and mark the default variant
    |
363 + #[derive(Default)]
364 | pub enum LfoShape {
365 ~     #[default]
366 ~     Sine,
    |

warning: this `impl` can be derived
   --> crates/daw-dsp/src/crumbs/types.rs:409:1
    |
409 | / impl Default for LfoTarget {
410 | |     fn default() -> Self {
411 | |         Self::None
412 | |     }
413 | | }
    | |_^
    |
    = help: for further information visit https://rust-lang.github.io/rust-clippy/master/index.html#derivable_impls
help: replace the manual implementation with a derive attribute and mark the default variant
    |
401 + #[derive(Default)]
402 | pub enum LfoTarget {
403 ~     #[default]
404 ~     None,
    |

warning: the loop variable `i` is used to index `samples`
   --> crates/daw-dsp/src/crumbs/voice.rs:511:14
    |
511 |     for i in 0..8 {
    |              ^^^^
    |
    = help: for further information visit https://rust-lang.github.io/rust-clippy/master/index.html#needless_range_loop
help: consider using an iterator and enumerate()
    |
511 -     for i in 0..8 {
511 +     for (i, <item>) in samples.iter().enumerate().take(8) {
    |

warning: this `impl` can be derived
  --> crates/daw-dsp/src/crumbs/warp/granular.rs:36:1
   |
36 | / impl Default for GrainWindow {
37 | |     fn default() -> Self {
38 | |         Self::Hann
39 | |     }
40 | | }
   | |_^
   |
   = help: for further information visit https://rust-lang.github.io/rust-clippy/master/index.html#derivable_impls
help: replace the manual implementation with a derive attribute and mark the default variant
   |
29 + #[derive(Default)]
30 | pub enum GrainWindow {
31 ~     #[default]
32 ~     Hann,
   |

warning: manual absolute difference pattern without using `abs_diff`
   --> crates/daw-dsp/src/crumbs/warp/phase_vocoder.rs:233:28
    |
233 |                   let dist = if peak_bin > bin {
    |  ____________________________^
234 | |                     peak_bin - bin
235 | |                 } else {
236 | |                     bin - peak_bin
237 | |                 };
    | |_________________^ help: replace with `abs_diff`: `peak_bin.abs_diff(bin)`
    |
    = help: for further information visit https://rust-lang.github.io/rust-clippy/master/index.html#manual_abs_diff

warning: the loop variable `i` is used to index `taps`
  --> crates/daw-dsp/src/toaster/engine.rs:81:18
   |
81 |         for i in 0..4 {
   |                  ^^^^
   |
   = help: for further information visit https://rust-lang.github.io/rust-clippy/master/index.html#needless_range_loop
help: consider using an iterator and enumerate()
   |
81 -         for i in 0..4 {
81 +         for (i, <item>) in taps.iter_mut().enumerate() {
   |

warning: the loop variable `i` is used to index `mixed`
  --> crates/daw-dsp/src/toaster/engine.rs:96:18
   |
96 |         for i in 0..4 {
   |                  ^^^^
   |
   = help: for further information visit https://rust-lang.github.io/rust-clippy/master/index.html#needless_range_loop
help: consider using an iterator and enumerate()
   |
96 -         for i in 0..4 {
96 +         for (i, <item>) in mixed.iter().enumerate() {
   |

warning: this `if` statement can be collapsed
  --> crates/daw-dsp/src/toaster/engines/clap.rs:85:9
   |
85 | /         if self.burst_index < self.count.saturating_sub(1) {
86 | |             if self.sample_counter >= spacing_samples {
87 | |                 self.sample_counter = 0;
88 | |                 self.burst_index += 1;
...  |
99 | |         }
   | |_________^
   |
   = help: for further information visit https://rust-lang.github.io/rust-clippy/master/index.html#collapsible_if
   = note: `#[warn(clippy::collapsible_if)]` on by default
help: collapse nested if block
   |
85 ~         if self.burst_index < self.count.saturating_sub(1)
86 ~             && self.sample_counter >= spacing_samples {
87 |                 self.sample_counter = 0;
...
97 |                 }
98 ~             }
   |

warning: unneeded late initialization
   --> crates/daw-dsp/src/toaster/engines/clap_909.rs:107:9
    |
107 |           let tail_out;
    |           ^^^^^^^^^^^^^ created here
...
136 | /         tail_out = if self.bursts_done {
137 | |             let out = bpf_out * self.tail_env;
138 | |             self.tail_env *= self.tail_decay_coeff;
139 | |             if self.tail_env < 1e-5 {
...   |
144 | |             0.0
145 | |         };
    | |_________^ initialised here
    |
    = help: for further information visit https://rust-lang.github.io/rust-clippy/master/index.html#needless_late_init
    = note: `#[warn(clippy::needless_late_init)]` on by default
help: move the declaration `tail_out` here
    |
107 ~         
108 |
...
135 |
136 ~         let tail_out = if self.bursts_done {
    |

warning: you seem to be trying to use `match` for an equality check. Consider using `if`
   --> crates/daw-dsp/src/toaster/engines/clap_909.rs:156:9
    |
156 | /         match name {
157 | |             "decay" => self.decay = value.clamp(0.0, 1.0),
158 | |             _ => {}
159 | |         }
    | |_________^ help: try: `if name == "decay" { self.decay = value.clamp(0.0, 1.0) }`
    |
    = help: for further information visit https://rust-lang.github.io/rust-clippy/master/index.html#single_match
    = note: `#[warn(clippy::single_match)]` on by default

warning: the loop variable `i` is used to index `RATIOS`
  --> crates/daw-dsp/src/toaster/engines/cymbal.rs:61:18
   |
61 |         for i in 0..8 {
   |                  ^^^^
   |
   = help: for further information visit https://rust-lang.github.io/rust-clippy/master/index.html#needless_range_loop
help: consider using an iterator and enumerate()
   |
61 -         for i in 0..8 {
61 +         for (i, <item>) in RATIOS.iter().enumerate() {
   |

warning: the loop variable `i` is used to index `RATIOS`
  --> crates/daw-dsp/src/toaster/engines/hihat.rs:96:18
   |
96 |         for i in 0..6 {
   |                  ^^^^
   |
   = help: for further information visit https://rust-lang.github.io/rust-clippy/master/index.html#needless_range_loop
help: consider using an iterator and enumerate()
   |
96 -         for i in 0..6 {
96 +         for (i, <item>) in RATIOS.iter().enumerate() {
   |

warning: this `impl` can be derived
   --> crates/daw-dsp/src/toaster/engines/modal.rs:103:1
    |
103 | / impl Default for ModalPreset {
104 | |     fn default() -> Self {
105 | |         Self::Tabla
106 | |     }
107 | | }
    | |_^
    |
    = help: for further information visit https://rust-lang.github.io/rust-clippy/master/index.html#derivable_impls
help: replace the manual implementation with a derive attribute and mark the default variant
    |
 96 + #[derive(Default)]
 97 | pub enum ModalPreset {
 98 ~     #[default]
 99 ~     Tabla,
    |

warning: this `impl` can be derived
  --> crates/daw-dsp/src/toaster/engines/perc.rs:34:1
   |
34 | / impl Default for PercType {
35 | |     fn default() -> Self {
36 | |         Self::Cowbell
37 | |     }
38 | | }
   | |_^
   |
   = help: for further information visit https://rust-lang.github.io/rust-clippy/master/index.html#derivable_impls
help: replace the manual implementation with a derive attribute and mark the default variant
   |
27 + #[derive(Default)]
28 | pub enum PercType {
29 ~     #[default]
30 ~     Cowbell,
   |

warning: returning the result of a `let` binding from a block
   --> crates/daw-dsp/src/toaster/engines/perc.rs:144:9
    |
143 |         let lpf = self.bandpass(mix, 5000.0 * (self.tone + 0.1), 0.5, sample_rate);
    |         --------------------------------------------------------------------------- unnecessary `let` binding
144 |         lpf
    |         ^^^
    |
    = help: for further information visit https://rust-lang.github.io/rust-clippy/master/index.html#let_and_return
help: return the expression directly
    |
143 ~         
144 ~         self.bandpass(mix, 5000.0 * (self.tone + 0.1), 0.5, sample_rate)
    |

warning: this `impl` can be derived
  --> crates/daw-dsp/src/toaster/engines/mod.rs:82:1
   |
82 | / impl Default for DrumEngineType {
83 | |     fn default() -> Self {
84 | |         Self::Kick
85 | |     }
86 | | }
   | |_^
   |
   = help: for further information visit https://rust-lang.github.io/rust-clippy/master/index.html#derivable_impls
help: replace the manual implementation with a derive attribute and mark the default variant
   |
48 + #[derive(Default)]
49 | pub enum DrumEngineType {
50 |     // Existing generic engines (unchanged)
51 ~     #[default]
52 ~     Kick,
   |

warning: large size difference between variants
   --> crates/daw-dsp/src/toaster/engines/mod.rs:89:1
    |
 89 | / pub enum DrumSynthEngine {
 90 | |     // Existing generic engines
 91 | |     Kick(KickEngine),
 92 | |     Snare(SnareEngine),
...   |
 98 | |     Modal(ModalEngine),
    | |     ------------------ the largest variant contains at least 368 bytes
...   |
107 | |     Snare808(Snare808Engine),
    | |     ------------------------ the second-largest variant contains at least 164 bytes
...   |
120 | |     Cr78Metallic(Cr78Engine),
121 | | }
    | |_^ the entire enum is at least 368 bytes
    |
    = help: for further information visit https://rust-lang.github.io/rust-clippy/master/index.html#large_enum_variant
    = note: `#[warn(clippy::large_enum_variant)]` on by default
help: consider boxing the large fields or introducing indirection in some other way to reduce the total size of the enum
    |
 98 -     Modal(ModalEngine),
 98 +     Modal(Box<ModalEngine>),
    |

warning: you should consider adding a `Default` implementation for `LofiProcessor`
  --> crates/daw-dsp/src/toaster/lofi.rs:25:5
   |
25 | /     pub fn new() -> Self {
26 | |         Self {
27 | |             bit_depth: 16,
28 | |             target_rate: 44100.0,
...  |
37 | |     }
   | |_____^
   |
   = help: for further information visit https://rust-lang.github.io/rust-clippy/master/index.html#new_without_default
help: try adding this
   |
24 + impl Default for LofiProcessor {
25 +     fn default() -> Self {
26 +         Self::new()
27 +     }
28 + }
   |

warning: you should consider adding a `Default` implementation for `SvfFilter`
  --> crates/daw-dsp/src/toaster/voice.rs:21:5
   |
21 | /     pub fn new() -> Self {
22 | |         Self {
23 | |             ic1: 0.0,
24 | |             ic2: 0.0,
...  |
28 | |     }
   | |_____^
   |
   = help: for further information visit https://rust-lang.github.io/rust-clippy/master/index.html#new_without_default
help: try adding this
   |
20 + impl Default for SvfFilter {
21 +     fn default() -> Self {
22 +         Self::new()
23 +     }
24 + }
   |

warning: you should consider adding a `Default` implementation for `ExpDecayEnv`
  --> crates/daw-dsp/src/toaster/voice.rs:67:5
   |
67 | /     pub fn new() -> Self {
68 | |         Self {
69 | |             value: 0.0,
70 | |             coeff: 0.999,
71 | |         }
72 | |     }
   | |_____^
   |
   = help: for further information visit https://rust-lang.github.io/rust-clippy/master/index.html#new_without_default
help: try adding this
   |
66 + impl Default for ExpDecayEnv {
67 +     fn default() -> Self {
68 +         Self::new()
69 +     }
70 + }
   |

warning: this function has too many arguments (8/7)
   --> crates/daw-dsp/src/toaster/voice.rs:125:5
    |
125 | /     pub fn trigger(
126 | |         &mut self,
127 | |         pad_index: u8,
128 | |         engine_type: DrumEngineType,
...   |
133 | |         is_open: bool,
134 | |     ) {
    | |_____^
    |
    = help: for further information visit https://rust-lang.github.io/rust-clippy/master/index.html#too_many_arguments

warning: `daw-dsp` (lib) generated 172 warnings (run `cargo clippy --fix --lib -p daw-dsp -- ` to apply 91 suggestions)
    Checking daw-engine v0.1.0 (/Users/josecosta/dev/sourdaw/.agents/worktrees/rustci/crates/daw-engine)
warning: manually reimplementing `div_ceil`
   --> crates/daw-engine/src/midi/midi_clock.rs:289:17
    |
289 |                 (remaining_ticks + pulse_interval_ticks - 1) / pulse_interval_ticks;
    |                 ^^^^^^^^^^^^^^^^^^^^^^^^^^^^^^^^^^^^^^^^^^^^^^^^^^^^^^^^^^^^^^^^^^^ help: consider using `.div_ceil()`: `remaining_ticks.div_ceil(pulse_interval_ticks)`
    |
    = help: for further information visit https://rust-lang.github.io/rust-clippy/master/index.html#manual_div_ceil
    = note: `#[warn(clippy::manual_div_ceil)]` on by default

warning: this pattern reimplements `Result::unwrap_or`
   --> crates/daw-engine/src/midi/midi_clock.rs:290:41
    |
290 |               let bounded_dropped_count = match u64::try_from(dropped_pulse_count) {
    |  _________________________________________^
291 | |                 Ok(count) => count,
292 | |                 Err(_) => u64::MAX,
293 | |             };
    | |_____________^ help: replace with: `u64::try_from(dropped_pulse_count).unwrap_or(u64::MAX)`
    |
    = help: for further information visit https://rust-lang.github.io/rust-clippy/master/index.html#manual_unwrap_or
    = note: `#[warn(clippy::manual_unwrap_or)]` on by default

warning: you should consider adding a `Default` implementation for `MidiEventBuffer`
  --> crates/daw-engine/src/midi_fx.rs:91:5
   |
91 | /     pub fn new() -> Self {
92 | |         Self {
93 | |             events: [EMPTY_MIDI_EVENT; MIDI_EVENT_BUFFER_CAPACITY],
94 | |             len: 0,
95 | |         }
96 | |     }
   | |_____^
   |
   = help: for further information visit https://rust-lang.github.io/rust-clippy/master/index.html#new_without_default
   = note: `#[warn(clippy::new_without_default)]` on by default
help: try adding this
   |
90 + impl Default for MidiEventBuffer {
91 +     fn default() -> Self {
92 +         Self::new()
93 +     }
94 + }
   |

warning: large size difference between variants
  --> crates/daw-engine/src/scheduler.rs:55:1
   |
55 | / enum PluginCore {
56 | |     Knead(KneadEngine),
   | |     ------------------ the largest variant contains at least 592 bytes
57 | |     Native(Box<dyn NativePlugin>),
   | |     ----------------------------- the second-largest variant contains at least 16 bytes
58 | | }
   | |_^ the entire enum is at least 592 bytes
   |
   = help: for further information visit https://rust-lang.github.io/rust-clippy/master/index.html#large_enum_variant
   = note: `#[warn(clippy::large_enum_variant)]` on by default
help: consider boxing the large fields or introducing indirection in some other way to reduce the total size of the enum
   |
56 -     Knead(KneadEngine),
56 +     Knead(Box<KneadEngine>),
   |

warning: `daw-engine` (lib) generated 4 warnings (run `cargo clippy --fix --lib -p daw-engine -- ` to apply 3 suggestions)
warning: use of `default` to create a unit struct
   --> crates/daw-engine/src/midi_fx.rs:584:9
    |
584 |         ProbabilityEvaluator::default().process_midi(
    |         ^^^^^^^^^^^^^^^^^^^^^^^^^^^^^^^
    |
    = help: for further information visit https://rust-lang.github.io/rust-clippy/master/index.html#default_constructed_unit_structs
    = note: `#[warn(clippy::default_constructed_unit_structs)]` on by default
help: remove this call to `default`
    |
584 -         ProbabilityEvaluator::default().process_midi(
584 +         ProbabilityEvaluator.process_midi(
    |

warning: use of `default` to create a unit struct
   --> crates/daw-engine/src/midi_fx.rs:607:9
    |
607 |         ProbabilityEvaluator::default().process_midi(
    |         ^^^^^^^^^^^^^^^^^^^^^^^^^^^^^^^
    |
    = help: for further information visit https://rust-lang.github.io/rust-clippy/master/index.html#default_constructed_unit_structs
help: remove this call to `default`
    |
607 -         ProbabilityEvaluator::default().process_midi(
607 +         ProbabilityEvaluator.process_midi(
    |

warning: use of `default` to create a unit struct
   --> crates/daw-engine/src/midi_fx.rs:624:9
    |
624 |         ProbabilityEvaluator::default().process_midi(
    |         ^^^^^^^^^^^^^^^^^^^^^^^^^^^^^^^
    |
    = help: for further information visit https://rust-lang.github.io/rust-clippy/master/index.html#default_constructed_unit_structs
help: remove this call to `default`
    |
624 -         ProbabilityEvaluator::default().process_midi(
624 +         ProbabilityEvaluator.process_midi(
    |

warning: use of `default` to create a unit struct
   --> crates/daw-engine/src/midi_fx.rs:749:9
    |
749 |         ProbabilityEvaluator::default().process_midi(
    |         ^^^^^^^^^^^^^^^^^^^^^^^^^^^^^^^
    |
    = help: for further information visit https://rust-lang.github.io/rust-clippy/master/index.html#default_constructed_unit_structs
help: remove this call to `default`
    |
749 -         ProbabilityEvaluator::default().process_midi(
749 +         ProbabilityEvaluator.process_midi(
    |

warning: use of `default` to create a unit struct
   --> crates/daw-engine/src/midi_fx.rs:766:9
    |
766 |         ProbabilityEvaluator::default().process_midi(
    |         ^^^^^^^^^^^^^^^^^^^^^^^^^^^^^^^
    |
    = help: for further information visit https://rust-lang.github.io/rust-clippy/master/index.html#default_constructed_unit_structs
help: remove this call to `default`
    |
766 -         ProbabilityEvaluator::default().process_midi(
766 +         ProbabilityEvaluator.process_midi(
    |

warning: duplicated attribute
   --> crates/daw-dsp/src/levain/tone.rs:207:5
    |
207 |     #[test]
    |     ^^^^^^^
    |
    = note: `#[warn(duplicate_macro_attributes)]` on by default

warning: `daw-engine` (lib test) generated 9 warnings (4 duplicates) (run `cargo clippy --fix --lib -p daw-engine --tests -- ` to apply 5 suggestions)
warning: manual slice size calculation
    --> crates/daw-dsp/tests/time_stretch_contract.rs:1024:40
     |
1024 |     let mut bytes = Vec::with_capacity(samples.len() * std::mem::size_of::<f32>());
     |                                        ^^^^^^^^^^^^^^^^^^^^^^^^^^^^^^^^^^^^^^^^^^ help: try: `std::mem::size_of_val(samples)`
     |
     = help: for further information visit https://rust-lang.github.io/rust-clippy/master/index.html#manual_slice_size_calculation
     = note: `#[warn(clippy::manual_slice_size_calculation)]` on by default

warning: `daw-dsp` (test "time_stretch_contract") generated 1 warning (run `cargo clippy --fix --test "time_stretch_contract" -p daw-dsp -- ` to apply 1 suggestion)
warning: the loop variable `index` is used to index `out_left`
   --> crates/daw-dsp/src/crust/engine.rs:983:22
    |
983 |         for index in (onset + 1)..frames {
    |                      ^^^^^^^^^^^^^^^^^^^
    |
    = help: for further information visit https://rust-lang.github.io/rust-clippy/master/index.html#needless_range_loop
help: consider using an iterator and enumerate()
    |
983 -         for index in (onset + 1)..frames {
983 +         for (index, <item>) in out_left.iter().enumerate().take(frames).skip((onset + 1)) {
    |

warning: used `assert_eq!` with a literal bool
   --> crates/daw-dsp/src/fermenter/layer.rs:828:9
    |
828 |         assert_eq!(before[0].0, false, "the first voice is releasing, not held");
    |         ^^^^^^^^^^^^^^^^^^^^^^^^^^^^^^^^^^^^^^^^^^^^^^^^^^^^^^^^^^^^^^^^^^^^^^^^
    |
    = help: for further information visit https://rust-lang.github.io/rust-clippy/master/index.html#bool_assert_comparison
    = note: `#[warn(clippy::bool_assert_comparison)]` on by default
help: replace it with `assert!(..)`
    |
828 -         assert_eq!(before[0].0, false, "the first voice is releasing, not held");
828 +         assert!(!before[0].0, "the first voice is releasing, not held");
    |

warning: used `assert_eq!` with a literal bool
   --> crates/daw-dsp/src/fermenter/layer.rs:829:9
    |
829 |         assert_eq!(before[1].0, true, "the retrigger is held");
    |         ^^^^^^^^^^^^^^^^^^^^^^^^^^^^^^^^^^^^^^^^^^^^^^^^^^^^^^
    |
    = help: for further information visit https://rust-lang.github.io/rust-clippy/master/index.html#bool_assert_comparison
help: replace it with `assert!(..)`
    |
829 -         assert_eq!(before[1].0, true, "the retrigger is held");
829 +         assert!(before[1].0, "the retrigger is held");
    |

warning: using `contains()` instead of `iter().any()` is more efficient
    --> crates/daw-dsp/src/grand_boule/engine.rs:1166:17
     |
1166 |           assert!(stages
     |  _________________^
1167 | |             .iter()
1168 | |             .any(|s| *s == super::super::voice::VoiceStage::Active));
     | |___________________________________________________________________^ help: try: `stages.contains(&super::super::voice::VoiceStage::Active)`
     |
     = help: for further information visit https://rust-lang.github.io/rust-clippy/master/index.html#manual_contains
     = note: `#[warn(clippy::manual_contains)]` on by default

warning: used `assert_eq!` with a literal bool
    --> crates/daw-dsp/src/grand_boule/engine.rs:1845:9
     |
1845 |         assert_eq!(ringing[0].1, false, "the released voice is no longer held");
     |         ^^^^^^^^^^^^^^^^^^^^^^^^^^^^^^^^^^^^^^^^^^^^^^^^^^^^^^^^^^^^^^^^^^^^^^^
     |
     = help: for further information visit https://rust-lang.github.io/rust-clippy/master/index.html#bool_assert_comparison
help: replace it with `assert!(..)`
     |
1845 -         assert_eq!(ringing[0].1, false, "the released voice is no longer held");
1845 +         assert!(!ringing[0].1, "the released voice is no longer held");
     |

warning: the loop variable `i` is used to index `signal`
   --> crates/daw-dsp/src/knead/mod.rs:207:22
    |
207 |             for i in 0..frames {
    |                      ^^^^^^^^^
    |
    = help: for further information visit https://rust-lang.github.io/rust-clippy/master/index.html#needless_range_loop
help: consider using an iterator and enumerate()
    |
207 -             for i in 0..frames {
207 +             for (i, <item>) in signal.iter().enumerate().take(frames) {
    |

warning: casting to the same type is unnecessary (`f64` -> `f64`)
   --> crates/daw-dsp/src/proof/biquad.rs:701:25
    |
701 |         let (a1, a2) = (c.a1 as f64, c.a2 as f64);
    |                         ^^^^^^^^^^^ help: try: `c.a1`
    |
    = help: for further information visit https://rust-lang.github.io/rust-clippy/master/index.html#unnecessary_cast

warning: casting to the same type is unnecessary (`f64` -> `f64`)
   --> crates/daw-dsp/src/proof/biquad.rs:701:38
    |
701 |         let (a1, a2) = (c.a1 as f64, c.a2 as f64);
    |                                      ^^^^^^^^^^^ help: try: `c.a2`
    |
    = help: for further information visit https://rust-lang.github.io/rust-clippy/master/index.html#unnecessary_cast

warning: manual implementation of `.is_multiple_of()`
    --> crates/daw-dsp/src/proof/metering.rs:1353:24
     |
1353 |             let loud = (n / (sr as usize * 8)) % 2 == 0;
     |                        ^^^^^^^^^^^^^^^^^^^^^^^^^^^^^^^^ help: replace with: `(n / (sr as usize * 8)).is_multiple_of(2)`
     |
     = help: for further information visit https://rust-lang.github.io/rust-clippy/master/index.html#manual_is_multiple_of

warning: this `repeat().take()` can be written more concisely
    --> crates/daw-dsp/src/proof/metering.rs:1789:23
     |
1789 |         blocks.extend(core::iter::repeat(spike_lufs).take(2_000));
     |                       ^^^^^^^^^^^^^^^^^^^^^^^^^^^^^^^^^^^^^^^^^^ help: consider using `repeat_n()` instead: `std::iter::repeat_n(spike_lufs, 2_000)`
     |
     = help: for further information visit https://rust-lang.github.io/rust-clippy/master/index.html#manual_repeat_n
     = note: `#[warn(clippy::manual_repeat_n)]` on by default

warning: this `repeat().take()` can be written more concisely
    --> crates/daw-dsp/src/proof/metering.rs:1801:27
     |
1801 |             blocks.extend(core::iter::repeat(level).take(2_000));
     |                           ^^^^^^^^^^^^^^^^^^^^^^^^^^^^^^^^^^^^^ help: consider using `repeat_n()` instead: `std::iter::repeat_n(level, 2_000)`
     |
     = help: for further information visit https://rust-lang.github.io/rust-clippy/master/index.html#manual_repeat_n

warning: the loop variable `i` is used to index `seq`
   --> crates/daw-dsp/src/toaster/engines/lfsr.rs:141:18
    |
141 |         for i in 0..8 {
    |                  ^^^^
    |
    = help: for further information visit https://rust-lang.github.io/rust-clippy/master/index.html#needless_range_loop
help: consider using an iterator and enumerate()
    |
141 -         for i in 0..8 {
141 +         for (i, <item>) in seq.iter().enumerate() {
    |

warning: manual `RangeInclusive::contains` implementation
  --> crates/daw-dsp/src/toaster/tolerance.rs:93:21
   |
93 |                     ratio >= 0.80 && ratio <= 1.20,
   |                     ^^^^^^^^^^^^^^^^^^^^^^^^^^^^^^ help: use: `(0.80..=1.20).contains(&ratio)`
   |
   = help: for further information visit https://rust-lang.github.io/rust-clippy/master/index.html#manual_range_contains

warning: manual `RangeInclusive::contains` implementation
   --> crates/daw-dsp/src/toaster/tolerance.rs:107:21
    |
107 |                     ratio >= 0.95 && ratio <= 1.05,
    |                     ^^^^^^^^^^^^^^^^^^^^^^^^^^^^^^ help: use: `(0.95..=1.05).contains(&ratio)`
    |
    = help: for further information visit https://rust-lang.github.io/rust-clippy/master/index.html#manual_range_contains

warning: `daw-dsp` (lib test) generated 187 warnings (172 duplicates) (run `cargo clippy --fix --lib -p daw-dsp --tests -- ` to apply 11 suggestions)
    Finished `dev` profile [unoptimized + debuginfo] target(s) in 19.08s
   Compiling unicode-ident v1.0.24
   Compiling cfg-if v1.0.4
   Compiling once_cell v1.21.4
   Compiling serde_core v1.0.229
   Compiling libc v0.2.183
   Compiling zmij v1.0.21
   Compiling memchr v2.8.0
   Compiling itoa v1.0.18
   Compiling num-traits v0.2.19
   Compiling bitflags v2.11.0
   Compiling log v0.4.29
   Compiling assert_no_alloc v1.1.2
   Compiling proc-macro2 v1.0.106
   Compiling wasm-bindgen-shared v0.2.126
   Compiling strength_reduce v0.2.4
   Compiling either v1.15.0
   Compiling smallvec v1.15.1
   Compiling bytemuck v1.25.0
   Compiling lazy_static v1.5.0
   Compiling clap_lex v1.1.0
   Compiling regex-lite v0.1.9
   Compiling regex-syntax v0.8.10
   Compiling anstyle v1.0.14
   Compiling ciborium-io v0.2.2
   Compiling itertools v0.10.5
   Compiling cast v0.3.0
   Compiling same-file v1.0.6
   Compiling anes v0.1.6
   Compiling clap_builder v4.6.0
   Compiling walkdir v2.5.0
   Compiling oorandom v11.1.5
   Compiling quote v1.0.45
   Compiling objc2-encode v4.1.0
   Compiling typenum v1.20.1
   Compiling syn v2.0.117
   Compiling syn v3.0.0
   Compiling is-terminal v0.4.17
   Compiling crossbeam-utils v0.8.21
   Compiling num-integer v0.1.46
   Compiling num-complex v0.4.6
   Compiling objc2 v0.6.4
   Compiling primal-check v0.3.4
   Compiling transpose v0.2.3
   Compiling triple_buffer v9.0.0
   Compiling const-oid v0.10.2
   Compiling cpufeatures v0.3.0
   Compiling rand_core v0.10.1
   Compiling rustfft v6.4.1
   Compiling extended v0.1.0
   Compiling scopeguard v1.2.0
   Compiling lock_api v0.4.14
   Compiling getrandom v0.4.2
   Compiling adler2 v2.0.1
   Compiling simd-adler32 v0.3.9
   Compiling crc32fast v1.5.0
   Compiling spin v0.9.8
   Compiling hybrid-array v0.4.13
   Compiling regex-automata v0.4.14
   Compiling miniz_oxide v0.8.9
   Compiling chacha20 v0.10.1
   Compiling socket2 v0.6.3
   Compiling criterion-plot v0.5.0
   Compiling tracing-core v0.1.36
   Compiling futures-core v0.3.33
   Compiling futures-sink v0.3.33
   Compiling crypto-common v0.2.2
   Compiling block-buffer v0.12.1
   Compiling leb128 v0.2.5
   Compiling pin-project-lite v0.2.17
   Compiling block2 v0.6.2
   Compiling dispatch2 v0.3.1
   Compiling objc2-foundation v0.3.2
   Compiling objc2-core-audio-types v0.3.2
   Compiling clap v4.6.0
   Compiling tinyvec_macros v0.1.1
   Compiling tinyvec v1.11.0
   Compiling objc2-core-foundation v0.3.2
   Compiling flume v0.12.0
   Compiling serde_json v1.0.150
   Compiling smol_str v0.3.6
   Compiling flate2 v1.1.9
   Compiling socket-pktinfo v0.4.0
   Compiling rand v0.10.2
   Compiling digest v0.11.3
   Compiling sha2 v0.11.0
   Compiling serde_derive v1.0.229
   Compiling if-addrs v0.15.0
   Compiling mio v1.2.0
   Compiling itertools v0.14.0
   Compiling regex v1.12.3
   Compiling unicode-segmentation v1.13.2
   Compiling rustc-hash v2.1.2
   Compiling fastrand v2.5.0
   Compiling hex v0.4.3
   Compiling mach2 v0.6.0
   Compiling dasp_sample v0.11.0
   Compiling mdns-sd v0.20.2
   Compiling uuid v1.24.0
   Compiling hostname v0.4.2
   Compiling libloading v0.9.0
   Compiling rtrb v0.3.4
   Compiling clap-sys v0.5.0
   Compiling symphonia-core v0.6.0
   Compiling wasm-bindgen-macro-support v0.2.126
   Compiling objc2-core-audio v0.3.2
   Compiling objc2-audio-toolbox v0.3.2
   Compiling zerocopy-derive v0.8.48
   Compiling specta-macros v2.0.0-rc.25
   Compiling thiserror-impl v2.0.18
   Compiling tracing-attributes v0.1.31
   Compiling coreaudio-rs v0.14.2
   Compiling serde v1.0.229
   Compiling cpal v0.18.1
   Compiling symphonia-metadata v0.6.0
   Compiling symphonia-codec-pcm v0.6.0
   Compiling symphonia-codec-adpcm v0.6.0
   Compiling symphonia-bundle-mp3 v0.6.0
   Compiling specta v2.0.0-rc.25
   Compiling thiserror v2.0.18
   Compiling tinytemplate v1.2.1
   Compiling tracing v0.1.44
   Compiling zerocopy v0.8.48
   Compiling hexane v0.2.1
   Compiling daw-core v0.1.0 (/Users/josecosta/dev/sourdaw/.agents/worktrees/rustci/crates/daw-core)
   Compiling symphonia-common v0.6.0
warning: unused import: `std::str::FromStr`
 --> crates/daw-core/src/tuning/scala.rs:1:5
  |
1 | use std::str::FromStr;
  |     ^^^^^^^^^^^^^^^^^
  |
  = note: `#[warn(unused_imports)]` (part of `#[warn(unused)]`) on by default

   Compiling symphonia-format-riff v0.6.0
   Compiling daw-plugin-host v0.1.0 (/Users/josecosta/dev/sourdaw/.agents/worktrees/rustci/crates/daw-plugin-host)
warning: unused imports: `CLAP_WINDOW_API_WIN32` and `CLAP_WINDOW_API_X11`
  --> crates/daw-plugin-host/src/clap_wrapper.rs:34:5
   |
34 |     CLAP_WINDOW_API_WIN32, CLAP_WINDOW_API_X11,
   |     ^^^^^^^^^^^^^^^^^^^^^  ^^^^^^^^^^^^^^^^^^^
   |
   = note: `#[warn(unused_imports)]` (part of `#[warn(unused)]`) on by default

warning: unused import: `CStr`
 --> crates/daw-plugin-host/src/vst3_wrapper.rs:9:24
  |
9 | use std::ffi::{c_void, CStr};
  |                        ^^^^

warning: unused import: `std::ptr`
  --> crates/daw-plugin-host/src/vst3_wrapper.rs:10:5
   |
10 | use std::ptr;
   |     ^^^^^^^^

   Compiling symphonia-format-caf v0.6.0
   Compiling symphonia-bundle-flac v0.6.0
warning: `daw-core` (lib) generated 1 warning (run `cargo fix --lib -p daw-core` to apply 1 suggestion)
   Compiling symphonia-codec-vorbis v0.6.0
   Compiling symphonia-format-isomp4 v0.6.0
   Compiling symphonia-codec-alac v0.6.0
warning: unused variable: `clap_id`
   --> crates/daw-plugin-host/src/scanner.rs:133:26
    |
133 |             let (vendor, clap_id, category, has_ui) = if format == "clap" {
    |                          ^^^^^^^ help: if this is intentional, prefix it with an underscore: `_clap_id`
    |
    = note: `#[warn(unused_variables)]` (part of `#[warn(unused)]`) on by default

warning: field `host` is never read
  --> crates/daw-plugin-host/src/clap_wrapper.rs:65:5
   |
59 | pub struct ClapWrapper {
   |            ----------- field in this struct
...
65 |     host: Box<clap_host>,
   |     ^^^^
   |
   = note: `#[warn(dead_code)]` (part of `#[warn(unused)]`) on by default

warning: field `activated` is never read
  --> crates/daw-plugin-host/src/vst3_wrapper.rs:17:5
   |
14 | pub struct Vst3Wrapper {
   |            ----------- field in this struct
...
17 |     activated: bool,
   |     ^^^^^^^^^

   Compiling symphonia-codec-aac v0.6.0
   Compiling symphonia-format-ogg v0.6.0
   Compiling symphonia-format-mkv v0.6.0
   Compiling automerge v0.10.0
   Compiling wasm-bindgen-macro v0.2.126
   Compiling wasm-bindgen v0.2.126
warning: `daw-core` (lib test) generated 1 warning (1 duplicate)
   Compiling symphonia v0.6.0
warning: `daw-plugin-host` (lib) generated 6 warnings (run `cargo fix --lib -p daw-plugin-host` to apply 4 suggestions)
   Compiling daw-io v0.1.0 (/Users/josecosta/dev/sourdaw/.agents/worktrees/rustci/crates/daw-io)
warning: `daw-plugin-host` (lib test) generated 6 warnings (6 duplicates)
   Compiling daw-dsp v0.1.0 (/Users/josecosta/dev/sourdaw/.agents/worktrees/rustci/crates/daw-dsp)
   Compiling proof-chamber v0.1.0 (/Users/josecosta/dev/sourdaw/.agents/worktrees/rustci/crates/proof-chamber)
   Compiling scoring v0.1.0 (/Users/josecosta/dev/sourdaw/.agents/worktrees/rustci/crates/scoring)
warning: unused import: `PI`
 --> crates/proof-chamber/src/proof_chamber.rs:9:24
  |
9 | use std::f32::consts::{PI, TAU};
  |                        ^^
  |
  = note: `#[warn(unused_imports)]` (part of `#[warn(unused)]`) on by default

warning: unused import: `HybridMode`
  --> crates/proof-chamber/src/lib.rs:19:14
   |
19 | use hybrid::{HybridMode, HybridReverb};
   |              ^^^^^^^^^^

warning: field `sample_rate` is never read
   --> crates/scoring/src/lib.rs:225:5
    |
224 | pub struct ScoringEngine {
    |            ------------- field in this struct
225 |     sample_rate: f32,
    |     ^^^^^^^^^^^
    |
    = note: `#[warn(dead_code)]` (part of `#[warn(unused)]`) on by default

warning: field `envelope_phase` is never read
  --> crates/proof-chamber/src/reverse.rs:29:5
   |
12 | pub struct ReverseReverb {
   |            ------------- field in this struct
...
29 |     envelope_phase: f32,
   |     ^^^^^^^^^^^^^^
   |
   = note: `#[warn(dead_code)]` (part of `#[warn(unused)]`) on by default

warning: `scoring` (lib test) generated 1 warning (1 duplicate)
warning: `proof-chamber` (lib test) generated 3 warnings (3 duplicates)
warning: `scoring` (lib) generated 1 warning
warning: variable does not need to be mutable
   --> crates/scoring/tests/quantum_cost.rs:121:9
    |
121 |     let mut fill = |block: usize, left: &mut [f32; QUANTUM], right: &mut [f32; QUANTUM]| {
    |         ----^^^^
    |         |
    |         help: remove this `mut`
    |
    = note: `#[warn(unused_mut)]` (part of `#[warn(unused)]`) on by default

warning: unused variable: `p99`
   --> crates/scoring/tests/quantum_cost.rs:153:9
    |
153 |     let p99 = quantile(&samples, 0.99);
    |         ^^^ help: if this is intentional, prefix it with an underscore: `_p99`
    |
    = note: `#[warn(unused_variables)]` (part of `#[warn(unused)]`) on by default

warning: unused variable: `max`
   --> crates/scoring/tests/quantum_cost.rs:154:9
    |
154 |     let max = *samples.last().expect("timed at least one quantum") as f64;
    |         ^^^ help: if this is intentional, prefix it with an underscore: `_max`

   Compiling half v2.7.1
warning: `proof-chamber` (lib) generated 3 warnings (run `cargo fix --lib -p proof-chamber` to apply 2 suggestions)
warning: variable does not need to be mutable
   --> crates/proof-chamber/tests/quantum_cost.rs:162:13
    |
162 |         let mut fill = |block: usize, left: &mut [f32; QUANTUM], right: &mut [f32; QUANTUM]| {
    |             ----^^^^
    |             |
    |             help: remove this `mut`
    |
    = note: `#[warn(unused_mut)]` (part of `#[warn(unused)]`) on by default

warning: unused variable: `p99`
   --> crates/proof-chamber/tests/quantum_cost.rs:207:13
    |
207 |         let p99 = quantile(&samples, 0.99);
    |             ^^^ help: if this is intentional, prefix it with an underscore: `_p99`
    |
    = note: `#[warn(unused_variables)]` (part of `#[warn(unused)]`) on by default

warning: unused variable: `max`
   --> crates/proof-chamber/tests/quantum_cost.rs:208:13
    |
208 |         let max = *samples.last().expect("timed at least one quantum") as f64;
    |             ^^^ help: if this is intentional, prefix it with an underscore: `_max`

   Compiling ciborium-ll v0.2.2
   Compiling ciborium v0.2.2
warning: `scoring` (test "quantum_cost") generated 3 warnings (run `cargo fix --test "quantum_cost" -p scoring` to apply 3 suggestions)
   Compiling criterion v0.5.1
warning: `proof-chamber` (test "quantum_cost") generated 3 warnings (run `cargo fix --test "quantum_cost" -p proof-chamber` to apply 3 suggestions)
warning: method `reset` is never used
   --> crates/daw-dsp/src/bacteria/engine.rs:639:8
    |
612 | impl StepSequencer {
    | ------------------ method in this implementation
...
639 |     fn reset(&mut self) {
    |        ^^^^^
    |
    = note: `#[warn(dead_code)]` (part of `#[warn(unused)]`) on by default

warning: fields `rms_l` and `rms_r` are never read
  --> crates/daw-dsp/src/gluten/engine.rs:60:5
   |
35 | pub struct GlutenEngine {
   |            ------------ fields in this struct
...
60 |     rms_l: RmsDetector,
   |     ^^^^^
61 |     rms_r: RmsDetector,
   |     ^^^^^

warning: function `jfet_distortion` is never used
   --> crates/daw-dsp/src/gluten/fet.rs:182:4
    |
182 | fn jfet_distortion(x: f32) -> f32 {
    |    ^^^^^^^^^^^^^^^

warning: method `update_sample_rate` is never used
  --> crates/daw-dsp/src/gluten/vca.rs:27:8
   |
17 | impl AutoRelease {
   | ---------------- method in this implementation
...
27 |     fn update_sample_rate(&mut self, sample_rate: f32) {
   |        ^^^^^^^^^^^^^^^^^^

warning: field `psola_work_buffer` is never read
  --> crates/daw-dsp/src/knead/engine.rs:19:5
   |
 7 | pub struct KneadEngine {
   |            ----------- field in this struct
...
19 |     psola_work_buffer: Vec<f32>,
   |     ^^^^^^^^^^^^^^^^^

warning: constant `MAX_TRANSITIONS` is never used
  --> crates/daw-dsp/src/levain/legato.rs:63:7
   |
63 | const MAX_TRANSITIONS: usize = 1024;
   |       ^^^^^^^^^^^^^^^

warning: constant `NUM_MODULES` is never used
  --> crates/daw-dsp/src/proof/mod.rs:28:7
   |
28 | const NUM_MODULES: usize = 5;
   |       ^^^^^^^^^^^

warning: constant `NUM_TAPS` is never used
  --> crates/daw-dsp/src/proof/mod.rs:29:7
   |
29 | const NUM_TAPS: usize = 6;
   |       ^^^^^^^^

warning: field `sample_rate` is never read
   --> crates/daw-dsp/src/proof/dynamic_eq.rs:170:5
    |
168 | pub struct DynamicEq {
    |            --------- field in this struct
169 |     bands: [DynEqBand; MAX_DYN_BANDS],
170 |     sample_rate: f64,
    |     ^^^^^^^^^^^

warning: fields `crossover_freqs` and `sample_rate` are never read
   --> crates/daw-dsp/src/proof/exciter.rs:150:5
    |
147 | pub struct HarmonicExciter {
    |            --------------- fields in this struct
...
150 |     crossover_freqs: [f64; 3],
    |     ^^^^^^^^^^^^^^^
151 |     sample_rate: f64,
    |     ^^^^^^^^^^^

warning: fields `overlap_l`, `overlap_r`, and `block_size` are never read
  --> crates/daw-dsp/src/proof/linear_phase_eq.rs:70:5
   |
64 | pub struct LinearPhaseEq {
   |            ------------- fields in this struct
...
70 |     overlap_l: Vec<f32>,
   |     ^^^^^^^^^
71 |     overlap_r: Vec<f32>,
   |     ^^^^^^^^^
72 |     write_pos: usize,
73 |     block_size: usize,
   |     ^^^^^^^^^^

warning: field `burst_phase` is never read
  --> crates/daw-dsp/src/toaster/engines/clap_808.rs:16:28
   |
16 |     Burst { burst_idx: u8, burst_phase: f32 },
   |     -----                  ^^^^^^^^^^^
   |     |
   |     field in this variant

warning: constant `DECAY_CENTER_S` is never used
  --> crates/daw-dsp/src/toaster/engines/kick_808.rs:37:7
   |
37 | const DECAY_CENTER_S: f32 = 0.3;
   |       ^^^^^^^^^^^^^^

warning: field `r166` is never read
  --> crates/daw-dsp/src/toaster/engines/kick_808.rs:42:5
   |
40 | pub struct Kick808Engine {
   |            ------------- field in this struct
41 |     // Component values (may be jittered by tolerance seed)
42 |     r166: f32,
   |     ^^^^

warning: constant `RIM_FREQ1` is never used
  --> crates/daw-dsp/src/toaster/engines/perc_808.rs:32:7
   |
32 | const RIM_FREQ1: f32 = 1667.0;
   |       ^^^^^^^^^

warning: constant `RIM_FREQ2` is never used
  --> crates/daw-dsp/src/toaster/engines/perc_808.rs:33:7
   |
33 | const RIM_FREQ2: f32 = 455.0;
   |       ^^^^^^^^^

warning: field `freq_base` is never read
  --> crates/daw-dsp/src/toaster/engines/tom_808.rs:33:5
   |
27 | struct TomParams {
   |        --------- field in this struct
...
33 |     freq_base: f32,
   |     ^^^^^^^^^

warning: field `output_rate` is never read
  --> crates/daw-dsp/src/toaster/sp1200.rs:73:5
   |
36 | pub struct Sp1200Effect {
   |            ------------ field in this struct
...
73 |     output_rate: f32,     // host sample rate (for ZOH period calculation)
   |     ^^^^^^^^^^^

   Compiling daw-wasm-decoder v0.1.0 (/Users/josecosta/dev/sourdaw/.agents/worktrees/rustci/crates/daw-wasm-decoder)
   Compiling daw-collab v0.1.0 (/Users/josecosta/dev/sourdaw/.agents/worktrees/rustci/crates/daw-collab)
warning: duplicated attribute
   --> crates/daw-dsp/src/levain/tone.rs:207:5
    |
207 |     #[test]
    |     ^^^^^^^
    |
    = note: `#[warn(duplicate_macro_attributes)]` on by default

warning: `daw-dsp` (lib) generated 18 warnings
   Compiling daw-engine v0.1.0 (/Users/josecosta/dev/sourdaw/.agents/worktrees/rustci/crates/daw-engine)
warning: `daw-dsp` (lib test) generated 19 warnings (18 duplicates)
    Finished `test` profile [unoptimized + debuginfo] target(s) in 26.42s
     Running unittests src/lib.rs (/private/tmp/claude-501/-Users-josecosta-dev-sourdaw/dad7ceb6-cb31-44b9-91db-bb71a71cbc38/scratchpad/coldtarget/debug/deps/daw_collab-2684b4e0f7863507)

running 21 tests
test persistence::conformance_tests::decodes_every_document_of_the_typescript_written_multi_document_bundle ... ok
test persistence::conformance_tests::decodes_the_typescript_written_empty_bundle ... ok
test persistence::conformance_tests::encodes_the_canonical_multi_document_bundle_to_the_same_records_typescript_wrote ... ok
test persistence::conformance_tests::encodes_an_empty_bundle_to_the_exact_bytes_typescript_wrote ... ok
test persistence::conformance_tests::write_rust_authored_fixtures ... ignored, fixture generator; see the doc comment for the regeneration command
test persistence::conformance_tests::decodes_the_typescript_written_single_document_bundle ... ok
test persistence::conformance_tests::encodes_the_single_document_bundle_to_the_exact_bytes_typescript_wrote ... ok
test document_store::tests::create_and_retrieve_child_doc ... ok
test document_store::tests::export_root_json_works ... ok
test document_store::tests::save_and_load_roundtrip ... ok
test document_store::tests::load_all_fails_without_root ... ok
test persistence::conformance_tests::re_encodes_the_typescript_written_multi_document_bundle_to_an_equivalent_bundle ... ok
test persistence::conformance_tests::rejects_a_docid_that_is_not_valid_utf8 ... ok
test persistence::tests::decode_handles_empty_bundle ... ok
test document_store::tests::create_project_has_root_doc ... ok
test persistence::tests::decode_rejects_bad_magic ... ok
test persistence::conformance_tests::loads_the_automerge_documents_typescript_wrote_and_reads_their_fields ... ok
test persistence::tests::decode_rejects_wrong_version ... ok
test persistence::tests::encode_decode_roundtrip ... ok
test persistence::tests::file_roundtrip ... ok
test document_store::tests::merge_bundle_adds_new_docs ... ok

test result: ok. 20 passed; 0 failed; 1 ignored; 0 measured; 0 filtered out; finished in 0.01s

     Running unittests src/lib.rs (/private/tmp/claude-501/-Users-josecosta-dev-sourdaw/dad7ceb6-cb31-44b9-91db-bb71a71cbc38/scratchpad/coldtarget/debug/deps/daw_core-67063304ba532f2f)

running 0 tests

test result: ok. 0 passed; 0 failed; 0 ignored; 0 measured; 0 filtered out; finished in 0.00s

     Running unittests src/lib.rs (/private/tmp/claude-501/-Users-josecosta-dev-sourdaw/dad7ceb6-cb31-44b9-91db-bb71a71cbc38/scratchpad/coldtarget/debug/deps/daw_dsp-cd983ac7027d6143)

running 479 tests
test bacteria::crossover::tests::new_preallocates_full_topology_and_set_bands_never_grows_storage ... ok
test bacteria::crossover::tests::band_count_change_resets_filter_state ... ok
test bacteria::engine::tests::reported_latency_follows_the_longest_active_band ... ok
test bacteria::stft::tests::latency_follows_the_configured_window ... ok
test bacteria::engine::tests::reported_latency_tracks_the_oversampling_factor ... ok
test bacteria::engine::tests::band_count_param_engages_multiband_split ... ok
test bacteria::engine::tests::skipped_bands_keep_their_alignment_rings_moving ... ok
test bacteria::engine::tests::a_band_dropped_by_band_count_does_not_replay_stale_audio ... ok
test bacteria::stft::tests::nothing_arrives_before_the_reported_delay ... ok
test bacteria::engine::tests::two_band_split_differs_from_one_band_output ... ok
test bacteria::stft::tests::latency_samples_is_the_delay_the_transform_delivers ... ok
test crumbs::engine::commit_handoff_tests::handoff_commit_does_no_rt_alloc_and_defers_pool_insert ... ok
test bacteria::engine::tests::descriptor_band_gain_id_attenuates_by_the_declared_db ... ok
test bacteria::engine::tests::device_delay_lands_on_the_configured_latency_target ... ok
test crust::bands::tests::an_unsupported_band_count_is_refused_rather_than_rounded ... ok
test crumbs::engine::commit_handoff_tests::handoff_repeated_takes_recycle_buffers_and_keep_semantics ... ok
test crumbs::engine::commit_handoff_tests::handoff_arm_without_recycled_buffers_is_refused_safely ... ok
test crust::bands::tests::wideband_mode_hands_back_the_input_untouched ... ok
test crumbs::engine::duplicate_commit_tests::auto_commit_at_capacity_then_stop_does_not_recommit ... ok
test crumbs::engine::duplicate_commit_tests::double_stop_does_not_recommit_take ... ok
test crumbs::engine::tests::recording_capacity_survives_repeated_takes ... ok
test crumbs::engine::tests::second_take_commits_full_buffer ... ok
test crust::engine::tests::delta_listen_returns_the_difference_and_not_the_programme ... ok
test crust::engine::tests::a_non_finite_sample_from_upstream_never_reaches_the_output ... ok
test bacteria::stft::tests::smudge_is_unity_gain_on_steady_material ... ok
test bacteria::engine::tests::the_dry_tap_stays_aligned_with_the_wet_path ... ok
test crust::engine::tests::the_true_peak_meter_flags_the_overshoot_a_sample_domain_detector_leaves ... ok
test crust::engine::tests::true_peak_detection_catches_an_inter_sample_peak_a_sample_detector_misses ... ok
test crust::engine::tests::the_same_programme_breaches_the_ceiling_when_the_device_is_bypassed ... ok
test crust::engine::tests::reported_latency_equals_the_delay_the_signal_actually_takes ... ok
test crust::limiter::tests::attack_is_clamped_to_the_look_ahead_ramp_budget ... ok
test crust::limiter::tests::look_ahead_is_raised_to_the_detector_group_delay_when_true_peak_is_on ... ok
test crust::limiter::tests::sample_peak_mode_can_run_with_no_delay_at_all ... ok
test crust::limiter::tests::shortening_the_look_ahead_re_clamps_a_previously_legal_attack ... ok
test crust::engine::tests::unity_gain_removes_the_input_gain_it_was_given ... ok
test crust::oversample::tests::unsupported_factors_round_down_to_a_power_of_two ... ok
test crust::params::tests::algorithm_indices_match_the_panel_order ... ok
test crust::params::tests::an_out_of_range_algorithm_index_falls_back_to_transparent ... ok
test crust::params::tests::dither_indices_map_onto_the_shared_modes_and_bit_depths ... ok
test crust::params::tests::each_algorithm_carries_its_own_release ... ok
test crust::params::tests::stereo_and_band_indices_match_the_panel_order ... ok
test crust::params::tests::styles_resolve_onto_the_algorithms_they_simplify ... ok
test crust::limiter::tests::an_isolated_burst_is_limited_at_the_moment_it_leaves_the_delay_line ... ok
test crust::saturator::tests::a_disabled_stage_passes_the_signal_through_unchanged ... ok
test crust::saturator::tests::mix_scales_how_far_the_output_moves_toward_the_curve ... ok
test crust::saturator::tests::every_curve_is_bounded_far_past_its_rails ... ok
test crust::saturator::tests::the_tube_curve_is_asymmetric_where_the_soft_curve_is_not ... ok
test fermenter::effects::tests::chorus_silent_advance_matches_continuous_zero_input ... ok
test fermenter::effects::tests::compressor_silent_advance_matches_continuous_release ... ok
test fermenter::effects::tests::phaser_silent_advance_matches_continuous_zero_input ... ok
test fermenter::layer::tests::channel_agnostic_note_off_still_releases_every_voice_at_the_pitch ... ok
test fermenter::layer::tests::expression_does_not_cross_mpe_member_channels_at_one_pitch ... ok
test fermenter::layer::tests::mapped_engine_specific_params_update_layer_state ... ok
test fermenter::layer::tests::expression_skips_a_still_ringing_voice_at_the_same_pitch ... ok
test fermenter::layer::tests::mapped_oscillator_and_filter_params_update_layer_state ... ok
test fermenter::sampler::tests::loop_crossfade_blends_tail_toward_head ... ok
test fermenter::sampler::tests::loop_crossfade_leaves_body_untouched ... ok
test fermenter::layer::tests::note_off_can_be_narrowed_to_one_member_channel ... ok
test crust::bands::tests::recombined_bands_stay_flat_across_the_spectrum ... ok
test crust::engine::tests::a_zero_release_falls_back_to_the_program_dependent_branch ... ok
test crust::oversample::tests::round_trip_preserves_level_at_every_factor ... ok
test crust::engine::tests::saturation_cannot_push_the_output_back_over_the_ceiling ... ok
test fermenter::synth::tests::an_out_of_order_event_applies_at_the_cursor_instead_of_rewriting_rendered_audio ... ok
test bacteria::crossover::tests::two_band_sum_is_flat_across_frequency_including_crossover ... ok
test fermenter::synth::tests::additive_params_change_rendered_output ... ok
test fermenter::synth::tests::a_note_on_and_note_off_on_the_same_sample_are_applied_in_the_order_given ... ok
test fermenter::synth::tests::an_offset_render_is_the_zero_offset_render_shifted_by_exactly_that_many_samples ... ok
test fermenter::synth::tests::an_expression_event_reaches_the_voice_started_earlier_in_the_same_block ... ok
test fermenter::synth::tests::lifecycle_observes_internal_audio_before_zero_master_gain ... ok
test fermenter::synth::tests::event_splits_do_not_accelerate_block_rate_parameter_smoothing ... ok
test fermenter::synth::tests::mapped_global_params_update_master_state ... ok
test crust::engine::tests::the_ceiling_holds_in_mid_side_and_multiband_modes ... ok
test fermenter::synth::tests::bending_one_member_channel_leaves_the_other_at_its_pitch ... ok
test fermenter::synth::tests::multiple_note_events_in_one_block_honor_their_offsets ... ok
test fermenter::synth::tests::granular_params_change_rendered_output ... ok
test fermenter::synth::tests::expression_for_a_silent_note_is_ignored ... ok
test fermenter::synth::tests::global_effect_params_change_rendered_output ... ok
test bacteria::engine::tests::bands_with_mismatched_group_delay_still_sum_across_the_crossover ... ok
test crust::engine::tests::output_never_exceeds_the_ceiling_on_material_that_clips_without_it ... ok
test fermenter::synth::tests::muted_release_can_sleep_and_unmute_wakes_the_frozen_voice ... ok
test fermenter::synth::tests::note_event_renders_finite_non_silent_audio ... ok
test fermenter::synth::tests::note_event_offset_delays_render_until_event_sample ... ok
test fermenter::synth::tests::note_off_releases_all_playable_layers_for_note ... ok
test fermenter::synth::tests::note_on_skips_muted_layers_and_honors_solo ... ok
test fermenter::synth::tests::note_on_triggers_all_playable_active_layers ... ok
test fermenter::synth::tests::serial_wet_effects_compose_their_tail_gap ... ok
test fermenter::synth::tests::per_note_pitch_bend_lowers_the_rendered_frequency_when_negative ... ok
test fermenter::synth::tests::solo_exclusion_can_sleep_and_unsolo_wakes_the_frozen_voice ... ok
test fermenter::synth::tests::sampler_start_changes_rendered_output ... ok
test fermenter::synth::tests::per_note_pressure_raises_the_rendered_level ... ok
test fermenter::synth::tests::per_note_pitch_bend_raises_the_rendered_frequency ... ok
test fermenter::synth::tests::state_revealing_control_change_wakes_a_sleeping_processor ... ok
test fermenter::synth::tests::unison_spread_renders_stereo_difference ... ok
test fermenter::tests::a_sleeping_instance_wakes_for_a_pending_offset_event ... ok
test crust::engine::tests::recovery_time_scales_with_the_release_parameter ... ok
test fermenter::synth::tests::waking_a_frozen_delay_establishes_a_full_tail_horizon ... ok
test fermenter::voice::tests::note_on_clears_expression_so_a_recycled_voice_starts_neutral ... ok
test fermenter::voice::tests::set_expression_clamps_to_the_documented_ranges ... ok
test gluten::oversample::tests::diode_topology_is_level_neutral_below_its_threshold ... ok
test gluten::oversample::tests::fet_topology_is_level_neutral_when_its_nonlinearities_are_off ... ok
test gluten::oversample::tests::round_trip_dc_gain_is_unity_at_every_factor ... ok
test gluten::oversample::tests::round_trip_impulse_response_is_symmetric_about_its_group_delay ... ok
test gluten::oversample::tests::round_trip_sine_level_is_unity_at_every_factor ... ok
test grand_boule::attack_sampler::tests::crossfade_gains_are_complementary_in_power ... ok
test grand_boule::attack_sampler::tests::empty_set_returns_zero_samples ... ok
test grand_boule::attack_sampler::tests::loaded_clip_round_trips ... ok
test grand_boule::attack_sampler::tests::long_clips_are_truncated ... ok
test fermenter::tests::lifecycle_queries_and_silent_advance_do_not_allocate ... ok
test grand_boule::coupled_strings::tests::measure_block_rate_retune_cost ... ignored, timing measurement, not an assertion — see audit MD-2
test grand_boule::coupled_strings::tests::monochord_bass_has_one_unison ... ok
test grand_boule::coupled_strings::tests::trichord_key_has_three_unisons ... ok
test fermenter::synth::tests::per_note_slide_opens_and_closes_the_voice_filter ... ok
test grand_boule::duplex::tests::bass_is_inactive ... ok
test grand_boule::duplex::tests::c4_and_above_is_active ... ok
test grand_boule::duplex::tests::duplex_rings_after_burst ... ok
test grand_boule::engine::tests::all_notes_off_kills_preallocated_steal_tails ... ok
test grand_boule::engine::tests::all_notes_off_preserves_pedal_controller_state ... ok
test grand_boule::engine::tests::attack_bite_zero_reduces_high_frequency_attack_energy ... ok
test grand_boule::engine::tests::expression_addressed_to_another_member_channel_is_ignored ... ok
test grand_boule::coupled_strings::tests::two_stage_decay_rings_longer_than_single_string ... ok
test grand_boule::engine::tests::expression_preceding_a_second_steal_retunes_the_outgoing_tail ... ok
test grand_boule::engine::tests::fading_victim_note_off_does_not_cancel_the_replacement ... ok
test fermenter::synth::tests::per_note_expression_only_reaches_the_addressed_note ... ok
test grand_boule::engine::tests::highest_and_lowest_notes_are_protected ... ok
test grand_boule::engine::tests::microtuned_note_changes_fundamental ... ok
test grand_boule::coupled_strings::tests::extra_damping_shortens_combined_decay ... ok
test grand_boule::engine::tests::note_on_allocates_voice ... ok
test grand_boule::engine::tests::out_of_range_notes_are_ignored ... ok
test grand_boule::engine::tests::pedal_lift_releases_the_replacement_after_its_key_goes_up ... ok
test grand_boule::engine::tests::per_note_bend_skips_a_still_ringing_voice_at_the_same_pitch ... ok
test grand_boule::engine::tests::per_note_pitch_bend_keeps_the_string_ringing_through_the_retune ... ok
test fermenter::tests::numeric_automation_setter_does_not_allocate ... ok
test fermenter::tests::lifecycle_sleeps_cold_wakes_for_note_and_preserves_default_reverb_tail ... ok
test grand_boule::engine::tests::process_produces_audio ... ok
test grand_boule::engine::tests::pressure_and_slide_are_dropped_rather_than_faked ... ok
test grand_boule::engine::tests::repeated_overflow_steals_the_oldest_unprotected_voice ... ok
test grand_boule::engine::tests::same_pitch_mpe_channels_keep_independent_ownership_until_each_releases ... ok
test grand_boule::engine::tests::same_pitch_mpe_release_is_retained_by_sostenuto_capture ... ok
test grand_boule::engine::tests::same_pitch_mpe_release_is_retained_by_sustain ... ok
test grand_boule::engine::tests::released_voice_is_stolen_before_a_held_voice_even_when_its_tail_slot_is_occupied ... ok
test grand_boule::engine::tests::same_pitch_voice_struck_after_sostenuto_edge_is_not_captured ... ok
test grand_boule::engine::tests::sampled_and_modelled_steal_tail_use_the_same_pre_tick_fade_gain ... ok
test grand_boule::engine::tests::sostenuto_release_starts_release_for_captured_voice ... ok
test grand_boule::engine::tests::saturated_tail_pool_replaces_only_the_quietest_fade_without_duplicate_membership ... ok
test grand_boule::engine::tests::stolen_replacement_accepts_expression_and_note_off_immediately ... ok
test fermenter::tests::push_reports_a_full_block_event_list_instead_of_growing_it ... ok
test grand_boule::engine::tests::sustain_pedal_prevents_note_off_from_stopping_voice ... ok
test grand_boule::engine::tests::sustain_note_off_releases_key_ownership_without_stopping_sound ... ok
test grand_boule::engine::tests::sustain_pedal_release_keeps_physically_held_voice_active ... ok
test grand_boule::engine::tests::sustain_pedal_release_starts_release_for_pedal_sustained_voice ... ok
test grand_boule::engine::tests::stretch_amount_changes_audio_output_at_treble ... ok
test grand_boule::engine::tests::undamped_top_key_struck_after_sostenuto_engages_is_not_captured ... ok
test grand_boule::engine::tests::voice_pool_overflow_steals_a_voice ... ok
test grand_boule::engine::tests::voice_steal_starts_replacement_immediately_and_fades_outgoing_tail ... ok
test grand_boule::hammer::tests::contact_lowpass_alpha_increases_with_velocity ... ok
test grand_boule::hammer::tests::force_is_zero_when_not_in_contact ... ok
test grand_boule::hammer::tests::hammer_rebounds_after_strike ... ok
test grand_boule::hammer::tests::stulov_form_produces_asymmetric_pulse ... ok
test fermenter::tests::the_event_list_is_consumed_by_the_block_that_renders_it ... ok
test grand_boule::longitudinal::tests::bass_key_activates_bank ... ok
test grand_boule::longitudinal::tests::squared_drive_is_nonlinear ... ok
test grand_boule::longitudinal::tests::treble_key_deactivates_bank ... ok
test grand_boule::lifecycle_tests::lifecycle_sleeps_cold_wakes_for_note_and_hard_stops ... ok
test grand_boule::mechanical_noise::tests::pool_wraps_without_panic ... ok
test grand_boule::mechanical_noise::tests::silent_when_no_bursts_triggered ... ok
test grand_boule::mechanical_noise::tests::burst_decays_to_silence ... ok
test grand_boule::midi2::tests::microtuning_precision_is_at_least_1_over_512 ... ok
test grand_boule::midi2::tests::parses_midi1_note_off_from_velocity_zero ... ok
test grand_boule::midi2::tests::parses_midi1_note_on ... ok
test grand_boule::mechanical_noise::tests::triggered_burst_produces_output ... ok
test grand_boule::midi2::tests::parses_midi2_note_on_with_full_velocity ... ok
test grand_boule::midi2::tests::per_note_pitch_is_signed_and_centered ... ok
test grand_boule::midi2::tests::pitch_ratio_round_trips ... ok
test grand_boule::parameters::tests::a4_is_440_with_railsback ... ok
test grand_boule::midi2::tests::velocity_unit_is_full_range ... ok
test grand_boule::parameters::tests::equal_temperament_has_zero_offsets ... ok
test grand_boule::parameters::tests::hammer_mass_decreases_with_pitch ... ok
test grand_boule::parameters::tests::inharmonicity_monotonic ... ok
test grand_boule::parameters::tests::meantone_has_large_offsets ... ok
test grand_boule::parameters::tests::midi_mapping_covers_piano_range ... ok
test grand_boule::parameters::tests::temperament_from_u8_roundtrips ... ok
test grand_boule::parameters::tests::werckmeister_a_is_zero ... ok
test grand_boule::pedals::tests::captured_voice_is_undamped_while_sostenuto_is_engaged ... ok
test grand_boule::pedals::tests::held_key_is_undamped ... ok
test grand_boule::pedals::tests::half_pedal_is_monotonic ... ok
test grand_boule::pedals::tests::keys_above_c7_have_no_damper_ever ... ok
test grand_boule::pedals::tests::sustain_down_removes_damper ... ok
test grand_boule::pedals::tests::sustain_up_applies_full_damper ... ok
test grand_boule::pedals::tests::una_corda_scales_hammer_stiffness ... ok
test grand_boule::pedals::tests::uncaptured_voice_is_damped_while_sostenuto_is_engaged ... ok
test grand_boule::soundboard::tests::silent_input_produces_no_output_after_reset ... ok
test grand_boule::soundboard::tests::soundboard_constructs_with_all_modes ... ok
test grand_boule::soundboard::tests::stereo_channels_differ ... ok
test grand_boule::string::tests::configured_bank_rings ... ok
test grand_boule::string::tests::empty_bank_outputs_zero ... ok
test grand_boule::string::tests::extra_damping_shortens_decay ... ok
test grand_boule::sympathetic::tests::keys_cover_piano_range ... ok
test grand_boule::sympathetic::tests::undamped_rings_longer_than_damped ... ok
test grand_boule::voice::tests::a_new_note_restores_the_configured_quality_after_adaptive_demotion ... ok
test grinder::automatable_param_contract::native_and_web_registries_match ... ok
test grinder::cabinet::tests::mic_distance_changes_the_rendered_cabinet_output ... ok
test grinder::cabinet::tests::room_amount_changes_the_rendered_cabinet_output ... ok
test grinder::engine::tests::cab_ir_slot_changes_the_live_signal_path ... ok
test grinder::engine::tests::cab_type_changes_the_live_signal_path ... ok
test grinder::engine::tests::crunch_channel_is_not_effectively_muted ... ok
test grand_boule::engine::tests::per_note_pitch_bend_retunes_the_ringing_string ... ok
test grand_boule::soundboard::tests::impulse_response_decays ... ok
test grinder::engine::tests::neural_custom_tier_param_reaches_the_capture ... ok
test grinder::engine::tests::neural_model_mode_param_activates_the_custom_profile ... ok
test grinder::engine::tests::lead_channel_is_not_effectively_muted ... ok
test bacteria::crossover::tests::four_band_sum_is_flat_across_frequency_including_all_crossovers ... ok
test grinder::engine::tests::neural_custom_conv_weight_params_change_the_processed_signal ... ok
test grinder::engine::tests::supported_pedal_order_rebuild_is_stable_for_equal_values ... ok
test grinder::engine::tests::prefixed_pedal_params_affect_the_live_signal_path ... ok
test grinder::input::tests::default_gate_is_transparent ... ok
test grinder::input::tests::enabled_gate_can_close_to_a_real_noise_floor ... ok
test grinder::input::tests::enabled_gate_opens_for_sustained_pick_attack ... ok
test grinder::input::tests::input_modes_are_not_interchangeable ... ok
test grinder::input::tests::instrument_mode_preserves_more_pick_attack_than_reamp ... ok
test grinder::input::tests::line_mode_is_more_padded_than_instrument ... ok
test grinder::neural::tests::builtin_neural_models_produce_distinct_output ... ok
test grinder::engine::tests::supported_pre_pedal_order_changes_the_live_signal_path ... ok
test grinder::oversample::tests::box_average_downsampling_leaves_substantial_aliasing ... ok
test grinder::neural::tests::imported_custom_profiles_produce_distinct_output ... ok
test grinder::oversample::tests::halfband_oversampling_preserves_the_wanted_harmonics ... ok
test grinder::oversample::tests::reset_clears_filter_history ... ok
test grinder::oversample::tests::silence_in_produces_silence_out ... ok
test grinder::pedals::tests::enabled_fuzz_settles_near_silence_for_silence_input ... ok
test grinder::engine::tests::routing_mode_changes_the_live_signal_path ... ok
test grinder::oversample::tests::halfband_oversampling_rejects_far_more_aliasing_than_the_box_average ... ok
test grinder::pedals::tests::moderate_distortion_stays_in_a_usable_loudness_range ... ok
test grinder::pedals::tests::moderate_fuzz_stays_in_a_usable_loudness_range ... ok
test grinder::pedals::tests::moderate_overdrive_stays_in_a_usable_loudness_range ... ok
test grinder::power_amp::tests::biased_push_pull_clip_has_a_real_crossover_region ... ok
test grinder::pedals::tests::overdrive_still_changes_the_signal_when_enabled ... ok
test grinder::power_amp::tests::extreme_gain_power_amp_decay_smooths_after_the_attack ... ok
test grinder::power_amp::tests::high_drive_power_amp_is_reasonably_sample_rate_stable ... ok
test grinder::power_amp::tests::power_tube_families_are_not_interchangeable ... ok
test grinder::power_amp::tests::power_amp_bias_audibly_changes_the_response ... ok
test grinder::power_amp::tests::sixl6_keeps_more_attack_headroom_than_el84 ... ok
test grinder::power_amp::tests::rectifier_type_changes_burst_sag_and_recovery ... ok
test grinder::power_amp::tests::presence_and_resonance_shape_the_power_stage_response ... ok
test grinder::triode::tests::clean_twin_bright_voicing_stays_polite_on_pick_transients ... ok
test grinder::triode::tests::amp_model_and_fat_change_the_preamp_voice ... ok
test grinder::triode::tests::coupling_cap_charge_changes_recovery_tail ... ok
test grinder::triode::tests::crunch_channel_produces_audible_output ... ok
test grinder::engine::tests::silence_does_not_self_oscillate_across_power_tube_types ... ok
test grinder::triode::tests::extreme_gain_preamp_decay_smooths_after_the_attack ... ok
test grinder::triode::tests::lead_channel_produces_audible_output ... ok
test grinder::triode::tests::grid_conduction_changes_hard_attack_clamping ... ok
test grinder::triode::tests::rectifier_preamp_has_lower_peak_to_sustain_ratio_than_lead_jcm ... ok
test grinder::triode::tests::high_gain_preamp_is_reasonably_sample_rate_stable ... ok
test grinder::triode::tests::rectifier_and_lead_jcm_low_band_body_are_comparable_on_the_clean_path ... ok
test grinder::triode::tests::tube_bias_audibly_changes_the_preamp_response ... ok
test fermenter::synth::tests::every_advertised_engine_renders_finite_non_silent_audio ... ok
test knead::engine::tests::reengage_after_bypass_has_no_duplicated_window ... ok
test knead::engine::tests::reengage_after_bypass_has_no_ghost ... ok
test knead::engine::tests::reported_latency_matches_measured_group_delay ... ok
test knead::engine::tests::reported_latency_tracks_the_configured_analysis_frame ... ok
test knead::engine::tests::extreme_downshift_passthrough_not_mute ... ok
test fermenter::synth::tests::note_onset_lands_on_the_requested_sample_for_offsets_that_are_not_block_multiples ... ok
test knead::engine::tests::downshift_beyond_frame_period_still_sounds ... ok
test knead::engine::tests::octave_up_shift_doubles_fundamental ... ok
test knead::engine::tests::zero_shift_passes_signal_through ... ok
test knead::engine::tests::shifted_to_unshiftable_flushes_held_tail ... ok
test grand_boule::engine::tests::sustain_pedal_release_decays_output_to_silence ... ok
test knead::psola::tests::no_zero_run_dropouts ... ok
test knead::engine::tests::unshifted_passthrough_preserves_stereo_separation ... ok
test knead::psola::tests::octave_shifts_hold_rms_within_1db_and_do_not_overshoot ... ok
test knead::tests::boundary_guard_is_bit_exact_for_finite_signal ... ok
test knead::tests::instance_exposes_shift_setter_and_right_output ... ok
test knead::tests::instance_reports_the_engine_group_delay_to_pdc ... ok
test knead::tests::nan_in_signal_is_scrubbed_at_the_output_boundary ... ok
test knead::psola::tests::unity_shift_is_transparent ... ok
test levain::engine::tests::a_recycled_voice_starts_from_neutral_expression ... ok
test levain::engine::tests::a_same_pitch_note_on_hands_the_voice_to_the_new_member_channel ... ok
test levain::engine::tests::expression_addressed_to_another_member_channel_is_ignored ... ok
test levain::engine::tests::channel_agnostic_note_off_still_releases_every_voice_at_the_pitch ... ok
test levain::engine::tests::expression_skips_a_still_ringing_voice_at_the_same_pitch ... ok
test levain::engine::tests::loading_real_zones_takes_the_fallback_tone_back_out_of_the_path ... ok
test levain::engine::tests::note_off_can_be_narrowed_to_one_member_channel ... ok
test levain::engine::tests::per_note_expression_only_reaches_the_addressed_note ... ok
test levain::engine::tests::per_note_pitch_bend_repitches_sample_playback ... ok
test levain::engine::tests::per_note_pressure_raises_the_rendered_level ... ok
test levain::engine::tests::published_sample_banks_are_shared_without_copying_pcm_between_engines ... ok
test levain::engine::tests::per_note_slide_tilts_the_voice_spectrum ... ok
test levain::engine::tests::shared_sample_bank_registry_does_not_retain_unused_pcm ... ok
test levain::engine::tests::rejected_staged_bank_preserves_the_sounding_bank_for_retry ... ok
test levain::engine::tests::the_fallback_is_armed_by_clear_zones_and_not_by_construction ... ok
test levain::engine::tests::the_attack_macro_scales_the_patch_envelope_rise_time ... ok
test levain::engine::tests::the_release_macro_reaches_a_note_that_is_already_held ... ok
test levain::engine::tests::the_tone_macro_tilts_the_spectrum_and_is_bit_identical_at_centre ... ok
test knead::engine::tests::shift_preserves_stereo_separation ... ok
test levain::realism::tests::bow_noise_burst_rises_then_falls ... ok
test levain::realism::tests::instrument_id_parsing ... ok
test levain::realism::tests::body_bank_boosts_at_mode_frequencies ... ok
test levain::realism::tests::realism_is_silent_when_no_voices_active ... ok
test levain::engine::tests::the_release_macro_scales_the_patch_envelope_fall_time ... ok
test levain::realism::tests::vibrato_modulates_speed_and_decorrelates_voices ... ok
test levain::realism::tests::vibrato_onset_ramps_in ... ok
test levain::realism::tests::vibrato_phase_wraps_cleanly ... ok
test levain::tone::tests::re_engaging_after_bypass_continues_from_the_signal_not_from_silence ... ok
test levain::tone::tests::re_engaging_after_bypass_continues_from_the_signal_not_from_silence ... ok
test levain::tone::tests::the_bright_extreme_lifts_highs_and_cuts_lows_by_the_stated_amount ... ok
test levain::tone::tests::the_centre_position_is_the_identity ... ok
test levain::tone::tests::the_dark_extreme_is_the_mirror_of_the_bright_one ... ok
test levain::tone::tests::the_hinge_is_the_pivot_the_shelves_cross_at ... ok
test levain::zone::tests::build_lut_rejects_a_flattened_arena_beyond_its_fixed_capacity ... ok
test levain::zone::tests::build_lut_rejects_dimensions_beyond_dsp_limits_without_replacing_the_current_map ... ok
test primitives::denormal::tests::f64_variant_flushes_only_f64_subnormals ... ok
test primitives::denormal::tests::flushes_subnormals_to_exact_zero ... ok
test primitives::denormal::tests::in_place_variant_matches_the_by_value_one ... ok
test primitives::denormal::tests::negative_zero_normalizes_to_positive_zero ... ok
test primitives::denormal::tests::non_finite_values_pass_through_untouched ... ok
test primitives::denormal::tests::normal_range_block_is_bit_identical ... ok
test primitives::denormal::tests::smallest_normal_survives_the_guard ... ok
test primitives::denormal::tests::threshold_is_the_binary32_normal_boundary ... ok
test primitives::denormal::tests::tiny_normals_well_below_audibility_are_not_gated ... ok
test primitives::lifecycle::tests::lifecycle_codes_are_stable_for_host_abi ... ok
test primitives::lifecycle::tests::tail_length_is_present_only_for_tail_state ... ok
test levain::realism::tests::sympathetic_bank_is_stable_at_high_q ... ok
test primitives::oversample::chain_tests::every_factor_rejects_far_more_aliasing_than_no_oversampling ... ok
test primitives::oversample::chain_tests::droop_per_stage_stays_flat_across_factors ... ok
test primitives::oversample::chain_tests::non_power_of_two_factors_round_down_instead_of_panicking ... ok
test levain::realism::tests::realism_is_finite_for_every_instrument ... ok
test primitives::oversample::chain_tests::reported_latency_matches_the_measured_impulse_centroid ... ok
test primitives::oversample::chain_tests::higher_factors_reject_more_than_lower_factors ... ok
test primitives::oversample::chain_tests::reset_clears_every_stage_history ... ok
test primitives::oversample::chain_tests::undersampled_nonlinearity_aliases_badly ... ok
test primitives::oversample::chain_tests::silence_in_produces_silence_out ... ok
test primitives::oversample::group_delay_tests::round_trip_group_delay_is_six_and_a_half_base_samples ... ok
test primitives::oversample::tests::downsample_calls_do_not_clobber_upsample_state ... ok
test primitives::oversample::chain_tests::passband_gain_stays_near_unity_at_every_factor ... ok
test primitives::oversample::tests::round_trip_through_one_instance_preserves_level_and_stays_finite ... ok
test primitives::oversample::tests::upsample_dc_gain_per_phase_stays_near_unity ... ok
test primitives::sanitize::tests::empty_block_is_a_noop ... ok
test primitives::sanitize::tests::finite_block_is_bit_identical_and_reports_zero ... ok
test primitives::sanitize::tests::scrubs_nan_inf_and_neg_inf_to_zero ... ok
test primitives::oversample::tests::upsampled_true_peak_of_full_scale_sine_stays_near_unity ... ok
test proof::biquad::coefficient_smoothing_tests::every_intermediate_coefficient_set_stays_stable ... ok
test proof::biquad::coefficient_smoothing_tests::instant_coefficient_swap_produces_an_output_discontinuity ... ok
test proof::biquad::coefficient_smoothing_tests::smoothed_coefficient_change_removes_the_discontinuity ... ok
test proof::biquad::coefficient_smoothing_tests::smoother_reaches_its_target_and_latches ... ok
test proof::biquad::coefficient_smoothing_tests::snap_applies_the_target_immediately ... ok
test proof::biquad::coefficient_smoothing_tests::smoothing_beats_instant_swap_on_the_same_transition ... ok
test proof::biquad::denormal_tests::guard_is_bit_exact_while_the_signal_stays_in_normal_range ... ok
test proof::biquad::denormal_tests::unguarded_feedback_state_decays_into_the_subnormal_range ... ok
test proof::biquad::denormal_tests::guarded_feedback_state_flushes_to_exact_zero ... ok
test knead::engine::tests::frame_boundaries_stay_continuous ... ok
test primitives::oversample::chain_tests::wanted_harmonics_survive_the_rate_conversion ... ok
test proof::biquad::low_frequency_precision_tests::extreme_low_band_realizes_its_written_gain_at_48k ... ok
test proof::biquad::low_frequency_precision_tests::ordinary_midband_band_was_already_accurate_and_stays_so ... ok
test proof::biquad::low_frequency_precision_tests::extreme_low_band_adds_no_roundoff_above_the_sample_format_on_cut ... ok
test proof::biquad::low_frequency_precision_tests::extreme_low_band_adds_no_roundoff_above_the_sample_format_on_boost ... ok
test proof::biquad::low_frequency_precision_tests::extreme_low_band_realizes_its_written_gain_at_96k ... ok
test proof::biquad::rejected_topology_measurement::tdf2_costs_more_noise_than_it_saves_at_the_48k_cut_corner ... ok
test fermenter::tests::a_pushed_note_starts_on_its_own_sample_not_on_the_block_boundary ... ok
test proof::chain::latency_contract_tests::enabling_linear_phase_never_silently_bypasses_the_eq ... ok
test grand_boule::engine::tests::model_params_produce_different_output ... ok
test proof::biquad::rejected_topology_measurement::the_two_topologies_are_indistinguishable_on_gain_at_48k ... ok
test proof::chain::latency_contract_tests::reported_latency_matches_measured_pure_delay ... ok
test proof::chain::latency_contract_tests::fir_redesign_does_not_allocate ... ok
test proof::chain::latency_contract_tests::reported_latency_tracks_the_limiter_lookahead ... ok
test knead::engine::tests::upshift_bass_never_falls_back ... ok
test proof::crossover::tests::frequency_changes_follow_the_counted_transition ... ok
test proof::biquad::rejected_topology_measurement::tdf2_beats_df1_on_realized_gain_at_96k_but_only_there ... ok
test proof::exciter::tests::blend_response_has_no_comb_notch ... ok
test proof::exciter::tests::former_comb_notch_is_filled ... ok
test proof::chain::latency_contract_tests::a_designed_fir_reports_and_imposes_its_group_delay ... ok
test proof::limiter::program_dependent_release_tests::dense_transients_leave_sustained_material_closer_to_its_own_level ... ok
test proof::limiter::program_dependent_release_tests::isolated_transients_duck_sustained_material_less_deeply ... ok
test proof::biquad::rejected_topology_measurement::widening_beats_both_rejected_topologies_on_every_corner ... ok
test proof::limiter::program_dependent_release_tests::isolated_transients_recover_faster_than_the_nominal_release ... ok
test proof::limiter::tests::expired_max_does_not_rescan_the_lookahead_window ... ok
test proof::limiter::tests::inter_sample_peaks_above_the_ceiling_are_limited ... ok
test proof::limiter::tests::lookahead_resize_rebuilds_maximum_from_delayed_stereo_peaks ... ok
test proof::limiter::tests::low_frequency_content_under_the_ceiling_passes_unattenuated ... ok
test proof::limiter::tests::monotonic_window_matches_the_previous_limiter_output ... ok
test proof::limiter::tests::resized_lookahead_processes_decreasing_peaks_without_allocation ... ok
test proof::metering::denormal_tests::guarded_k_weighting_flushes_to_exact_zero ... ok
test proof::metering::denormal_tests::k_weighting_guard_is_bit_exact_in_normal_range ... ok
test proof::metering::denormal_tests::unguarded_k_weighting_decays_into_the_subnormal_range ... ok
test proof::metering::extreme_loudness_tests::no_finite_block_loudness_is_clamped_past_capacity ... ok
test proof::metering::extreme_loudness_tests::the_binned_range_covers_every_reachable_block_loudness ... ok
test proof::metering::extreme_loudness_tests::very_loud_blocks_are_not_clamped_past_capacity ... ok
test proof::metering::loudness_block_store_tests::a_steady_level_integrates_to_that_level ... ok
test proof::metering::loudness_block_store_tests::alternating_levels_produce_a_loudness_range_near_their_separation ... ok
test proof::metering::loudness_block_store_tests::blocks_under_the_absolute_gate_are_excluded_but_still_counted ... ok
test proof::metering::loudness_block_store_tests::capacity_is_never_exceeded_however_long_the_programme_runs ... ok
test proof::metering::loudness_block_store_tests::every_block_is_retained_up_to_capacity ... ok
test proof::metering::loudness_block_store_tests::integrated_loudness_is_bit_identical_across_a_gate_straddling_cluster ... ok
test proof::metering::loudness_block_store_tests::integrated_loudness_is_bit_identical_on_smooth_material ... ok
test proof::metering::loudness_block_store_tests::loudness_range_is_bit_identical_across_a_gate_straddling_cluster ... ok
test proof::metering::loudness_block_store_tests::loudness_range_is_bit_identical_on_smooth_material ... ok
test proof::metering::loudness_block_store_tests::sampling_past_capacity_does_not_allocate ... ok
test proof::metering::loudness_block_store_tests::the_retained_sample_tracks_the_true_proportions ... ok
test proof::metering::loudness_block_store_tests::very_loud_blocks_are_not_clamped_under_capacity ... ok
test proof::crossover::tests::stereo_channels_are_equal_and_isolated ... ok
test proof::metering::loudness_range_past_capacity_tests::batched_recording_matches_block_by_block ... ok
test knead::pitch_edit::tests::commit_pitch_edit_shifts_voiced_segment_up_octave ... ok
test proof::metering::loudness_range_past_capacity_tests::loudness_range_survives_a_population_boundary_at_the_tenth_percentile ... ok
test proof::metering::loudness_range_past_capacity_tests::loudness_range_holds_across_programme_lengths_and_intro_sizes ... ok
test proof::metering::reduction_aliasing_tests::a_long_programme_is_sampled_not_truncated ... ok
test proof::metering::loudness_range_past_capacity_tests::recording_past_capacity_does_not_allocate ... ok
test proof::metering::reduction_aliasing_tests::a_two_block_cycle_keeps_both_phases ... ok
test proof::metering::reduction_aliasing_tests::the_gate_is_discontinuous_where_a_population_sits_on_it ... ok
test proof::true_peak::tests::full_scale_low_frequency_sine_stays_at_unity ... ok
test proof::true_peak::tests::quarter_rate_sine_at_45_degrees_reconstructs_full_scale ... ok
test proof::true_peak::tests::reset_clears_the_reconstruction_history ... ok
test proof::true_peak::tests::silence_reconstructs_to_zero ... ok
test proof::true_peak::tests::steady_dc_is_reported_at_its_own_level ... ok
test toaster::adaa::tests::adaa_tanh_slow_input_accuracy ... ok
test toaster::bridged_t::tests::bridged_t_center_frequency ... ok
test toaster::bridged_t::tests::bridged_t_r_eff_sweep_stability ... ok
test toaster::dc_block::tests::dc_blocker_attenuates_low_frequency ... ok
test toaster::dc_block::tests::dc_blocker_passes_1khz ... ok
test toaster::engines::clap_808::tests::clap_808_produces_burst_energy ... ok
test toaster::engines::clap_808::tests::clap_808_renders_cleanly ... ok
test toaster::engines::clap_909::tests::clap_909_has_four_bursts ... ok
test toaster::engines::clap_909::tests::clap_909_renders_cleanly ... ok
test toaster::engines::cr78::tests::cr78_drum_renders_cleanly ... ok
test toaster::engines::cr78::tests::cr78_metallic_renders_cleanly ... ok
test toaster::engines::hihat_808::tests::hihat_808_choke_within_1ms ... ok
test toaster::engines::hihat_808::tests::hihat_808_renders_cleanly ... ok
test toaster::engines::hihat_808::tests::hihat_808_uses_correct_frequencies ... ok
test toaster::engines::hihat_909::tests::hihat_909_buffer_is_6bit_quantized ... ok
test toaster::engines::hihat_909::tests::hihat_909_renders_cleanly ... ok
test toaster::engines::hihat_909::tests::hihat_909_tune_changes_playback_rate ... ok
test toaster::engines::kick_808::tests::kick_808_accent_affects_ring_time ... ok
test toaster::engines::kick_808::tests::kick_808_renders_cleanly ... ok
test toaster::engines::kick_808::tests::kick_808_tolerance_varies_per_seed ... ok
test toaster::engines::kick_909::tests::kick_909_phase_resets_on_trigger ... ok
test toaster::engines::kick_909::tests::kick_909_renders_cleanly ... ok
test toaster::engines::lfsr::tests::lfsr_deterministic ... ok
test toaster::engines::lfsr::tests::lfsr_known_sequence ... ok
test toaster::engines::lfsr::tests::lfsr_output_is_bipolar ... ok
test toaster::engines::lfsr::tests::lfsr_period_is_2_pow_31_minus_1 ... ignored, Takes ~30s to iterate 2^31-1 steps; run with --ignored for full verification
test toaster::engines::lfsr::tests::lfsr_statistical_balance ... ok
test toaster::engines::perc_808::tests::cowbell_uses_808_frequencies ... ok
test toaster::engines::perc_808::tests::perc_808_all_modes_render_cleanly ... ok
test toaster::engines::snare_808::tests::snare_808_oscillator_frequencies ... ok
test toaster::engines::snare_808::tests::snare_808_renders_cleanly ... ok
test toaster::engines::tom_808::tests::tom_808_variants_render_cleanly ... ok
test knead::pitch_edit::tests::commit_pitch_edit_zero_shift_is_transparent ... ok
test toaster::mu_law::tests::mu_law_better_low_level_resolution ... ok
test toaster::mu_law::tests::mu_law_expand_is_monotonic ... ok
test toaster::mu_law::tests::mu_law_max_negative_maps_to_neg_full_scale ... ok
test toaster::mu_law::tests::mu_law_max_positive_maps_to_full_scale ... ok
test toaster::mu_law::tests::mu_law_round_trip ... ok
test toaster::mu_law::tests::mu_law_zero_maps_to_zero ... ok
test toaster::poly_blep::tests::naive_square_has_aliasing ... ok
test toaster::poly_blep::tests::poly_blep_square_no_aliasing_above_20khz ... ok
test toaster::sp1200::tests::quantize_12bit_rounds_correctly ... ok
test toaster::sp1200::tests::sp1200_aaf_attenuates_above_nyquist ... ok
test toaster::sp1200::tests::sp1200_noninteger_ratio_produces_aliasing ... ok
test toaster::sp1200::tests::sp1200_ratio_one_passes_signal ... ok
test toaster::sp1200::tests::sp1200_renders_cleanly ... ok
test toaster::tests::cold_instance_sleeps_and_note_on_wakes_it ... ok
test toaster::lofi::tests::silent_advance_preserves_sample_hold_phase_over_long_spans ... ok
test toaster::tests::inactive_pad_capacity_is_not_scanned_as_rendered_output ... ok
test toaster::tests::lifecycle_queries_and_silent_advance_do_not_allocate ... ok
test toaster::tests::effect_tail_finishes_before_the_instance_sleeps ... ok
test toaster::tests::numeric_mix_setter_does_not_allocate ... ok
test toaster::tests::reverb_and_delay_mix_scale_their_wet_outputs ... ok
test toaster::tolerance::tests::tolerance_deterministic_same_seed ... ok
test toaster::tolerance::tests::tolerance_different_seeds_produce_different_values ... ok
test toaster::tolerance::tests::tolerance_jitter_within_bounds ... ok
test toaster::tolerance::tests::tolerance_seed_zero_returns_nominal ... ok
test proof::crossover::tests::four_band_sum_stays_within_source_magnitude_tolerance ... ok
test toaster::tests::muted_delay_tail_remains_managed_until_it_settles ... ok
test proof::metering::loudness_range_past_capacity_tests::loudness_range_stays_within_one_bin_on_continuous_material ... ok
test proof::metering::reduction_aliasing_tests::periodic_material_survives_the_capacity_reduction ... ok
test proof::limiter::program_dependent_release_tests::the_faster_release_never_breaches_the_ceiling ... ok
test grand_boule::engine::tests::higher_velocity_produces_louder_output ... ok
test grand_boule::engine::tests::five_second_profile_is_nan_free ... ok
test proof::chain::metering_rt_tests::long_running_metering_does_not_allocate_on_the_audio_thread ... ok
test grand_boule::engine::tests::sustained_notes_ring_for_seconds ... ok
test proof::limiter::program_dependent_release_tests::sustained_limiting_keeps_the_nominal_release ... ok
test proof::crossover::tests::complex_sum_matches_independent_allpass_reference ... ok

test result: ok. 477 passed; 0 failed; 2 ignored; 0 measured; 0 filtered out; finished in 35.95s

     Running tests/bacteria_distortion_modes.rs (/private/tmp/claude-501/-Users-josecosta-dev-sourdaw/dad7ceb6-cb31-44b9-91db-bb71a71cbc38/scratchpad/coldtarget/debug/deps/bacteria_distortion_modes-601b0e0f72c1f1f8)

running 10 tests
test reported_latency_follows_the_smudge_window ... ok
test the_device_delivers_the_smudge_latency_it_reports ... ok
test reported_latency_uses_the_effective_oversampling_factor_not_the_requested_one ... ok
test breakdown_is_not_implemented_and_renders_as_soft_clip ... ok
test breakdown_depth_reaches_no_dsp ... ok
test smudge_does_not_change_the_bands_level ... ok
test breakdown_and_smudge_are_not_the_same_mode ... ok
test smudge_renders_differently_from_soft_clip ... ok
test smudge_processes_each_channel_independently ... ok
test smudge_blurs_the_transients_it_claims_to_blur ... ok

test result: ok. 10 passed; 0 failed; 0 ignored; 0 measured; 0 filtered out; finished in 0.81s

     Running tests/crumbs_mode_triggering.rs (/private/tmp/claude-501/-Users-josecosta-dev-sourdaw/dad7ceb6-cb31-44b9-91db-bb71a71cbc38/scratchpad/coldtarget/debug/deps/crumbs_mode_triggering-efc77cf7997b7a46)

running 20 tests
test a_freshly_loaded_sample_sounds_in_slice_mode_with_no_markers ... ok
test a_freshly_loaded_sample_sounds_on_the_base_note_pad ... ok
test a_drum_note_is_silent_when_nothing_is_loaded ... ok
test a_pad_pitches_from_its_own_root_note_not_the_global_one ... ok
test a_note_below_the_pad_grid_does_not_sound_even_when_pads_are_loaded ... ok
test a_slice_note_is_silent_when_nothing_is_loaded ... ok
test a_choked_voice_is_not_stolen_again_while_its_fade_is_running ... ok
test a_pad_plays_from_its_own_start_offset ... ok
test a_pad_with_no_choke_group_does_not_cut_anything ... ok
test a_note_past_the_last_default_slice_does_not_sound ... ok
test a_slice_stops_at_its_end_marker_instead_of_running_on ... ok
test detected_markers_replace_the_default_chop ... ok
test quick_mode_still_plays_the_active_sample_chromatically ... ok
test a_pad_uses_its_own_envelope_rather_than_the_engine_wide_one ... ok
test a_pad_in_a_choke_group_cuts_the_voice_already_sounding_in_it ... ok
test an_explicit_pad_assignment_wins_over_the_loaded_sample ... ok
test each_slice_starts_at_its_own_marker ... ok
test pads_in_different_choke_groups_both_keep_sounding ... ok
test the_default_chop_maps_consecutive_notes_to_consecutive_sixteenths ... ok
test an_unassigned_pad_above_the_base_note_stays_silent ... ok

test result: ok. 20 passed; 0 failed; 0 ignored; 0 measured; 0 filtered out; finished in 0.19s

     Running tests/crumbs_render_signal.rs (/private/tmp/claude-501/-Users-josecosta-dev-sourdaw/dad7ceb6-cb31-44b9-91db-bb71a71cbc38/scratchpad/coldtarget/debug/deps/crumbs_render_signal-99a9664e64472d1e)

running 8 tests
test a_note_with_no_sample_selected_renders_silence_rather_than_noise ... ok
test a_stereo_sample_keeps_its_channels_apart ... ok
test a_note_at_the_root_renders_the_loaded_sample_frame_for_frame ... ok
test an_unknown_parameter_name_is_ignored_rather_than_silencing_the_engine ... ok
test playback_continues_across_block_boundaries_instead_of_restarting ... ok
test an_octave_above_the_root_reads_the_sample_at_double_rate ... ok
test the_output_block_is_replaced_each_call_rather_than_accumulated ... ok
test master_gain_scales_the_rendered_block ... ok

test result: ok. 8 passed; 0 failed; 0 ignored; 0 measured; 0 filtered out; finished in 0.10s

     Running tests/crumbs_voice_steal.rs (/private/tmp/claude-501/-Users-josecosta-dev-sourdaw/dad7ceb6-cb31-44b9-91db-bb71a71cbc38/scratchpad/coldtarget/debug/deps/crumbs_voice_steal-a79daa5f88b86c84)

running 11 tests
test all_sound_off_moves_every_sounding_voice_out_of_the_playable_pool ... ok
test all_sound_off_leaves_nothing_sounding_when_every_fade_slot_is_busy ... ok
test a_fading_steal_tail_is_still_reported_as_sounding ... ok
test the_reported_voice_count_is_not_clamped_by_its_storage ... ok
test overlapping_steals_occupy_distinct_fade_slots ... ok
test a_note_on_inside_an_all_sound_off_fade_does_not_step_the_output ... ok
test no_sample_of_the_fade_steps_the_output ... ok
test a_second_steal_inside_the_first_fade_does_not_step_the_output ... ok
test a_stacked_note_on_delivers_its_whole_stack_on_a_saturated_pool ... ok
test a_stolen_voice_fades_on_the_documented_curve ... ok
test stealing_a_voice_does_not_step_the_output ... ok

test result: ok. 11 passed; 0 failed; 0 ignored; 0 measured; 0 filtered out; finished in 0.25s

     Running tests/device_process_rt.rs (/private/tmp/claude-501/-Users-josecosta-dev-sourdaw/dad7ceb6-cb31-44b9-91db-bb71a71cbc38/scratchpad/coldtarget/debug/deps/device_process_rt-cdd9edd0e89f57b7)

running 20 tests
test gluten_process_does_not_allocate_while_compressing ... ok
test alloc_interceptor_aborts_the_process_on_a_forbidden_allocation ... ok
test crumbs_process_does_not_allocate_with_a_sample_playing ... ok
test grand_boule_voice_steal_crossfade_does_not_allocate ... ok
test bacteria_process_does_not_allocate_with_codec_and_distortion_engaged ... ok
test grand_boule_saturated_steal_tail_pool_does_not_allocate ... ok
test grinder_process_and_automated_process_do_not_allocate ... ok
test levain_process_does_not_allocate_with_notes_held ... ok
test toaster_process_does_not_allocate_with_pads_triggered ... ok
test proof_process_does_not_allocate_across_the_full_mastering_chain ... ok
test bacteria_smudge_mode_does_not_allocate ... ok
test knead_process_does_not_allocate_while_shifting_pitch ... ok
test grand_boule_process_does_not_allocate_with_notes_held ... ok
test crumbs_note_on_does_not_allocate_in_any_mode ... ok
test crust_process_does_not_allocate_while_limiting ... ok
test fermenter_process_does_not_allocate_with_voices_sounding ... ok
test fermenter_scheduled_note_offsets_do_not_allocate ... ok
test crumbs_voice_stealing_does_not_allocate ... ok
test fermenter_voice_stealing_does_not_allocate ... ok
test fermenter_unison_sweep_does_not_allocate ... ok

test result: ok. 20 passed; 0 failed; 0 ignored; 0 measured; 0 filtered out; finished in 0.64s

     Running tests/engine_output_level.rs (/private/tmp/claude-501/-Users-josecosta-dev-sourdaw/dad7ceb6-cb31-44b9-91db-bb71a71cbc38/scratchpad/coldtarget/debug/deps/engine_output_level-64532bcbbe43644f)

running 4 tests
test grinder_separates_its_clean_and_high_gain_models_at_the_engine_output ... ok
test grinder_amp_models_hold_their_output_level_at_the_engine_boundary ... ok
test grinder_stays_clear_of_its_output_safety_limiter_at_shipped_settings ... ok
test device_engines_hold_their_output_level_at_the_engine_boundary ... ok

test result: ok. 4 passed; 0 failed; 0 ignored; 0 measured; 0 filtered out; finished in 1.19s

     Running tests/fermenter_voice_steal.rs (/private/tmp/claude-501/-Users-josecosta-dev-sourdaw/dad7ceb6-cb31-44b9-91db-bb71a71cbc38/scratchpad/coldtarget/debug/deps/fermenter_voice_steal-64a69ccd8f149182)

running 4 tests
test a_fading_steal_tail_keeps_the_engine_unconditionally_awake ... ok
test no_sample_of_the_fade_steps_the_output ... ok
test stealing_a_voice_does_not_step_the_output ... ok
test a_stolen_voice_fades_on_the_documented_curve ... ok

test result: ok. 4 passed; 0 failed; 0 ignored; 0 measured; 0 filtered out; finished in 1.30s

     Running tests/grinder_automation_rt.rs (/private/tmp/claude-501/-Users-josecosta-dev-sourdaw/dad7ceb6-cb31-44b9-91db-bb71a71cbc38/scratchpad/coldtarget/debug/deps/grinder_automation_rt-97b0ad7a1c6d00f9)

running 1 test
test automated_block_is_allocation_and_ir_refresh_free ... ok

test result: ok. 1 passed; 0 failed; 0 ignored; 0 measured; 0 filtered out; finished in 0.00s

     Running tests/levain_instrument_identity_is_audible.rs (/private/tmp/claude-501/-Users-josecosta-dev-sourdaw/dad7ceb6-cb31-44b9-91db-bb71a71cbc38/scratchpad/coldtarget/debug/deps/levain_instrument_identity_is_audible-b8f4e68017c55274)

running 2 tests
test an_instance_never_told_its_instrument_renders_a_different_signal ... ok
test clearing_zones_keeps_the_configured_instrument ... ok

test result: ok. 2 passed; 0 failed; 0 ignored; 0 measured; 0 filtered out; finished in 0.04s

     Running tests/levain_unloaded_instance_is_silent.rs (/private/tmp/claude-501/-Users-josecosta-dev-sourdaw/dad7ceb6-cb31-44b9-91db-bb71a71cbc38/scratchpad/coldtarget/debug/deps/levain_unloaded_instance_is_silent-129b5b6a41ef41c4)

running 2 tests
test an_instance_that_never_began_a_load_renders_silence_not_a_fallback_tone ... ok
test beginning_a_load_arms_the_fallback_so_the_instance_is_audible ... ok

test result: ok. 2 passed; 0 failed; 0 ignored; 0 measured; 0 filtered out; finished in 0.00s

     Running tests/quantum_bench_census.rs (/private/tmp/claude-501/-Users-josecosta-dev-sourdaw/dad7ceb6-cb31-44b9-91db-bb71a71cbc38/scratchpad/coldtarget/debug/deps/quantum_bench_census-9ca625a84e99aefc)

running 7 tests
test the_extractor_can_go_red::a_module_without_a_render_export_is_not_a_device ... ok
test the_extractor_can_go_red::a_module_without_a_wasm_binding_is_not_a_device ... ok
test the_extractor_can_go_red::a_wasm_device_is_recognised ... ok
test the_extractor_can_go_red::naming_the_device_without_constructing_it_is_not_coverage ... ok
test the_extractor_can_go_red::coverage_is_decided_by_constructing_the_device ... ok
test the_crate_scan_finds_a_plausible_population ... ok
test every_wasm_device_is_constructed_by_the_cost_bench ... ok

test result: ok. 7 passed; 0 failed; 0 ignored; 0 measured; 0 filtered out; finished in 0.01s

     Running tests/time_stretch_contract.rs (/private/tmp/claude-501/-Users-josecosta-dev-sourdaw/dad7ceb6-cb31-44b9-91db-bb71a71cbc38/scratchpad/coldtarget/debug/deps/time_stretch_contract-4f26c1ebb2762f80)

running 16 tests
test regenerate_time_stretch_fixtures ... ignored, reference-environment fixture regeneration only
test time_stretch_crumbs_characterization_cpu ... ignored, nonbinding hardware-labelled characterization only
test primitives::assert_no_alloc::prepared_process_reset_and_drain_invocation_shape_does_not_allocate ... ok
test primitives::contract::canonical_ratio_extremes_allow_asymmetric_input_and_output_frame_counts ... ok
test primitives::contract::canonical_ratio_has_one_explicit_inverse_adapter ... ok
test primitives::contract::preparation_validates_sample_rate_block_channel_ratio_and_generation ... ok
test primitives::contract::process_validation_enforces_independent_prepared_frame_limits ... ok
test primitives::contract::drain_requires_positive_capacity_for_finite_progress ... ok
test primitives::contract::process_validation_rejects_non_finite_channels_boundaries_and_stale_plans ... ok
test primitives::contract::processing_class_distinguishes_rt_streaming_from_bounded_analysis ... ok
test primitives::contract::ratio_changes_apply_at_exact_output_frame_boundaries ... ok
test primitives::contract::block_splits_reset_latency_and_finite_drain_are_deterministic ... ok
test time_stretch_fixture_manifest_sha256_matches_known_vector ... ok
test time_stretch_fixture_manifest_declares_portable_generation_policy ... ok
test time_stretch_crumbs_baseline_matches_bounded_characterizations ... ok
test time_stretch_fixture_manifest_validates_hashes_and_portable_semantics ... ok

test result: ok. 14 passed; 0 failed; 2 ignored; 0 measured; 0 filtered out; finished in 1.47s

     Running tests/toaster_pad_output.rs (/private/tmp/claude-501/-Users-josecosta-dev-sourdaw/dad7ceb6-cb31-44b9-91db-bb71a71cbc38/scratchpad/coldtarget/debug/deps/toaster_pad_output-6cfca78974adca7e)

running 5 tests
test invalid_pad_and_reset_leave_legacy_parent_output_unchanged ... ok
test production_instance_offsets_stay_stable_and_processing_does_not_allocate ... ok
test parent_mix_is_bit_identical_to_legacy_processing_across_blocks ... ok
test routed_pad_relinquishes_only_parent_dry_ownership ... ok
test stems_follow_transient_pan_and_master_without_shared_fx ... ok

test result: ok. 5 passed; 0 failed; 0 ignored; 0 measured; 0 filtered out; finished in 0.01s

     Running unittests src/lib.rs (/private/tmp/claude-501/-Users-josecosta-dev-sourdaw/dad7ceb6-cb31-44b9-91db-bb71a71cbc38/scratchpad/coldtarget/debug/deps/daw_engine-2202de1d3912c1b9)

running 41 tests
test audio_bridge::tests::an_oversized_block_is_rejected_rather_than_truncated ... ok
test audio_bridge::tests::a_short_block_never_exposes_stale_samples_past_its_live_frames ... ok
test audio_bridge::tests::a_short_block_is_processed_at_its_own_length_not_the_full_capacity ... ok
test audio_bridge::tests::channels_of_differing_length_are_rejected ... ok
test audio_bridge::tests::the_processed_block_reports_the_frame_count_it_was_pushed_with ... ok
test midi::midi_clock::tests::oversized_blocks_bound_output_and_advance_past_dropped_pulses ... ok
test midi::midi_clock::tests::an_unannounced_playing_timeline_discontinuity_is_rejected ... ok
test midi::midi_clock::tests::seek_rephases_the_clock_at_an_explicit_timeline_discontinuity ... ok
test midi::midi_clock::tests::start_continue_and_stop_use_explicit_sample_zero_transitions ... ok
test midi::midi_clock::tests::non_integer_pulse_phase_is_invariant_to_block_partitioning ... ok
test midi::midi_clock::tests::stop_and_continue_must_not_hide_timeline_discontinuities ... ok
test midi::midi_clock::tests::tempo_changes_preserve_fractional_pulse_phase ... ok
test midi::midi_clock::tests::variable_audio_blocks_keep_pulses_on_the_sample_timeline ... ok
test midi::midi_clock::tests::variable_blocks_do_not_move_integer_interval_pulses_early ... ok
test midi::mpe_allocator::tests::all_notes_off_clears_pressed_sustained_and_pedal_state ... ok
test midi::mpe_allocator::tests::exhaustion_reports_a_stall_without_reusing_any_live_channel ... ok
test midi::mpe_allocator::tests::release_immediately_frees_a_channel_when_sustain_is_inactive ... ok
test midi::mpe_allocator::tests::normal_allocation_uses_lower_zone_member_channels_two_through_sixteen ... ok
test midi::mpe_allocator::tests::member_channel_checks_and_maps_human_numbers_to_engine_event_indices ... ok
test midi::mpe_allocator::tests::reuse_selects_the_least_recently_used_released_channel ... ok
test midi::mpe_allocator::tests::sustain_release_frees_only_notes_whose_keys_are_up ... ok
test midi::rt_contract::active_runtime_diagnostic_aggregation_saturates_both_counters ... ok
test midi::rt_contract::arpeggiator_exhaustion_reports_exact_count_and_preserves_accepted_set ... ok
test midi::rt_contract::scheduler_event_overflow_reports_exact_count_and_preserves_accepted_prefix ... ok
test midi_fx::deterministic_probability::does_not_shift_when_an_unrelated_event_is_inserted ... ok
test midi_fx::deterministic_probability::matches_the_cross_runtime_tuple_corpus ... ok
test midi_fx::tests::scheduler_arpeggiator_drops_newest_active_notes_after_fixed_capacity ... ok
test scheduler::tests::a_bridged_plugin_processes_only_the_audio_that_arrived_over_its_bridge ... ok
test scheduler::tests::probability_evaluator_is_inline_and_uses_no_dynamic_chain_capacity ... ok
test scheduler::tests::probability_zero_is_gated_before_arpeggiation ... ok
test scheduler::tests::remove_plugin_with_bridge_removes_plugin_and_bridge_atomically ... ok
test scheduler::tests::send_midi_note_drops_newest_events_after_fixed_capacity ... ok
test midi::rt_contract::arpeggiator_exhaustion_publishes_through_scheduler_reader ... ok
test midi::rt_contract::public_rt_entry_points_remain_source_compatible ... ok
test midi::midi_clock::tests::sixty_second_clock_jitter_stays_below_half_a_millisecond ... ok
test midi_fx::deterministic_probability::actual_evaluator_keeps_the_published_near_boundary_vector ... ok
test midi_fx::deterministic_probability::converts_percentages_to_the_shared_fixed_cutoff ... ok
test scheduler::tests::add_plugin_with_bridge_registers_plugin_and_bridge_atomically ... ok
test midi::midi_clock::tests::sixty_second_end_exclusive_window_has_exact_pulse_count ... ok
test midi::mpe_allocator::tests::ten_thousand_event_stress_never_reuses_live_channels_and_stalls_once ... ok
test midi_fx::probability_distribution::has_exact_edges_and_binomial_balance ... ok

test result: ok. 41 passed; 0 failed; 0 ignored; 0 measured; 0 filtered out; finished in 0.01s

     Running unittests src/lib.rs (/private/tmp/claude-501/-Users-josecosta-dev-sourdaw/dad7ceb6-cb31-44b9-91db-bb71a71cbc38/scratchpad/coldtarget/debug/deps/daw_io-203b80132795e035)

running 0 tests

test result: ok. 0 passed; 0 failed; 0 ignored; 0 measured; 0 filtered out; finished in 0.00s

     Running unittests src/lib.rs (/private/tmp/claude-501/-Users-josecosta-dev-sourdaw/dad7ceb6-cb31-44b9-91db-bb71a71cbc38/scratchpad/coldtarget/debug/deps/daw_plugin_host-dce734a17f5a3048)

running 16 tests
test clap_host::tests::callbacks_tolerate_a_null_host_state ... ok
test clap_host::tests::clear_latency_dirty_drops_a_pending_flag_without_reporting_it ... ok
test clap_host::tests::get_extension_exposes_the_latency_extension ... ok
test clap_host::tests::latency_callbacks_wake_the_installed_notifier ... ok
test clap_host::tests::request_restart_marks_latency_dirty ... ok
test clap_host::tests::latency_changed_callback_sets_the_dirty_flag ... ok
test clap_wrapper::tests::latency_ms_converts_at_the_rate_the_plugin_activated_with ... ok
test clap_wrapper::tests::latency_samples_reflects_the_active_plugin_and_zero_when_inactive ... ok
test clap_wrapper::tests::state_load_result_returns_error_when_clap_load_fails ... ok
test clap_wrapper::tests::state_load_result_returns_ok_when_clap_load_succeeds ... ok
test clap_wrapper::tests::poll_latency_change_keeps_a_restart_that_landed_during_the_reactivation ... ok
test clap_wrapper::tests::poll_latency_change_requeries_only_after_the_plugin_flags_a_change ... ok
test clap_wrapper::tests::poll_latency_change_swallows_a_flag_its_own_reactivation_provoked ... ok
test clap_wrapper::tests::read_latency_ext_is_zero_without_the_extension_and_the_reported_value_with_it ... ok
test scanner::tests::scan_directory_skips_scan_roots_with_symlink_ancestors ... ok
test scanner::tests::scan_directory_skips_symlinked_plugin_paths ... ok

test result: ok. 16 passed; 0 failed; 0 ignored; 0 measured; 0 filtered out; finished in 0.00s

     Running unittests src/lib.rs (/private/tmp/claude-501/-Users-josecosta-dev-sourdaw/dad7ceb6-cb31-44b9-91db-bb71a71cbc38/scratchpad/coldtarget/debug/deps/daw_wasm_decoder-805a39f5d244bbe2)

running 1 test
test tests::take_samples_scrubs_non_finite_pcm ... ok

test result: ok. 1 passed; 0 failed; 0 ignored; 0 measured; 0 filtered out; finished in 0.00s

     Running unittests src/lib.rs (/private/tmp/claude-501/-Users-josecosta-dev-sourdaw/dad7ceb6-cb31-44b9-91db-bb71a71cbc38/scratchpad/coldtarget/debug/deps/proof_chamber-5464c5ce62067ab3)

running 17 tests
test decay_curve::tests::both_engines_span_their_full_range_over_the_declared_decay_range ... ok
test decay_curve::tests::equal_knob_travel_is_an_equal_ratio_in_both_engines ... ok
test decay_curve::tests::the_descriptor_default_leaves_a_loaded_ir_at_its_natural_length ... ok
test decay_curve::tests::values_outside_the_declared_range_clamp_rather_than_extrapolate ... ok
test fdn::tests::damping_ratio_survives_a_later_decay_change ... ok
test fdn::tests::descriptor_decay_range_maps_onto_the_full_realisable_rt60 ... ok
test fdn::tests::mapping_helper_agrees_with_the_engine_it_feeds ... ok
test fdn::tests::out_of_range_decay_is_clamped_to_the_realisable_window ... ok
test fdn::tests::rt60_alias_still_takes_raw_seconds ... ok
test fdn::tests::top_of_the_declared_range_is_reachable_not_clamped_near_one_second ... ok
test tests::convolution_latency_matches_global_alignment_reference ... ok
test tests::numeric_automation_setter_does_not_allocate ... ok
test fdn::tests::decay_is_strictly_increasing_across_the_declared_range ... ok
test convolution::tests::dc_input_converges_to_ir_sum_without_tearing ... ok
test convolution::tests::impulse_produces_tail_energy_matching_reference_convolution ... ok
test convolution::tests::impulse_taps_land_at_their_ir_index_plus_global_latency ... ok
test convolution::tests::sine_output_is_continuous_across_partition_boundaries ... ok

test result: ok. 17 passed; 0 failed; 0 ignored; 0 measured; 0 filtered out; finished in 1.66s

     Running tests/algorithm_wire_contract.rs (/private/tmp/claude-501/-Users-josecosta-dev-sourdaw/dad7ceb6-cb31-44b9-91db-bb71a71cbc38/scratchpad/coldtarget/debug/deps/algorithm_wire_contract-8a3f3cb8c83e8c43)

running 6 tests
test convolution_backed_wire_values_fall_back_instead_of_engaging ... ok
test every_selectable_wire_value_keeps_its_engine ... ok
test unexposed_engines_remain_reachable_from_rust_for_evaluation ... ok
test unrecognised_wire_values_fall_back_to_plate ... ok
test stored_convolution_backed_values_now_render_plate_instead_of_dry_passthrough ... ok
test reverse_advertises_only_parameters_the_host_declares ... ok

test result: ok. 6 passed; 0 failed; 0 ignored; 0 measured; 0 filtered out; finished in 0.04s

     Running tests/quantum_cost.rs (/private/tmp/claude-501/-Users-josecosta-dev-sourdaw/dad7ceb6-cb31-44b9-91db-bb71a71cbc38/scratchpad/coldtarget/debug/deps/quantum_cost-1c79fec9e67151d3)

running 1 test
test proof_chamber_per_quantum_cost ... ignored, prints a cost table; takes tens of seconds and must be run --release

test result: ok. 0 passed; 0 failed; 1 ignored; 0 measured; 0 filtered out; finished in 0.00s

     Running tests/reverb_process_rt.rs (/private/tmp/claude-501/-Users-josecosta-dev-sourdaw/dad7ceb6-cb31-44b9-91db-bb71a71cbc38/scratchpad/coldtarget/debug/deps/reverb_process_rt-6bc25f683ca359fd)

running 7 tests
test plate_process_does_not_allocate ... ok
test hybrid_process_does_not_allocate_in_its_default_algorithmic_only_mode ... ok
test spring_process_does_not_allocate ... ok
test reverse_process_does_not_allocate ... ok
test fdn8_process_does_not_allocate ... ok
test fdn16_process_does_not_allocate ... ok
test convolution_backed_engines_still_allocate_on_the_render_path ... ok

test result: ok. 7 passed; 0 failed; 0 ignored; 0 measured; 0 filtered out; finished in 0.05s

     Running tests/reverse_engine_character.rs (/private/tmp/claude-501/-Users-josecosta-dev-sourdaw/dad7ceb6-cb31-44b9-91db-bb71a71cbc38/scratchpad/coldtarget/debug/deps/reverse_engine_character-96d73f10606b642e)

running 4 tests
test reverse_output_is_not_a_near_copy_of_any_exposed_engine ... ok
test reverse_turns_a_decaying_input_into_a_swell_where_forward_engines_never_grow ... ok
test reverse_answers_a_transient_late_where_every_forward_engine_answers_at_once ... ok
test measurement_table ... ok

test result: ok. 4 passed; 0 failed; 0 ignored; 0 measured; 0 filtered out; finished in 1.26s

     Running unittests src/lib.rs (/private/tmp/claude-501/-Users-josecosta-dev-sourdaw/dad7ceb6-cb31-44b9-91db-bb71a71cbc38/scratchpad/coldtarget/debug/deps/scoring-c8bd5fe95900e312)

running 16 tests
test mpm::tests::does_not_lock_to_min_tau_under_noise ... ok
test mpm::tests::detects_reference_pitches_at_48k ... ok
test mpm::tests::detects_near_fmax_despite_descent_skip ... ok
test yin::tests::detects_reference_pitches_at_48k ... ok
test yin::tests::detects_within_narrow_string_band ... ok
test mpm::tests::detects_guitar_and_bass_fundamentals ... ok
test yin::tests::detects_guitar_and_bass_fundamentals ... ok
test tests::tunes_low_e_under_noise ... ok
test tests::tunes_bass_e1_at_96k ... ok
test poly::tests::bass_4_reports_active_low_e ... ok
test poly::tests::guitar_standard_tracks_high_string ... ok
test poly::tests::guitar_standard_reports_active_string ... ok
test tests::tunes_guitar_and_bass_range ... ok
test no_alloc_tests::process_does_not_allocate_in_steady_state ... ok
test tests::engine_poly_mode_marks_string_active ... ok
test poly::tests::bass_4_reports_active_low_e_at_96k ... ok

test result: ok. 16 passed; 0 failed; 0 ignored; 0 measured; 0 filtered out; finished in 2.89s

     Running tests/quantum_cost.rs (/private/tmp/claude-501/-Users-josecosta-dev-sourdaw/dad7ceb6-cb31-44b9-91db-bb71a71cbc38/scratchpad/coldtarget/debug/deps/quantum_cost-d58f6dcc10dc93f4)

running 1 test
test scoring_per_quantum_cost ... ignored, prints a cost table; takes tens of seconds and must be run --release

test result: ok. 0 passed; 0 failed; 1 ignored; 0 measured; 0 filtered out; finished in 0.00s

   Doc-tests daw_collab

running 0 tests

test result: ok. 0 passed; 0 failed; 0 ignored; 0 measured; 0 filtered out; finished in 0.00s

   Doc-tests daw_core

running 0 tests

test result: ok. 0 passed; 0 failed; 0 ignored; 0 measured; 0 filtered out; finished in 0.00s

   Doc-tests daw_dsp

running 0 tests

test result: ok. 0 passed; 0 failed; 0 ignored; 0 measured; 0 filtered out; finished in 0.00s

   Doc-tests daw_engine

running 0 tests

test result: ok. 0 passed; 0 failed; 0 ignored; 0 measured; 0 filtered out; finished in 0.00s

   Doc-tests daw_io

running 0 tests

test result: ok. 0 passed; 0 failed; 0 ignored; 0 measured; 0 filtered out; finished in 0.00s

   Doc-tests daw_plugin_host

running 0 tests

test result: ok. 0 passed; 0 failed; 0 ignored; 0 measured; 0 filtered out; finished in 0.00s

   Doc-tests daw_wasm_decoder

running 0 tests

test result: ok. 0 passed; 0 failed; 0 ignored; 0 measured; 0 filtered out; finished in 0.00s

   Doc-tests proof_chamber

running 0 tests

test result: ok. 0 passed; 0 failed; 0 ignored; 0 measured; 0 filtered out; finished in 0.00s

   Doc-tests scoring

running 0 tests

test result: ok. 0 passed; 0 failed; 0 ignored; 0 measured; 0 filtered out; finished in 0.00s

