#	schemaVersion	1
#	repository	https://github.com/sgossner/VSCO-2-CE
#	revision	440300901dfe9275fd84e0b7763af1f8443ae62e
#	tree	0ecebcfca0c7e0fe501f71964027f8f59fa0e432
#	license	CC0-1.0
#	licensePath	LICENSE
#	licenseBlob	670154e3538863b2d9891fd5483160fbdfc89164
kind	path	source	gitBlob	sha256	license
sample	public/samples/levain/bassoon/PSBassoon_A#0_v1_1.wav	Woodwinds/Bassoon/sus/PSBassoon_A#0_v1_1.wav	f99b00f4944c8571dabc04683549935e4a81c987	266347f2ffdd2c6efbda0a1067520c630b906e70a572a82c02569b78327128a1	CC0-1.0
sample	public/samples/levain/bassoon/PSBassoon_A#0_v2_1.wav	Woodwinds/Bassoon/sus/PSBassoon_A#0_v2_1.wav	40be07cae85c8038a0bc2790f55391ba05bfd9ca	6d3a270be26862e40c1689111c0f91ef0ff9439ecb9805db344f1aba6ff7fff5	CC0-1.0
sample	public/samples/levain/bassoon/PSBassoon_A#0_v2_rr1.wav	Woodwinds/Bassoon/stac/PSBassoon_A#0_v2_rr1.wav	ce2bc4094565345f44b5cf850b9e57026d58c6c4	f7eb4eb7a1db0df411f6601f10ca191a4249fe0a71bc1678d82a5f71455610c8	CC0-1.0
sample	public/samples/levain/bassoon/PSBassoon_A#0_v2_rr2.wav	Woodwinds/Bassoon/stac/PSBassoon_A#0_v2_rr2.wav	720a5c636ef8be4bd0929b33273e2bc1a7bf1b49	a364d27ad48dc2799fb21c0eb8b0dabdc89f319b2d53a5ff2aa40cd2578e1fa4	CC0-1.0
sample	public/samples/levain/bassoon/PSBassoon_A#1_v1_1.wav	Woodwinds/Bassoon/sus/PSBassoon_A#1_v1_1.wav	ddd0d4eace186255cb3cd3fe1f9bfa4bc8507947	2e0fc56aacb70e26631a3979069b5c379ae18fb6a48dc944ea0e48f2d332127d	CC0-1.0
sample	public/samples/levain/bassoon/PSBassoon_A#1_v2_1.wav	Woodwinds/Bassoon/sus/PSBassoon_A#1_v2_1.wav	d216c128e16b6e82e203e65cb3e5374873125b95	c6f682ed7117316525b21bf33be5e4a9562eb2abbe1c421bc9305a2b967602f3	CC0-1.0
sample	public/samples/levain/bassoon/PSBassoon_A1_v1_1.wav	Woodwinds/Bassoon/sus/PSBassoon_A1_v1_1.wav	cb1109d73a34b69c08b52a2398fb0ba4b775f852	6d123ad58cd31d085d0d6c16f498e5ef9305f7fd0f25b1788968de6e00089c26	CC0-1.0
sample	public/samples/levain/bassoon/PSBassoon_A1_v1_rr1.wav	Woodwinds/Bassoon/stac/PSBassoon_A1_v1_rr1.wav	cd178513ae9774f303d9436a0335d7f66ae5e4f5	30abf23321e96fab1307681169266b7954a400c32c9bb17ceee32001ad85660f	CC0-1.0
sample	public/samples/levain/bassoon/PSBassoon_A1_v1_rr2.wav	Woodwinds/Bassoon/stac/PSBassoon_A1_v1_rr2.wav	22cbef86155cfc3a2ccc4a0ac85c6928361d33c1	3984982e5f78d8c894ac86060d8238a3a3c69572096f9136ca3390c6e8202242	CC0-1.0
sample	public/samples/levain/bassoon/PSBassoon_A1_v2_1.wav	Woodwinds/Bassoon/sus/PSBassoon_A1_v2_1.wav	1c0cbd04167c64567abd3e292c2ba20602f22cea	b954f1115c3c937ed9f793b1727a3ede0498d246045e4410111d5b620494cb41	CC0-1.0
sample	public/samples/levain/bassoon/PSBassoon_A1_v2_rr1.wav	Woodwinds/Bassoon/stac/PSBassoon_A1_v2_rr1.wav	37450504ae6befd51050d5cd96f800d57de44674	0995cbe3f99c6719179cc07786647e1a99bb45255fe7fa771209d4614459dffc	CC0-1.0
sample	public/samples/levain/bassoon/PSBassoon_A1_v2_rr2.wav	Woodwinds/Bassoon/stac/PSBassoon_A1_v2_rr2.wav	5a55df6e1acd17fbbc17a7c74b97db769dcf4107	f54d577d5cac5ed16c9c7196ad76006b52726053e14c57ba104c154236b4cc93	CC0-1.0
sample	public/samples/levain/bassoon/PSBassoon_A2_v1_rr1.wav	Woodwinds/Bassoon/stac/PSBassoon_A2_v1_rr1.wav	d45730d343860402cc4e32d7edb9eda1cfd41f0b	9d06ba4c8a536f5c89acc7c94d5967cfddf9a5915044908794a4bea4170fe477	CC0-1.0
sample	public/samples/levain/bassoon/PSBassoon_A2_v1_rr2.wav	Woodwinds/Bassoon/stac/PSBassoon_A2_v1_rr2.wav	6e97c6292ae8ad07d824577b571c4454f2503e2f	e2baf30c3d2fc3819e42c967bde1b7f7c1a6c2ed568ea42c66a65fe10edc1830	CC0-1.0
sample	public/samples/levain/bassoon/PSBassoon_A2_v2_rr1.wav	Woodwinds/Bassoon/stac/PSBassoon_A2_v2_rr1.wav	d445fde73e3a391d86e28f8eb63fcb91754ebe79	f2cf7a848c9f0f470689584e1e545685d49c190a7cc0e1092480865643906aae	CC0-1.0
sample	public/samples/levain/bassoon/PSBassoon_A2_v2_rr2.wav	Woodwinds/Bassoon/stac/PSBassoon_A2_v2_rr2.wav	1fd0821a3dbd67b72987eac167eca3570f0fd301	d3de021a82cb79bc8034768ba06f3b2272d75be9021b2a8e07c9b969cedb9287	CC0-1.0
sample	public/samples/levain/bassoon/PSBassoon_A3_v1_1.wav	Woodwinds/Bassoon/sus/PSBassoon_A3_v1_1.wav	59c1fb41b41670807ad44d06d0f54fecac4fa0ae	a029039844afafbf1aff59870d47401fd3a253b9edb47f35122651f6140b9a63	CC0-1.0
sample	public/samples/levain/bassoon/PSBassoon_A3_v2_1.wav	Woodwinds/Bassoon/sus/PSBassoon_A3_v2_1.wav	b0056a9582d14d97ca93d3c0b3b67637ad444bfe	f3d5c76d885236a006ef184bae4ba9f3d94cadbcf40fb157964349a8db6eedc8	CC0-1.0
sample	public/samples/levain/bassoon/PSBassoon_C#1_v1_1.wav	Woodwinds/Bassoon/sus/PSBassoon_C#1_v1_1.wav	b79ee313cb48502ab0aa8dec46bc9fb5e4077988	fa4a7503610fa847815e8369d30eb14e99dccbcbf3a5948dab79055dddca9140	CC0-1.0
sample	public/samples/levain/bassoon/PSBassoon_C#1_v2_1.wav	Woodwinds/Bassoon/sus/PSBassoon_C#1_v2_1.wav	2f91082298b60cf5a3b04b2f089ff7380e6ba90d	b92996681196177fd90af2baf0b3fe1f58b52b085bf292da1fefef83dd0ec94f	CC0-1.0
sample	public/samples/levain/bassoon/PSBassoon_C2_v1_1.wav	Woodwinds/Bassoon/sus/PSBassoon_C2_v1_1.wav	10ff119e43e0785b606bd4c1586dcb62bf6be6b5	709401175aa7010b579e3bd1b5b9709797e489cbfdb9b5c4a8ab504098a61239	CC0-1.0
sample	public/samples/levain/bassoon/PSBassoon_C2_v1_rr1.wav	Woodwinds/Bassoon/stac/PSBassoon_C2_v1_rr1.wav	b79049b29c83c481c5000af8103d506cb42dd32b	8bf2da51dc4e2b2d29aa492972f12326507cffbc05749e7bae992d1322f04f1e	CC0-1.0
sample	public/samples/levain/bassoon/PSBassoon_C2_v1_rr2.wav	Woodwinds/Bassoon/stac/PSBassoon_C2_v1_rr2.wav	49dc81c8573368743c4b66647d43b90053e9e04d	11603a617876edbf0875988be9f6f4073daf5875e4c7b8db11d6bc79f5db9e0e	CC0-1.0
sample	public/samples/levain/bassoon/PSBassoon_C2_v2_1.wav	Woodwinds/Bassoon/sus/PSBassoon_C2_v2_1.wav	14b9d5e95ccd565ea9e3eb2b8ef8c641ac3ac022	836cda0976c44922375cf2cad0ac280c4638d8b943f44cadb1c3a75259bd22cf	CC0-1.0
sample	public/samples/levain/bassoon/PSBassoon_C2_v2_rr1.wav	Woodwinds/Bassoon/stac/PSBassoon_C2_v2_rr1.wav	09c3c9fc98e243d444e282a7db4fcfc9c600ba33	3c1104957f8f7f38ef861582ad642f1474e903dab96274ad16c51912fceda31f	CC0-1.0
sample	public/samples/levain/bassoon/PSBassoon_C2_v2_rr2.wav	Woodwinds/Bassoon/stac/PSBassoon_C2_v2_rr2.wav	6e99494f058964f7fb2242adfa61f5f8b33b515f	7737678d9b3eaaaffb71f90942612fe12a6ce57a23f590f22fbccc32cd474dd0	CC0-1.0
sample	public/samples/levain/bassoon/PSBassoon_C3_v1_1.wav	Woodwinds/Bassoon/sus/PSBassoon_C3_v1_1.wav	346fcf577136aac725b49419a915c92efa078d6a	facb567a76b81e7859253f0bf2dc750e05d4c4170f70824ce48887547ca9aaf3	CC0-1.0
sample	public/samples/levain/bassoon/PSBassoon_C3_v1_rr1.wav	Woodwinds/Bassoon/stac/PSBassoon_C3_v1_rr1.wav	d2c2b2d05947226c4b77bb48af6cc3ce33602a24	efe8a7222f32181cdb752a9acc8860e47ec2a9e2f9b6dc4538f44747eed5786c	CC0-1.0
sample	public/samples/levain/bassoon/PSBassoon_C3_v1_rr2.wav	Woodwinds/Bassoon/stac/PSBassoon_C3_v1_rr2.wav	6c3cc54c5de792097a5d1756a067b8e5489f7a13	7a2d17e32dc51ea7351f5a3251611a78f38bec3225fcd187b2154d3ba48b894b	CC0-1.0
sample	public/samples/levain/bassoon/PSBassoon_C3_v2_1.wav	Woodwinds/Bassoon/sus/PSBassoon_C3_v2_1.wav	7778b0fa352d6466272f2e0a7b053ca38ac1e35f	c1162eee63c6334ee60c7add58ce0e2f8d87b427c7a7cb64930f3bd63494e121	CC0-1.0
sample	public/samples/levain/bassoon/PSBassoon_C3_v2_rr1.wav	Woodwinds/Bassoon/stac/PSBassoon_C3_v2_rr1.wav	3b45a2db7642213a94f9082ec5869c1e626f2328	e2c3473ab074c1c8e2330c96c379e3896d77cf30b6f4a3abced62d616ee6bb1c	CC0-1.0
sample	public/samples/levain/bassoon/PSBassoon_C3_v2_rr2.wav	Woodwinds/Bassoon/stac/PSBassoon_C3_v2_rr2.wav	a5458c14b2a0f0d230264d657b1da04b284c7b68	46ef7883b13a29d83fb3d8d98207895e298ed0973b50be62e5c19f23bbc5d1e7	CC0-1.0
sample	public/samples/levain/bassoon/PSBassoon_C4_v1_1.wav	Woodwinds/Bassoon/sus/PSBassoon_C4_v1_1.wav	b046554b78d5edaaeb4a81d045833365253bae60	d5b66ec79aacc7563620ace09f7e20610b48040ad08aff2fec7b0146aaa00748	CC0-1.0
sample	public/samples/levain/bassoon/PSBassoon_C4_v1_rr1.wav	Woodwinds/Bassoon/stac/PSBassoon_C4_v1_rr1.wav	672f772dae0e8f846309d4ffe3bc2940d65362c9	3659259f1ddd298c72eaf2b4ead4557ab96226859c5307ade0e918001576b353	CC0-1.0
sample	public/samples/levain/bassoon/PSBassoon_C4_v1_rr2.wav	Woodwinds/Bassoon/stac/PSBassoon_C4_v1_rr2.wav	a5b53cc0ccfa11a5bb4a763a37e6374c37a043f9	d7cce059c8d73a6e5e0745ec42b827e0e8aab846735514dd340fdfe568cdc6ce	CC0-1.0
sample	public/samples/levain/bassoon/PSBassoon_C4_v2_1.wav	Woodwinds/Bassoon/sus/PSBassoon_C4_v2_1.wav	0c1d22dd2f18c5dabfcb6a5d6ac694f3f0c8dd71	5609028197a4ab16724398b17618b08704bf27fd0ae6e9e3cdd3bcee88f8e438	CC0-1.0
sample	public/samples/levain/bassoon/PSBassoon_C4_v2_rr1.wav	Woodwinds/Bassoon/stac/PSBassoon_C4_v2_rr1.wav	43e21c5ea380df6a4a5da45e4976fc8573f3f828	f433f2e1c06d11f0410dccc8f502ef3372150046022a0f96ef6e99d1e92efeee	CC0-1.0
sample	public/samples/levain/bassoon/PSBassoon_C4_v2_rr2.wav	Woodwinds/Bassoon/stac/PSBassoon_C4_v2_rr2.wav	0a82462a15b8856418e92250d08339a7961ba980	33f93e9c4df42510740af757855df02a25d9eafd129454059c760dd82c0bff11	CC0-1.0
sample	public/samples/levain/bassoon/PSBassoon_D#2_v2_rr1.wav	Woodwinds/Bassoon/stac/PSBassoon_D#2_v2_rr1.wav	93dfa97f79e0057c227723ffd7642386070ea7e8	83881b66b1096e2346924e4b54c57e67aac85e99b2319a279bfa94eea4aa0a55	CC0-1.0
sample	public/samples/levain/bassoon/PSBassoon_D#2_v2_rr2.wav	Woodwinds/Bassoon/stac/PSBassoon_D#2_v2_rr2.wav	bf8fe365924d2cca9f3dd5d970c00c98c7225884	05bae26c55eb7a4d83630d3ac7f7a3bd113baa219e2be0f1ad2d89518e9e413d	CC0-1.0
sample	public/samples/levain/bassoon/PSBassoon_D#3_v1_1.wav	Woodwinds/Bassoon/sus/PSBassoon_D#3_v1_1.wav	f11eba53f3d278cb38b79af9d62b5b769393bbdd	b615ff978c0e61ed49eaff82178b2a3cb87398d561ac3a83355ba745529f8cc8	CC0-1.0
sample	public/samples/levain/bassoon/PSBassoon_D#3_v2_1.wav	Woodwinds/Bassoon/sus/PSBassoon_D#3_v2_1.wav	567d185f861d30cde23a3843f86fc907cf130720	25b80a0a842290c24a15bde363528254bc611a556af4e517150769c253fb126b	CC0-1.0
sample	public/samples/levain/bassoon/PSBassoon_D#4_v2_1.wav	Woodwinds/Bassoon/sus/PSBassoon_D#4_v2_1.wav	1302bf15411e3bc017686c9094c6bfa1563ed176	7e4bd7de6c81a2060d6d108aaa3032c4509eca9352bd182ae6fc0052e0ed1f95	CC0-1.0
sample	public/samples/levain/bassoon/PSBassoon_D1_v2_rr1.wav	Woodwinds/Bassoon/stac/PSBassoon_D1_v2_rr1.wav	edaa84851385133fcfff9f5c3d34d254d4254b58	706bb57746b0a21d6aed70f277747e62f0fa044ca6e6d7695ef89e7a205cb83d	CC0-1.0
sample	public/samples/levain/bassoon/PSBassoon_D1_v2_rr2.wav	Woodwinds/Bassoon/stac/PSBassoon_D1_v2_rr2.wav	428ab847a9ae70c1595a83f91063d66478187316	00a39b848c4c373d8e706689dfe6a778731497a8e2fe18be34db0690ab2c3c1c	CC0-1.0
sample	public/samples/levain/bassoon/PSBassoon_E2_v1_rr1.wav	Woodwinds/Bassoon/stac/PSBassoon_E2_v1_rr1.wav	5a54606185a6f609b755606f19bdf5d85519bea7	83716ff49d0572dd83de8ab9fce8d3ac2b313a9c3dcd14d2ac94c4f726696fc3	CC0-1.0
sample	public/samples/levain/bassoon/PSBassoon_E2_v1_rr2.wav	Woodwinds/Bassoon/stac/PSBassoon_E2_v1_rr2.wav	31163aaed492a2ba4dd61d378ff27f76850a998e	52ae5924041fcd8ee9e58b9f2d091c0a8f26639c728b879d05409f8e648c9bdb	CC0-1.0
sample	public/samples/levain/bassoon/PSBassoon_E2_v2_rr1.wav	Woodwinds/Bassoon/stac/PSBassoon_E2_v2_rr1.wav	cd2fbaee22fc1b7f4564a6362163cadee36dd4fb	5ddb4c3f0f61b5efe182c776fa1d27305c41855a175d5309064f9c030b7ae5a1	CC0-1.0
sample	public/samples/levain/bassoon/PSBassoon_E2_v2_rr2.wav	Woodwinds/Bassoon/stac/PSBassoon_E2_v2_rr2.wav	02536f5989e5c71b190f001a0b0cfa3ef511e723	53016d7afd148411b236b592e1f626d246f03f4a6843eef6bd82cbc76b7aa70a	CC0-1.0
sample	public/samples/levain/bassoon/PSBassoon_E3_v1_rr1.wav	Woodwinds/Bassoon/stac/PSBassoon_E3_v1_rr1.wav	cf0656d519a542051f1e831ae0945ba8d25b4fb9	a6d04b47f0414d83f9fa1427ab068d814fbed208567ce838aa5357f587a53fa8	CC0-1.0
sample	public/samples/levain/bassoon/PSBassoon_E3_v1_rr2.wav	Woodwinds/Bassoon/stac/PSBassoon_E3_v1_rr2.wav	a5e302a1facb78a5353001c5ea033a6a8f738229	87b483af47c13c8a738ee986b078f6e8f5c9fe0518eb46ea9ce80d8566ceb511	CC0-1.0
sample	public/samples/levain/bassoon/PSBassoon_E3_v2_rr1.wav	Woodwinds/Bassoon/stac/PSBassoon_E3_v2_rr1.wav	074cd8414e2c0fa7d55176d2ac3cc2fb5c8552e5	e71165d38d17045428d1d4bbc5e0ef7a1ee483dd1a806cd4be48eb8dcf6aee15	CC0-1.0
sample	public/samples/levain/bassoon/PSBassoon_E3_v2_rr2.wav	Woodwinds/Bassoon/stac/PSBassoon_E3_v2_rr2.wav	eccb61086fa0f4b5e4d61a0f2aef5a5f1bfd5a6c	cbaabdcaf70c6aced9353f097d4575cb4351ce2a85d0363000db0d275d412ad4	CC0-1.0
sample	public/samples/levain/bassoon/PSBassoon_F1_v1_1.wav	Woodwinds/Bassoon/sus/PSBassoon_F1_v1_1.wav	ef632d2b0dc9970afb62c5945413d4da628883fb	608e46b7b18cee5ebfe6a8d385eb57038cc3ef89f408c1448ded53e1cc123a29	CC0-1.0
sample	public/samples/levain/bassoon/PSBassoon_F1_v1_rr1.wav	Woodwinds/Bassoon/stac/PSBassoon_F1_v1_rr1.wav	538154e1284a919b92d040da9903f464bc65a82f	8ee13b9bb1283d7d29f61e809621093eaf47ed52a2e5ff695ff6617a22042ce7	CC0-1.0
sample	public/samples/levain/bassoon/PSBassoon_F1_v1_rr2.wav	Woodwinds/Bassoon/stac/PSBassoon_F1_v1_rr2.wav	080ccf5bb02b67b5469740d216d4bfc93be8824c	06ec8f77c8ac5887f2befc1ac3be2fe2576e78582202e856e910a34f9047518d	CC0-1.0
sample	public/samples/levain/bassoon/PSBassoon_F1_v2_1.wav	Woodwinds/Bassoon/sus/PSBassoon_F1_v2_1.wav	6b6c81a47d6e77853dd711a471e97ee631ae7f78	e510329bca3889d1a6e826f4ca1644c8347567e1dcc751eee6f6a2143935d0bc	CC0-1.0
sample	public/samples/levain/bassoon/PSBassoon_F1_v2_rr1.wav	Woodwinds/Bassoon/stac/PSBassoon_F1_v2_rr1.wav	5c48832f84e3a49419ab17814f0caf276030725f	be631f5eb2d0580cdc24d40ee401b17ba1dccf57f50293cc68a7049ba9d68a2a	CC0-1.0
sample	public/samples/levain/bassoon/PSBassoon_F1_v2_rr2.wav	Woodwinds/Bassoon/stac/PSBassoon_F1_v2_rr2.wav	6a672091b73d543124f48c782749fbda6f0d8872	71fc83066512ff4e4ba2555bde8c06e33726da30be2776831e1bf2574b3e5056	CC0-1.0
sample	public/samples/levain/bassoon/PSBassoon_G#3_v1_1.wav	Woodwinds/Bassoon/sus/PSBassoon_G#3_v1_1.wav	9d5e0ac1c1fafd0b650e249a3fc799b9685b4d38	64cb998236ef9ae04c8a3d6048db551f1f1e02918ffc4a60db163193ab9da10f	CC0-1.0
sample	public/samples/levain/bassoon/PSBassoon_G#3_v2_1.wav	Woodwinds/Bassoon/sus/PSBassoon_G#3_v2_1.wav	c88e1744e0298c353479a08c607fe13469cef2b6	0fdc30b08b1836e444c0f6f6bc2bec485973c28d4bfeb110572038777558984a	CC0-1.0
sample	public/samples/levain/bassoon/PSBassoon_G2_v1_1.wav	Woodwinds/Bassoon/sus/PSBassoon_G2_v1_1.wav	1802d35ea36b486169050595296b758b41b3bfc7	ab779b251e22d0e39dfacd9b760d032ab9c3381eda89c86236c28ae14cfbfcf4	CC0-1.0
sample	public/samples/levain/bassoon/PSBassoon_G2_v1_rr1.wav	Woodwinds/Bassoon/stac/PSBassoon_G2_v1_rr1.wav	4cabb830d1d6595fd57f88c214cb19fa061215d3	0d339309b43f78279c1aedb729c596b33c5a6324b45441acb76f893983b64ae2	CC0-1.0
sample	public/samples/levain/bassoon/PSBassoon_G2_v1_rr2.wav	Woodwinds/Bassoon/stac/PSBassoon_G2_v1_rr2.wav	4ff26462048d34fffc00bb77a6bec6e4b1df6085	05b4bf16ae8228d80140c3b91096c8b75c9288984524c1fe05b75ebccd938e29	CC0-1.0
sample	public/samples/levain/bassoon/PSBassoon_G2_v2_1.wav	Woodwinds/Bassoon/sus/PSBassoon_G2_v2_1.wav	95a39a3c70c033e7167792f0e9d7f592a252044f	74f59f6ad00584ed709b16c58769f099b64e4886c3af1bb74f2626719611f35c	CC0-1.0
sample	public/samples/levain/bassoon/PSBassoon_G2_v2_rr1.wav	Woodwinds/Bassoon/stac/PSBassoon_G2_v2_rr1.wav	5d238aedb1eeec47fb0831eb44a9c01400d9aa38	6a3d8c9da12bcc181093047ca0c0420caa8aac014da916b69447b88ada44021a	CC0-1.0
sample	public/samples/levain/bassoon/PSBassoon_G2_v2_rr2.wav	Woodwinds/Bassoon/stac/PSBassoon_G2_v2_rr2.wav	fd2ed32fbf198d0f279d6de73bb81eb64e5966d6	a366c8532ce92b7d50ca395c8318bf408d02419cbfe85579ece832e03f7da5e6	CC0-1.0
sample	public/samples/levain/bassoon/PSBassoon_G3_v1_rr1.wav	Woodwinds/Bassoon/stac/PSBassoon_G3_v1_rr1.wav	62cc463dd7e17de25cf8ba47252fbe165e458f47	efbc0a901db97648f1b8eaa01693f571d1d65638c06ea594a6d3966e2abd498b	CC0-1.0
sample	public/samples/levain/bassoon/PSBassoon_G3_v1_rr2.wav	Woodwinds/Bassoon/stac/PSBassoon_G3_v1_rr2.wav	a41a94c33ba537f1025f0772dcc9b8fc80b68ef4	542c1c6e7e91f84c65172011012006c596cadfa30cc23fa2c4ff636eca28492d	CC0-1.0
sample	public/samples/levain/bassoon/PSBassoon_G3_v2_rr1.wav	Woodwinds/Bassoon/stac/PSBassoon_G3_v2_rr1.wav	70a76ab5128efc3d23beb138fa8cf7d7b3fb7fea	d2a891d880fa2d026c24dcf08c27a722622db8d5460164e395af130dceefd4c1	CC0-1.0
sample	public/samples/levain/bassoon/PSBassoon_G3_v2_rr2.wav	Woodwinds/Bassoon/stac/PSBassoon_G3_v2_rr2.wav	23158586d9c8cc62e9dc450a3856451fa7f010bc	a0ffa0d7be64b8f7390eba543178c4f5272e732ec241fc77ab44ae4b5e8b0210	CC0-1.0
sample	public/samples/levain/cello/pizzT_A2_v1_RR1.wav	Strings/Cello Section/pizzT/pizzT_A2_v1_RR1.wav	3e1fec71b531697030215d70a51889260324a225	3ef328e9c07e58797bb65831edef89b1fc946013a736826b6e380776c91b1f83	CC0-1.0
sample	public/samples/levain/cello/pizzT_A2_v1_RR2.wav	Strings/Cello Section/pizzT/pizzT_A2_v1_RR2.wav	2f0d3adf6cad8227f6c340d71a9b5597dfa6f319	819d73e9b58d28c3d3888ed566fa9802b3cb6bf5cdd314931ddeafa529ba1408	CC0-1.0
sample	public/samples/levain/cello/pizzT_A2_v2_RR1.wav	Strings/Cello Section/pizzT/pizzT_A2_v2_RR1.wav	72e0f0d5d328ff59c7b0227a451c1a226b892265	187df4d1d5621877d32cbfb3d174dcacb85aa59caf3359d9ce398bec4f7ccf56	CC0-1.0
sample	public/samples/levain/cello/pizzT_A2_v2_RR2.wav	Strings/Cello Section/pizzT/pizzT_A2_v2_RR2.wav	fa1956ce30140cf95d335c16a5d8986b53751c8e	b297e7396e6b5a327a069c8eaa378a2a1c7ce4dd3da7ba3fbc5f3c66c07e16d1	CC0-1.0
sample	public/samples/levain/cello/pizzT_B1_v1_RR1.wav	Strings/Cello Section/pizzT/pizzT_B1_v1_RR1.wav	a77d940699042d211e6e329d2331d95ca76842c8	33bbfc9664e8536e8931fba5c53ab4e06abeb6f75fc3b6186bcdb159d6000604	CC0-1.0
sample	public/samples/levain/cello/pizzT_B1_v1_RR2.wav	Strings/Cello Section/pizzT/pizzT_B1_v1_RR2.wav	2ac3786f8de7fa92086cf2620d4acf0be60c0ae9	197600ab555da6f29b368b898a089f7b8d79f9a6b7388ff3fe86560ad9ca6186	CC0-1.0
sample	public/samples/levain/cello/pizzT_B1_v2_RR1.wav	Strings/Cello Section/pizzT/pizzT_B1_v2_RR1.wav	4a241c20bb2cb76be13837019363537e85851f40	d5898f41739b4929530aa7d4a3f1660ee2bb6096b375c1f034eb6d26cbb10623	CC0-1.0
sample	public/samples/levain/cello/pizzT_B1_v2_RR2.wav	Strings/Cello Section/pizzT/pizzT_B1_v2_RR2.wav	7792131afbc5bdc2e2e85ca070954a72239ef523	675a55fce6f23a97281704024ed01e69cc8699fd3458fe76f22ba19b91c20348	CC0-1.0
sample	public/samples/levain/cello/pizzT_B3_v1_RR1.wav	Strings/Cello Section/pizzT/pizzT_B3_v1_RR1.wav	9beeb61bac3f90a6031fc44df73203dca0128518	ded9d0b8a7651e21883c937fc4cce2199f0d973ca683fac5d61582093b0f00fa	CC0-1.0
sample	public/samples/levain/cello/pizzT_B3_v1_RR2.wav	Strings/Cello Section/pizzT/pizzT_B3_v1_RR2.wav	c2336fd8d3a7f7d9267b0ec5124d6b7c2295522f	20cc1931f37d67a3d7dd7fbc920fff45005bacd0bb306dbeff69ce8a8dac5e0a	CC0-1.0
sample	public/samples/levain/cello/pizzT_B3_v2_RR1.wav	Strings/Cello Section/pizzT/pizzT_B3_v2_RR1.wav	37e30848e2c86eeb1a7fd6f704fc33b23c4afa4b	016e6cc084ae4e60eb52b0a60ffada2314211f1eb5bcc95c6a73b64ac0afbde8	CC0-1.0
sample	public/samples/levain/cello/pizzT_B3_v2_RR2.wav	Strings/Cello Section/pizzT/pizzT_B3_v2_RR2.wav	344e9c73227fb784fa182a14ad266c4ba9bf5398	16a123fc950e385698dac06fa3835bceee305f9038a3098f202341d51341d135	CC0-1.0
sample	public/samples/levain/cello/pizzT_C1_v1_RR1.wav	Strings/Cello Section/pizzT/pizzT_C1_v1_RR1.wav	c075a85b166054bbb9d1f900393a76f05f10a8b1	9032689650e38cb7a967616d15f3434bd52865637200e785bf89c3a1a88b29ce	CC0-1.0
sample	public/samples/levain/cello/pizzT_C1_v1_RR2.wav	Strings/Cello Section/pizzT/pizzT_C1_v1_RR2.wav	ab41bf7563e84434f5babc50dda270e92fdb89d2	894bd93d7dded6eb60788b8ebf2fc45e9b542c579995d00b518d67727c2d82e5	CC0-1.0
sample	public/samples/levain/cello/pizzT_C1_v2_RR1.wav	Strings/Cello Section/pizzT/pizzT_C1_v2_RR1.wav	e863415fcc1daf43bb56c7ad2990774f66c1cb98	eb757d0688c447d609e9583c3943b9b51f5dee3c8b309ef6e03cac0c36910f15	CC0-1.0
sample	public/samples/levain/cello/pizzT_C1_v2_RR2.wav	Strings/Cello Section/pizzT/pizzT_C1_v2_RR2.wav	a6030389c8d46bdbfdcb9954de2db56972743873	c2485a37f8e62af3ef7b530a6e6e9892a5887b36c675072a3b201db39793da73	CC0-1.0
sample	public/samples/levain/cello/pizzT_C3_v1_RR1.wav	Strings/Cello Section/pizzT/pizzT_C3_v1_RR1.wav	0e8a8a7eadd8ea2b5f009f70fd4b1c2e325ec137	63353870ad00cebe9882b96abcceae12480d37b78b62ded6228fb638871e8a81	CC0-1.0
sample	public/samples/levain/cello/pizzT_C3_v1_RR2.wav	Strings/Cello Section/pizzT/pizzT_C3_v1_RR2.wav	5f02b7ab2afbf1825bfef67c4b24516fa2136c0c	87abaf14ffe66902002c378a504147861102b67af5f562bb5594835c3d647c33	CC0-1.0
sample	public/samples/levain/cello/pizzT_C3_v2_RR1.wav	Strings/Cello Section/pizzT/pizzT_C3_v2_RR1.wav	a0a21bf7abdff541715f3c49df50ca0a3b5ef0f7	fbc86686ef092e92e473dce4d1ff5f1e351dcc76ed2d94b0d336c1346f314e59	CC0-1.0
sample	public/samples/levain/cello/pizzT_C3_v2_RR2.wav	Strings/Cello Section/pizzT/pizzT_C3_v2_RR2.wav	0f4fb38d9ece8c7ce5f2176b184c7695ff715540	7287080f6071252812a8b88bf21c32e0985b0a584eccc4487fb282ec1211195c	CC0-1.0
sample	public/samples/levain/cello/pizzT_D2_v1_RR1.wav	Strings/Cello Section/pizzT/pizzT_D2_v1_RR1.wav	602ef076ef3e60774a7a9d99450fbceaa7f4d24b	434925e6b7d154cfa7c17e89ccc8e4a126e01a970cabee22fe09a9fb0e462bb6	CC0-1.0
sample	public/samples/levain/cello/pizzT_D2_v1_RR2.wav	Strings/Cello Section/pizzT/pizzT_D2_v1_RR2.wav	896b65e4cff10b895f49ecf50d3eb12bde14f341	f23062710e77ca46c33fe453874f8730e80b1f7f7a769bcafdf7bcd0b6254460	CC0-1.0
sample	public/samples/levain/cello/pizzT_D2_v2_RR1.wav	Strings/Cello Section/pizzT/pizzT_D2_v2_RR1.wav	55891f1ec98c1742b27e0b7565c0ef2f027e9bbc	5f80f5fd2f8f3f2cc33b8e7cdba1c5984b5a8158d6d34cd03fe48ae46b335461	CC0-1.0
sample	public/samples/levain/cello/pizzT_D2_v2_RR2.wav	Strings/Cello Section/pizzT/pizzT_D2_v2_RR2.wav	15d9901c6962456d98fa7e435e485df07bd39e3e	2b25fcdf1958fabbd54f1f64b620df12af5436d074da6b5030c5f0b2dad4a250	CC0-1.0
sample	public/samples/levain/cello/pizzT_D4_v1_RR1.wav	Strings/Cello Section/pizzT/pizzT_D4_v1_RR1.wav	d431933dfc477cab274a7ba5e17bbad5ab68f768	e1950b741b2aca0a3f2f71b41bb3d5ddefe33a1d93f24a11b3962a64a0bbef06	CC0-1.0
sample	public/samples/levain/cello/pizzT_D4_v1_RR2.wav	Strings/Cello Section/pizzT/pizzT_D4_v1_RR2.wav	1f45b6a4eff699b0104c9ad0461f1cb493f93926	960c7551e554cf3d2d9ef1cb5f1a7150ee3cdb508ac34c8dc212d81c6e0e7078	CC0-1.0
sample	public/samples/levain/cello/pizzT_D4_v2_RR1.wav	Strings/Cello Section/pizzT/pizzT_D4_v2_RR1.wav	d8b97e0669415235b2d28ed65f247430264cc847	286d0e59972bb575c54a7be68865874908e93ed3e928637905308f5b6d0a531f	CC0-1.0
sample	public/samples/levain/cello/pizzT_D4_v2_RR2.wav	Strings/Cello Section/pizzT/pizzT_D4_v2_RR2.wav	c4e580cdb994d107d7cc292e0c69e4cc7d7556b4	a2138c49ee8bbb6ec7b4b6d5fe11b7cf6dab668385c284f92969d369a4f1a03d	CC0-1.0
sample	public/samples/levain/cello/pizzT_E1_v1_RR1.wav	Strings/Cello Section/pizzT/pizzT_E1_v1_RR1.wav	9678586affff8ef2973ef9da03259ba0132d1b67	9fed783345f57619ccc7ac1eff282c4e5ec6ff30b7b935ee96da204efb6b6c59	CC0-1.0
sample	public/samples/levain/cello/pizzT_E1_v1_RR2.wav	Strings/Cello Section/pizzT/pizzT_E1_v1_RR2.wav	9a4a5b9bd741c22fbd2646eed0bf48f839c8445d	49103857fc6279932a03af6b09a2432be3b7f120de7a66307ad1cbd3266fa72d	CC0-1.0
sample	public/samples/levain/cello/pizzT_E1_v2_RR1.wav	Strings/Cello Section/pizzT/pizzT_E1_v2_RR1.wav	7e8f2ebee318b74e00763e877c7da474511e3341	e5dc2a92063c0d2262336239a227e686c4977b6f8aaf65a2dda13c71ffe982df	CC0-1.0
sample	public/samples/levain/cello/pizzT_E1_v2_RR2.wav	Strings/Cello Section/pizzT/pizzT_E1_v2_RR2.wav	0031262b33fb7a612eab5f7e42b7737600275eca	8ae271ce5c337de9996193e66de415dc8ae322eb86bcafdcc78bbe4ec4acf4db	CC0-1.0
sample	public/samples/levain/cello/pizzT_E3_v1_RR1.wav	Strings/Cello Section/pizzT/pizzT_E3_v1_RR1.wav	e25e4b7b69df776d59a8e66ce3c3203f02ca3b59	f0ef78c07d2468a5f762aae1bb23806e0439f5372d872b68fa8967943808f1da	CC0-1.0
sample	public/samples/levain/cello/pizzT_E3_v1_RR2.wav	Strings/Cello Section/pizzT/pizzT_E3_v1_RR2.wav	a24e7e2f05f7aa3073c8ef0f641eadf33a1f7fed	816d282efedc9dcdd67374e2ae7c92433f4dba379150962995e1ed4496eb1fcb	CC0-1.0
sample	public/samples/levain/cello/pizzT_E3_v2_RR1.wav	Strings/Cello Section/pizzT/pizzT_E3_v2_RR1.wav	81e7e715c82c068767246b948aa5720bdacd61ba	ad072009df18f24c4ae0b2fd4b8cbf803a1ba1d195fcae5ea8c882111e9555b3	CC0-1.0
sample	public/samples/levain/cello/pizzT_E3_v2_RR2.wav	Strings/Cello Section/pizzT/pizzT_E3_v2_RR2.wav	3079bc3db63fa205a7e7beef171611877d1abc8b	4a3c3ba79d27560a86eb239a281f4cdc87687e79091b7a0c5439b635043e6a53	CC0-1.0
sample	public/samples/levain/cello/pizzT_F2_v1_RR1.wav	Strings/Cello Section/pizzT/pizzT_F2_v1_RR1.wav	65b06f53a4d2c449f38b30a22aeea6bf1ce814af	ff44e135372083b7c7989fc741c2ebc97bf91f11c5ba7d3c99bcf2c967f6c4e8	CC0-1.0
sample	public/samples/levain/cello/pizzT_F2_v1_RR2.wav	Strings/Cello Section/pizzT/pizzT_F2_v1_RR2.wav	69b5bd25c32e439c69df8ce0623d767bcc98fd08	f8a1804d48d1b0dfc48ec63e8f8de07834ed1efc83fa9a25584bc295235cc196	CC0-1.0
sample	public/samples/levain/cello/pizzT_F2_v2_RR1.wav	Strings/Cello Section/pizzT/pizzT_F2_v2_RR1.wav	20c6e50e4f6e6d4e677a66989de22ebe44af9707	eb5b95b1f7b22370ad00713db544f2eb3cae6b70a29fcaf673c54d485e73c8a3	CC0-1.0
sample	public/samples/levain/cello/pizzT_F2_v2_RR2.wav	Strings/Cello Section/pizzT/pizzT_F2_v2_RR2.wav	d172b1efd4ed288c0be128c1360583756a5d04bd	2114b5d349fad4c99ae5cc12080dc0fb838490fb9f79b707446d9a5e59826859	CC0-1.0
sample	public/samples/levain/cello/pizzT_F4_v1_RR1.wav	Strings/Cello Section/pizzT/pizzT_F4_v1_RR1.wav	24895de3e0d59db4ba2f2905777d1d4cb1f3242f	0bb67ae171aa7f8a5a1caa6072ec9b5a858622881ad4efc42fb609d7f6015505	CC0-1.0
sample	public/samples/levain/cello/pizzT_F4_v1_RR2.wav	Strings/Cello Section/pizzT/pizzT_F4_v1_RR2.wav	ece05cdbcb43e57d592e819806fe323395b68666	ab8363414cd632add810a88b62f7e2d1f3a3cb1817b83212c6354e2f98c4ddca	CC0-1.0
sample	public/samples/levain/cello/pizzT_F4_v2_RR1.wav	Strings/Cello Section/pizzT/pizzT_F4_v2_RR1.wav	5a5d41fbab07b45e1c15f8332ad3a9be98d9087c	a0d172b71a6f33890ba5212485e9a23dcc8982bf8ba78b1031c97f3cd419c2a3	CC0-1.0
sample	public/samples/levain/cello/pizzT_F4_v2_RR2.wav	Strings/Cello Section/pizzT/pizzT_F4_v2_RR2.wav	3103fe64aa82efa50834f8060e6f869c70e74786	1906061298d316ab7796101b089325218e9b44e8cfb7f0447b24ad85ec24616a	CC0-1.0
sample	public/samples/levain/cello/pizzT_G1_v1_RR1.wav	Strings/Cello Section/pizzT/pizzT_G1_v1_RR1.wav	7a2e62d4053cf9d0260ededbe1b97b1963cdd1e0	4bfeddd80e7dd07d71f627d16b7458231c6b14118b8b8b3fe039ba8b73d88236	CC0-1.0
sample	public/samples/levain/cello/pizzT_G1_v1_RR2.wav	Strings/Cello Section/pizzT/pizzT_G1_v1_RR2.wav	1f424612f211f3360db750f4f1cbd5c7c25b6812	5adede63f128d450b1f63a5cc306a5fc8405b6cedee0de90b589df8a9830dfc6	CC0-1.0
sample	public/samples/levain/cello/pizzT_G1_v2_RR1.wav	Strings/Cello Section/pizzT/pizzT_G1_v2_RR1.wav	9e6b7510899020e0deffdf7cd84ebc207057ec27	a12366cff3dd68c4a1622bd504161caa9ed18d23f9d03ed413936a0829188cf1	CC0-1.0
sample	public/samples/levain/cello/pizzT_G1_v2_RR2.wav	Strings/Cello Section/pizzT/pizzT_G1_v2_RR2.wav	dc1935483eda7148f8db4cc3b62d0f6dce23a4d6	0d56d33e6665fd25f7d2aa7e97cc918fe26ab81a956cfefcadd6e17a4f116193	CC0-1.0
sample	public/samples/levain/cello/pizzT_G3_v1_RR1.wav	Strings/Cello Section/pizzT/pizzT_G3_v1_RR1.wav	3e51a603e5395b476a41ebdcf91e2b6902fe5bfd	e97f815fbeea50ad5dab06ac6f6f435e7df8981556a38a9a69194900ff2c2b5b	CC0-1.0
sample	public/samples/levain/cello/pizzT_G3_v1_RR2.wav	Strings/Cello Section/pizzT/pizzT_G3_v1_RR2.wav	11b3dbf3c78e4ba6138d74a7001731d26f448a65	bf3df3868e78d086238c9cbee6721a9c92c3d311d789db863daf9540077c713a	CC0-1.0
sample	public/samples/levain/cello/pizzT_G3_v2_RR1.wav	Strings/Cello Section/pizzT/pizzT_G3_v2_RR1.wav	2aee48b5212697b6c897260d25c3ad31f6b8e8aa	6c2baf71b5fd733bc8c86e7eed625f3eefae85dedd7952f0d1e9fd812c75347a	CC0-1.0
sample	public/samples/levain/cello/pizzT_G3_v2_RR2.wav	Strings/Cello Section/pizzT/pizzT_G3_v2_RR2.wav	b9ff26a22c79a87e0967bea0a871c9c4dfd12b69	7d8f5c99d87f2adb23156322e0e13cbff594495c7850d041cdd2ea2b9a535d6a	CC0-1.0
sample	public/samples/levain/cello/spic_A2_v1_RR1.wav	Strings/Cello Section/spic/spic_A2_v1_RR1.wav	01ed4d069a05a5077d0744c08db9af7c152702a6	9d7cde1e9785f468091783946954c390556b72f1e80098f69b0cab38fd64ed08	CC0-1.0
sample	public/samples/levain/cello/spic_A2_v1_RR2.wav	Strings/Cello Section/spic/spic_A2_v1_RR2.wav	5ab7f2a2748a9c2c5544339393e04e2a15a12405	d465597ad9b4ca4ae97b7a510e21fed0376de99654708251c065eea8e1a27fd6	CC0-1.0
sample	public/samples/levain/cello/spic_A2_v2_RR1.wav	Strings/Cello Section/spic/spic_A2_v2_RR1.wav	6023bf05728d62289c152b3deb52f0e194dbf146	a0f0d6a225e5a31debd902b518b96987b322e064bd38c29f891196c06ed4b7be	CC0-1.0
sample	public/samples/levain/cello/spic_A2_v2_RR2.wav	Strings/Cello Section/spic/spic_A2_v2_RR2.wav	6cf453f636aec69acaf3a67540560a6fb1b3a0c3	ddec2ced000c1e948a32c9d4d1dc8625ff52c60fd37df89948aace604c736df2	CC0-1.0
sample	public/samples/levain/cello/spic_B1_v1_RR1.wav	Strings/Cello Section/spic/spic_B1_v1_RR1.wav	fdecb0155c8203ab685159463ed1bd64f853e98f	f0c46e179f8b76c07097ff6ae1fe7582b05865cdbb6ff3bba9bec51c68fcb99f	CC0-1.0
sample	public/samples/levain/cello/spic_B1_v1_RR2.wav	Strings/Cello Section/spic/spic_B1_v1_RR2.wav	6e4aec99a9c0d7ae0304e9074f9892fd038c28e1	43e7f6f85ca9786063853f2d285918937e446cc076be032db1fbbf4434ff24e2	CC0-1.0
sample	public/samples/levain/cello/spic_B1_v2_RR1.wav	Strings/Cello Section/spic/spic_B1_v2_RR1.wav	7ea6d7230a2c6c29cd6750c9ff3357edb6621ee5	3883a65c6d301bf6f61b21d5ec6e27f9740ba219b5b022a9e5f3a67c62aeaa2a	CC0-1.0
sample	public/samples/levain/cello/spic_B1_v2_RR2.wav	Strings/Cello Section/spic/spic_B1_v2_RR2.wav	3e68292dfe615f66e42cb2da40486beec4675e80	d59af5e67b221405d69294434f72b2e3523cbf88f378bc888136839a5f4eff7a	CC0-1.0
sample	public/samples/levain/cello/spic_B3_v1_RR1.wav	Strings/Cello Section/spic/spic_B3_v1_RR1.wav	5ad1734300412278953e53b4003cb46c6dd2c81c	0d2f987a793e93bd956d9dffce46ef557a6f6de1d82f699fe8b1f0697b4116f1	CC0-1.0
sample	public/samples/levain/cello/spic_B3_v1_RR2.wav	Strings/Cello Section/spic/spic_B3_v1_RR2.wav	c5710589c9a29deb66f170d97893bca670c34ab0	2645d091325cb9ab6e5e5bd041db4804899e757f02b57a6f002ae23b8a2574d0	CC0-1.0
sample	public/samples/levain/cello/spic_B3_v2_RR1.wav	Strings/Cello Section/spic/spic_B3_v2_RR1.wav	15154d7fc1daef5b3a64ae37fe131a07c0264d92	94323b0e1489234b9d01733571404302de5b04b583f817d4ff9497fd1e6b92eb	CC0-1.0
sample	public/samples/levain/cello/spic_B3_v2_RR2.wav	Strings/Cello Section/spic/spic_B3_v2_RR2.wav	aee9180f6955adcbb3a616772a53ef898824cb81	3df455a0d305a203508d6ad3a98761b7e160ff825dd96709f2c43534585679b8	CC0-1.0
sample	public/samples/levain/cello/spic_C1_v1_RR1.wav	Strings/Cello Section/spic/spic_C1_v1_RR1.wav	6a4fa67a26dd26715083cfd79967695edac31e06	3c583eb33a74d04a51a12a933bc9c6b8cf5af0d828f14d374791d8a5c98a06d5	CC0-1.0
sample	public/samples/levain/cello/spic_C1_v1_RR2.wav	Strings/Cello Section/spic/spic_C1_v1_RR2.wav	4a586d8c0a6238a46b5d349316add9f2a02c03e9	61d4f046df040b0ed911b170e5709e5c098483434012996805f4e36928150678	CC0-1.0
sample	public/samples/levain/cello/spic_C1_v2_RR1.wav	Strings/Cello Section/spic/spic_C1_v2_RR1.wav	a8bd5d4e51a6c38c7ce1949cd1b50850eecb51e6	92de035cdbfab6e41f94115b2c23716a9e93554a4c23c1cc4b946f7492d9c927	CC0-1.0
sample	public/samples/levain/cello/spic_C1_v2_RR2.wav	Strings/Cello Section/spic/spic_C1_v2_RR2.wav	4ac53906d49989bb98b5c0deb549e1f2c33c9dea	3ddc16dc8f2a95c80388e20ebaa2e5a418bc66255927dd8b2b92cc0e4976f045	CC0-1.0
sample	public/samples/levain/cello/spic_C3_v1_RR1.wav	Strings/Cello Section/spic/spic_C3_v1_RR1.wav	cc9f933429d125d89238c28baa48ff64819563d0	c8975c2759af1875a70cd645b3d455ff32b12683af3d6c4827439afb62960936	CC0-1.0
sample	public/samples/levain/cello/spic_C3_v1_RR2.wav	Strings/Cello Section/spic/spic_C3_v1_RR2.wav	d2ca393681c67a3f8de9a6a332ae253396f50350	6ff73a0d8c6c3435b7aca8fd9216a38c2a0a9c9ac59ba5e85821e39bab8cd48b	CC0-1.0
sample	public/samples/levain/cello/spic_C3_v2_RR1.wav	Strings/Cello Section/spic/spic_C3_v2_RR1.wav	44110289cbce539a41aabc50f6d48a665f563198	278a14177cd3ffffc5418e403d9583af22778a8ce8fc548f88ea707e044a62d4	CC0-1.0
sample	public/samples/levain/cello/spic_C3_v2_RR2.wav	Strings/Cello Section/spic/spic_C3_v2_RR2.wav	ca63b74ef7bff88e4ed632f6032ead210f562079	8ac75e28eaeaf48e92c536bf16b01eaa6b21172a0072cf96650a0e80cb443438	CC0-1.0
sample	public/samples/levain/cello/spic_D2_v1_RR1.wav	Strings/Cello Section/spic/spic_D2_v1_RR1.wav	d5424a07cdfa0213020f9d9b042baf25adca8e93	6fe41bb3cf9212480ce2e856b5da3971267f75d64b629e90224cc9c6deeb1cb2	CC0-1.0
sample	public/samples/levain/cello/spic_D2_v1_RR2.wav	Strings/Cello Section/spic/spic_D2_v1_RR2.wav	2257d013d9bef0761c28418069e69a95b7601486	2bbe3fe396003bb294b9051d2d5f206d850bca129a748e9328b16dc893d7bdc3	CC0-1.0
sample	public/samples/levain/cello/spic_D2_v2_RR1.wav	Strings/Cello Section/spic/spic_D2_v2_RR1.wav	feaa6ecee38e4b5dd478aaf88c2cb1264cc45c4c	c647723304b5f4b2d3af02739017e38bc4e85244c15355ebd6f8443c1445b5ab	CC0-1.0
sample	public/samples/levain/cello/spic_D2_v2_RR2.wav	Strings/Cello Section/spic/spic_D2_v2_RR2.wav	7566f8e267570edcdcf2e1b8069b4e30baaef610	798af63a9273d686805c94427fe977c13362ba3263357ba5f1ec7db38efc628e	CC0-1.0
sample	public/samples/levain/cello/spic_D4_v1_RR1.wav	Strings/Cello Section/spic/spic_D4_v1_RR1.wav	ce1cadfcdfe3929b5990b51f3b5afa446d5c3df6	0a6c8cc03852ced0e13eef2b9290b3ab6b9bd96be6a8aea50af09c86301e89b7	CC0-1.0
sample	public/samples/levain/cello/spic_D4_v1_RR2.wav	Strings/Cello Section/spic/spic_D4_v1_RR2.wav	f75159a874b88ba43971ccea9acd9ee61859faf6	0c6da46539bb4e17b8225a5a49df3d45bfcb6985ce277c0f88eebd44f441c004	CC0-1.0
sample	public/samples/levain/cello/spic_D4_v2_RR1.wav	Strings/Cello Section/spic/spic_D4_v2_RR1.wav	d5eb423d25f48568b93920bc173d1c46b14c59be	bbfcd62bd98a45a5f5f323e2c35d22c05aeb715b25c3e3cda87b6811c3753e73	CC0-1.0
sample	public/samples/levain/cello/spic_D4_v2_RR2.wav	Strings/Cello Section/spic/spic_D4_v2_RR2.wav	3de3959626e350483ab308ee73d1e522bf3cc619	faf9b8c4e4746adc95984488a99ac314d3ea22d0fe7e26f8bf5811c351cde42f	CC0-1.0
sample	public/samples/levain/cello/spic_E1_v1_RR1.wav	Strings/Cello Section/spic/spic_E1_v1_RR1.wav	3f0d96a12f2113b45e8d0233f6b46cb8a6990098	c826628be6c5270374fd6ccda92dcc3c1da98aaadcde324839d5e83ba16483b0	CC0-1.0
sample	public/samples/levain/cello/spic_E1_v1_RR2.wav	Strings/Cello Section/spic/spic_E1_v1_RR2.wav	f03bd7f7287388076a058a48db359dc527c94497	526af2294def3dcaf27ca20156579074995f65fca22604a48bf08efe3aead497	CC0-1.0
sample	public/samples/levain/cello/spic_E1_v2_RR1.wav	Strings/Cello Section/spic/spic_E1_v2_RR1.wav	9d40bd22e27a51218e404019a2b5920529cb2015	c7fec3551d21e326c2478ce9073cf8239485de835042c01e34c85fd692bf1ff4	CC0-1.0
sample	public/samples/levain/cello/spic_E1_v2_RR2.wav	Strings/Cello Section/spic/spic_E1_v2_RR2.wav	aa826bae797c1c9b5a4191859fd65321c93949c0	3ef89c9e64a719046cc77dd06af6cda941d0dace8556e24d6bf3ae12fc00a735	CC0-1.0
sample	public/samples/levain/cello/spic_E3_v1_RR1.wav	Strings/Cello Section/spic/spic_E3_v1_RR1.wav	4d3a8ed35407f94b2681cb63edb88bb54ffef3c7	d0892cccc8140bc6edfada3852f43f11b626f0bc43fb124189444a4208486a5d	CC0-1.0
sample	public/samples/levain/cello/spic_E3_v1_RR2.wav	Strings/Cello Section/spic/spic_E3_v1_RR2.wav	74f6d2222e5e0a673852d22c34c70f15c84d785f	4056eaa1bf6ef6dc306143358a83a2e0f7106e8480abd4fbf16593096d08c329	CC0-1.0
sample	public/samples/levain/cello/spic_E3_v2_RR1.wav	Strings/Cello Section/spic/spic_E3_v2_RR1.wav	fd37800c131511727ba9f633b14e3d6ddd9bd472	1daf39c60a6c83dfa941418a2ab51328f79ae738fe7c3e302e8395774eac8681	CC0-1.0
sample	public/samples/levain/cello/spic_E3_v2_RR2.wav	Strings/Cello Section/spic/spic_E3_v2_RR2.wav	8053f186261fb4247bdc5932c9cc932ca01ab7af	38ba726d9c4d30870b84e06caad28fc39f84458dee439ccb016df4bbdc743809	CC0-1.0
sample	public/samples/levain/cello/spic_F2_v1_RR1.wav	Strings/Cello Section/spic/spic_F2_v1_RR1.wav	0e2f2654ecdedcf68f9c1b87985025fac5443a9d	3ca1e1707f47e375f525f2862deba0fef9bd75e95299d029612560a9382a8aee	CC0-1.0
sample	public/samples/levain/cello/spic_F2_v1_RR2.wav	Strings/Cello Section/spic/spic_F2_v1_RR2.wav	b3a928c5183452964d7924dce232e30d671354f5	5dec541489fa59fe92e3ed2eecf0a001a123f9303e835cb137e2025f84cfaabc	CC0-1.0
sample	public/samples/levain/cello/spic_F2_v2_RR1.wav	Strings/Cello Section/spic/spic_F2_v2_RR1.wav	3c0258c27207d83e8f932c732c74534b077e3c08	840ea94753ece4334d62da823cd74a83c3fc8ff28166ff8a71f589d75fc6e591	CC0-1.0
sample	public/samples/levain/cello/spic_F2_v2_RR2.wav	Strings/Cello Section/spic/spic_F2_v2_RR2.wav	a383e1f075923e4452286f07b4c1a2aae7b9a0b7	f00536e596eadd7b61f944f812e7d08683ee0d7ddfedac6573516657585dfbbe	CC0-1.0
sample	public/samples/levain/cello/spic_F4_v1_RR1.wav	Strings/Cello Section/spic/spic_F4_v1_RR1.wav	495455b4beaceb03b3b6a82581dbba80e1f55084	bba1a88682ff245f5a32bc7757f2351b15ff1b2d806c87e640fcff18c3006a48	CC0-1.0
sample	public/samples/levain/cello/spic_F4_v1_RR2.wav	Strings/Cello Section/spic/spic_F4_v1_RR2.wav	48cd5dc529137258bb24ddce10830aac476c5168	12c8fe9eedecfdf739f7f57a45e4f1fd93b9a52fb3f9fb3a5ca6bb4b001e044f	CC0-1.0
sample	public/samples/levain/cello/spic_F4_v2_RR1.wav	Strings/Cello Section/spic/spic_F4_v2_RR1.wav	a35d1c7ef09388d1e047f89c6410aa8b320a8ef0	bae94c2ee8f140997542b60d0aaea722b63dfec6700ca1a783b46ae7466bc4f1	CC0-1.0
sample	public/samples/levain/cello/spic_F4_v2_RR2.wav	Strings/Cello Section/spic/spic_F4_v2_RR2.wav	109c3ea50bc7d1be36dc9f034aa3f09ca7a121cb	b54fbb9f59fe043210fff288508f966f6e8aaf65309a920856fd39702e97788f	CC0-1.0
sample	public/samples/levain/cello/spic_G1_v1_RR1.wav	Strings/Cello Section/spic/spic_G1_v1_RR1.wav	48331d770d78700e7681f681e99876531a07ce99	62ad206529cfa2ea5630042f2d23f6442afd1f008435a2c5e79f1b8bc924d3ec	CC0-1.0
sample	public/samples/levain/cello/spic_G1_v1_RR2.wav	Strings/Cello Section/spic/spic_G1_v1_RR2.wav	dc77aef2b1562bbf2e7cbf7ce886fe94b32647d3	455fac92edf6c972c06b9c4e2c99987274bc3c2ccf4b1ea937ab914dea45e891	CC0-1.0
sample	public/samples/levain/cello/spic_G1_v2_RR1.wav	Strings/Cello Section/spic/spic_G1_v2_RR1.wav	373cf1dd9138334460fe9c108e31a3a257d22497	7f536c013e9e24c0cde3577416bf27111b741fd331a0d041ff75e53eaa6102fa	CC0-1.0
sample	public/samples/levain/cello/spic_G1_v2_RR2.wav	Strings/Cello Section/spic/spic_G1_v2_RR2.wav	e09e531c9a46ac44547c6c040dc7073c12e8c3d3	cfdd4fae88dd559359ef65836663cf8d324f2f1f4bd81e2bc6f4e751251244c5	CC0-1.0
sample	public/samples/levain/cello/spic_G3_v1_RR1.wav	Strings/Cello Section/spic/spic_G3_v1_RR1.wav	f206574780f7e1661c050244a36a198de0cff4b4	aac27cd80015ace78dc9024ddce88932ca6b725dc13c8b7ee11fd30ce26a1bb8	CC0-1.0
sample	public/samples/levain/cello/spic_G3_v1_RR2.wav	Strings/Cello Section/spic/spic_G3_v1_RR2.wav	ea163e3f86478b12c06ddab17b9fab7e5845110a	2261707d07ba63532b3d3d3f1d920bce41fd3cbd85ede7500cda498988d4b29e	CC0-1.0
sample	public/samples/levain/cello/spic_G3_v2_RR1.wav	Strings/Cello Section/spic/spic_G3_v2_RR1.wav	6b4769050f1e77567fd60c15d7318e96b5ebbef1	adedb635e08e72f6e06e31dc1355edca528de2753f06eea271ec004e6a3b44f5	CC0-1.0
sample	public/samples/levain/cello/spic_G3_v2_RR2.wav	Strings/Cello Section/spic/spic_G3_v2_RR2.wav	10fb31cd9f4829f11a0e1747dfd8e0dd47dfb81e	56f59a67ac8ec56ce37b0de04ecb8bc1b86570660e55553a6e70a79cc81dee9e	CC0-1.0
sample	public/samples/levain/cello/susvib_A2_v1_1.wav	Strings/Cello Section/susvib/susvib_A2_v1_1.wav	76df6b474aff133b2ac9d96bf2466cb6fd865c72	c97a003184fdcb153d6b6c0bae8d82a90592a1b04b06bd7caaeda8b9776d5284	CC0-1.0
sample	public/samples/levain/cello/susvib_A2_v3_1.wav	Strings/Cello Section/susvib/susvib_A2_v3_1.wav	ad696c6ad3cbacb37b6d9cf4f26da4a54521e7ce	b7f226f19b9616abe5fa4a27ef50116667e19eb0127f30eacfa6d1a83e9149f0	CC0-1.0
sample	public/samples/levain/cello/susvib_B1_v1_1.wav	Strings/Cello Section/susvib/susvib_B1_v1_1.wav	d6a4a2d1a688c6ccb4e1e1a56b878c9c93df468b	4f95c087c4b8d87ee591e9d39c3c9caf085c6f1b9125eac3ca9e4e637da628ee	CC0-1.0
sample	public/samples/levain/cello/susvib_B1_v3_1.wav	Strings/Cello Section/susvib/susvib_B1_v3_1.wav	56c81412c60a2b04b8556dfa26a7e0127357c5cb	8331a0e13f41243efab111f9b5e9185524c27ee48631269acecafc954ab7eaa8	CC0-1.0
sample	public/samples/levain/cello/susvib_B3_v1_1.wav	Strings/Cello Section/susvib/susvib_B3_v1_1.wav	16d846690d7c4d385f3cfc8f1fe25873d6bd5b01	bd25d66c1c4e73f5827bf3b931244e51ec8388594d8004529a762be81258097f	CC0-1.0
sample	public/samples/levain/cello/susvib_B3_v3_1.wav	Strings/Cello Section/susvib/susvib_B3_v3_1.wav	3b1685e657db57bd71c979da8c2d9d35d2d0d197	1c8b571516ac503df871bbea74756dfc3813b4bc10a76921d231afb0175cdbf1	CC0-1.0
sample	public/samples/levain/cello/susvib_C1_v1_1.wav	Strings/Cello Section/susvib/susvib_C1_v1_1.wav	ff87d1ae488d87189f33a0d18550d3bcde012f3d	abdcea431f384e135c469b0f3e4ac2a437f282f521dc5bcbe22abc221536e8de	CC0-1.0
sample	public/samples/levain/cello/susvib_C1_v3_1.wav	Strings/Cello Section/susvib/susvib_C1_v3_1.wav	d3820a6d57daf9a202a000bff0fa082a3f77acf6	19195ab85ab71626bd11e7100febdaeeba1c237ff5887b934fd0ffd8dfad82cb	CC0-1.0
sample	public/samples/levain/cello/susvib_C3_v1_1.wav	Strings/Cello Section/susvib/susvib_C3_v1_1.wav	73ccb5dc2cc2a07926a1c41aa3c5621b19f420bf	a614ee7ca821b44660236e47b89620cf914ec6ad27a99bc0d9764f47dbe512e1	CC0-1.0
sample	public/samples/levain/cello/susvib_C3_v3_1.wav	Strings/Cello Section/susvib/susvib_C3_v3_1.wav	a192845091cb8e669c72d3ff4a88eb1c5968e626	51e884d54eea3bf4ba7ee35289a09f15ddb6a52cd849248d01bf18477ccbd07b	CC0-1.0
sample	public/samples/levain/cello/susvib_D2_v1_1.wav	Strings/Cello Section/susvib/susvib_D2_v1_1.wav	8076f809d4f6a8057f3835e12d22751a25e39252	e8640dec9febc6e39fcf06b19d2c95a85d5ff8c38f13c9879e69f551eaf38ab8	CC0-1.0
sample	public/samples/levain/cello/susvib_D2_v3_1.wav	Strings/Cello Section/susvib/susvib_D2_v3_1.wav	fdb46242bb68876ad275b9b8ed10c4b8508b9292	fc946615cd6550570c8f05d61c0d59b9079bf9daba8bf25be7943487fea5a7ae	CC0-1.0
sample	public/samples/levain/cello/susvib_D4_v1_1.wav	Strings/Cello Section/susvib/susvib_D4_v1_1.wav	e1125afc13def9b43e4612cdcebd11b99fce20cc	b4aa3a7fec1f0e783fa560f493868c17045feb271738e3d6834d1b00594b1c38	CC0-1.0
sample	public/samples/levain/cello/susvib_D4_v3_1.wav	Strings/Cello Section/susvib/susvib_D4_v3_1.wav	9189549dab9d3e0928fc7e42f94c04d66d28c52b	2ea7f580738dbcf143b9c9f72703071aa7a8f6bfa33cdd2c2e5da961df1805bb	CC0-1.0
sample	public/samples/levain/cello/susvib_E1_v1_1.wav	Strings/Cello Section/susvib/susvib_E1_v1_1.wav	fcd27d29a8c0d520539cef6aad659bf9006ae730	de31a61b02d4e1d5a79b8bc432b0f35fe2e434290ad34402cc0f2dd7dc278cde	CC0-1.0
sample	public/samples/levain/cello/susvib_E1_v1_2.wav	Strings/Cello Section/susvib/susvib_E1_v1_2.wav	d5756d400ce67b25c332e04061dd9f32dc89d283	3f8c250028d5364fc9c5584ad204d7a1d4c8c02ae41e90ad482e7b0d7d1bc674	CC0-1.0
sample	public/samples/levain/cello/susvib_E1_v3_1.wav	Strings/Cello Section/susvib/susvib_E1_v3_1.wav	666f0d1ba1a76133c12c9859222c1c7094b613cf	ee190b95be4f2416b9f41d248d255a4d7067b722f9b21482b30bc9872a9bb0d1	CC0-1.0
sample	public/samples/levain/cello/susvib_E3_v1_1.wav	Strings/Cello Section/susvib/susvib_E3_v1_1.wav	63f4d6df3a25fb95f417b5d45b5f8bf6a11107bf	d2f961e30bf64021cf4acbd88e0e7a1fd1840943ae78c62a711bcce3d109216e	CC0-1.0
sample	public/samples/levain/cello/susvib_E3_v3_1.wav	Strings/Cello Section/susvib/susvib_E3_v3_1.wav	7711cb67795d692b0d732eb8fd234c41d5980f42	24a7ffdc23087026c4ef2d421441253c71490df9cf0757e93ffb14b4e61481ef	CC0-1.0
sample	public/samples/levain/cello/susvib_F2_v1_1.wav	Strings/Cello Section/susvib/susvib_F2_v1_1.wav	78f52c49ddc8a357657d92b05cd89f15beb6c717	162054eab4ba118924f8f8986cf1b17ccfd65211d1945743ffbae30b4953f901	CC0-1.0
sample	public/samples/levain/cello/susvib_F2_v3_1.wav	Strings/Cello Section/susvib/susvib_F2_v3_1.wav	a384e84a342ab9be12ca55b92c845a3c351b75bf	d965197faf2e6ab8675f1d65505e5ba934a5ab769412d314bad94133e18f24d0	CC0-1.0
sample	public/samples/levain/cello/susvib_F4_v1_1.wav	Strings/Cello Section/susvib/susvib_F4_v1_1.wav	7f39cccecb392eaa0ff4c94e3607dc2294458a30	a9888547b4b684c7649a882e693d61964848f18401a18e4646a8449b40c08bad	CC0-1.0
sample	public/samples/levain/cello/susvib_F4_v3_1.wav	Strings/Cello Section/susvib/susvib_F4_v3_1.wav	074f12a91124e13ea0e4fb34d9ecbe7279ec0806	24ea4a0f892cb60c4a52d6a5b1ef8281e4e9a9f78b5f938e078da7cbbfd5ba19	CC0-1.0
sample	public/samples/levain/cello/susvib_G1_v1_1.wav	Strings/Cello Section/susvib/susvib_G1_v1_1.wav	42a2731d11a4749c3026f0618e21a8c9370c2024	9e5d24e8e28d6c7f650f9bb2b33d43c13e341a8bd33124c64e23881378b181ba	CC0-1.0
sample	public/samples/levain/cello/susvib_G1_v3_1.wav	Strings/Cello Section/susvib/susvib_G1_v3_1.wav	35971538059e18b8f38cdc556630967777a0a0d5	e4c61d4ab855ec20ddb69ff608a1c066ff8a779ddd08d1dfe1d534d3a4563ad0	CC0-1.0
sample	public/samples/levain/cello/susvib_G3_v1_1.wav	Strings/Cello Section/susvib/susvib_G3_v1_1.wav	7880157fbb8e57fb0b7a694b8569701bc0d942ea	8d658346b8d2054fd534b3222b5d7a23196d22a83a68c3a04ffb76b21853a3db	CC0-1.0
sample	public/samples/levain/cello/susvib_G3_v3_1.wav	Strings/Cello Section/susvib/susvib_G3_v3_1.wav	732d0c80596fdfc593f55b5a24f65c07cd3191cd	17df597c259a849870aa25e9fbfa6093371851f83ba7b9deb9cb9e1ec11463a7	CC0-1.0
sample	public/samples/levain/clarinet/DCClar_stac_A#2_v1_rr1_sum.wav	Woodwinds/Clarinet/stac/DCClar_stac_A#2_v1_rr1_sum.wav	8e204e51e6821182479ee9da0524bbd9de881a56	7b189aa8a3a8f5fd1d08152d7377c7d2fdc8f490b97360b8194b4f3e606c3743	CC0-1.0
sample	public/samples/levain/clarinet/DCClar_stac_A#2_v1_rr2_sum.wav	Woodwinds/Clarinet/stac/DCClar_stac_A#2_v1_rr2_sum.wav	a12e429978d2e905397463952834ddbd0ff438d6	a6e292260a175ab95b121402e429f53f0b4c2cbea6ca43e1cb07f29ff90b8674	CC0-1.0
sample	public/samples/levain/clarinet/DCClar_stac_A#2_v2_rr1_sum.wav	Woodwinds/Clarinet/stac/DCClar_stac_A#2_v2_rr1_sum.wav	ad969a7692cc00d47902b2544c77fed82dbd2c6f	db1ed41aed911f7148a08c8c74b2bcac056c68f0bb4a32d589a928585bc9d6b0	CC0-1.0
sample	public/samples/levain/clarinet/DCClar_stac_A#2_v2_rr2_sum.wav	Woodwinds/Clarinet/stac/DCClar_stac_A#2_v2_rr2_sum.wav	e198a7d79c06106ffae1366698852d47ea4ff01e	003155b931aaebfec089b9823c8bc903147f3b6d8d9a98878af8e421bef0230d	CC0-1.0
sample	public/samples/levain/clarinet/DCClar_stac_A#2_v3_rr1_sum.wav	Woodwinds/Clarinet/stac/DCClar_stac_A#2_v3_rr1_sum.wav	7b33fd7d87a5d2c9a545743d9b05a917c9883be3	f63242a3e71269f387eef432dd419d6e4b63b4a558dd3695a3c49bb6eabc2c5e	CC0-1.0
sample	public/samples/levain/clarinet/DCClar_stac_A#2_v3_rr2_sum.wav	Woodwinds/Clarinet/stac/DCClar_stac_A#2_v3_rr2_sum.wav	56981b94da9d2cd9b675cab138ab57e0bcd476db	e0da437154dbff49447f416a66247211ce91b6aa403a05b08fd702b7787b8db4	CC0-1.0
sample	public/samples/levain/clarinet/DCClar_stac_A#3_v1_rr1_sum.wav	Woodwinds/Clarinet/stac/DCClar_stac_A#3_v1_rr1_sum.wav	1d64739ac14897f9bed78f0f817641e37446aec0	502b786af28107bde66d78a000edc14705f512dc1aa07bc03de4ff1bccf1d729	CC0-1.0
sample	public/samples/levain/clarinet/DCClar_stac_A#3_v1_rr2_sum.wav	Woodwinds/Clarinet/stac/DCClar_stac_A#3_v1_rr2_sum.wav	2dc1266c7b8facbebbca7b2d493e3deb9039a2d4	e166dc75df4447d8f07aa5915175ab38c9195929377b5e94a34245febf0383f8	CC0-1.0
sample	public/samples/levain/clarinet/DCClar_stac_A#3_v2_rr1_sum.wav	Woodwinds/Clarinet/stac/DCClar_stac_A#3_v2_rr1_sum.wav	3b76ffe7306ee10cec51da68441dc68aed73d4b4	1461ca3338c041c893957498a11480d7b9caa6112e9c991bc4667a22ff8a61df	CC0-1.0
sample	public/samples/levain/clarinet/DCClar_stac_A#3_v2_rr2_sum.wav	Woodwinds/Clarinet/stac/DCClar_stac_A#3_v2_rr2_sum.wav	ae7537ac099fc27d001dee335517862c2ac9316b	558f2d5487dd02de5f8b5fe7d7c4bfa9ec36d7705a344bb0bbf2a5076b54160d	CC0-1.0
sample	public/samples/levain/clarinet/DCClar_stac_A#3_v3_rr1_sum.wav	Woodwinds/Clarinet/stac/DCClar_stac_A#3_v3_rr1_sum.wav	23ee0ea355f2bca5632b1f6cf3bc506919c248d6	8de93277e8d4a52d37723b4ea929d3235eb8fabdcdd9222675542d4fbb67c26a	CC0-1.0
sample	public/samples/levain/clarinet/DCClar_stac_A#3_v3_rr2_sum.wav	Woodwinds/Clarinet/stac/DCClar_stac_A#3_v3_rr2_sum.wav	67bb9ccc457e926986fd4fba52b55ec733d93885	e06dc8d1b9912bb7fd253f5b050ea60d592ee5f7045e7d281106aea8292e37d0	CC0-1.0
sample	public/samples/levain/clarinet/DCClar_stac_A#4_v1_rr1_sum.wav	Woodwinds/Clarinet/stac/DCClar_stac_A#4_v1_rr1_sum.wav	6d3ef3420e297cc1fae9fd77dac5b7a9957ea5fb	2ca2e962c6a478feccc2d6ae97db0c3112bb88390e6238d867a02efe58e8e9d1	CC0-1.0
sample	public/samples/levain/clarinet/DCClar_stac_A#4_v1_rr2_sum.wav	Woodwinds/Clarinet/stac/DCClar_stac_A#4_v1_rr2_sum.wav	855c14d97061ea9ba87c46b991344d22cde6b240	28e0eecc4aae957185f5381ce183a1a927c39824d0a76ff5829666f666a0f414	CC0-1.0
sample	public/samples/levain/clarinet/DCClar_stac_A#4_v2_rr1_sum.wav	Woodwinds/Clarinet/stac/DCClar_stac_A#4_v2_rr1_sum.wav	e16969d2bcb5432ba1ed0ce542d513c8cbe0a113	b498829247cbd00089d92a5636ab673b2f0a5f977c4754f71360d58f24c9f07a	CC0-1.0
sample	public/samples/levain/clarinet/DCClar_stac_A#4_v2_rr2_sum.wav	Woodwinds/Clarinet/stac/DCClar_stac_A#4_v2_rr2_sum.wav	b6fb39c7e60971de354f6f40bf0fd7c96ed5d2dd	60a47b700781088f934a598e582bb2a8ddc4ab5201bbb88618e793d39cae6137	CC0-1.0
sample	public/samples/levain/clarinet/DCClar_stac_A#4_v3_rr1_sum.wav	Woodwinds/Clarinet/stac/DCClar_stac_A#4_v3_rr1_sum.wav	30d19c8a7937acb797fe2e8df0d201dd6805a3d2	7eb645355b9b8a09a1e6c819e37fe4c726c3129364e40c6f9fc6f3e70bb170de	CC0-1.0
sample	public/samples/levain/clarinet/DCClar_stac_A#4_v3_rr2_sum.wav	Woodwinds/Clarinet/stac/DCClar_stac_A#4_v3_rr2_sum.wav	f10e306eed5ce13b8bcf159e0b549bbea7ffde82	901bdf950b17714db939300c21379847436e7cbdec8f61761caa491b9f8e3de3	CC0-1.0
sample	public/samples/levain/clarinet/DCClar_stac_D2_v1_rr1_sum.wav	Woodwinds/Clarinet/stac/DCClar_stac_D2_v1_rr1_sum.wav	207f69ca8003c63b41328aef948ba1201964ac6d	5730b264624e636e261af60e9939588d9dc603f87adf34c0ef49bcdb4f71fa1c	CC0-1.0
sample	public/samples/levain/clarinet/DCClar_stac_D2_v1_rr2_sum.wav	Woodwinds/Clarinet/stac/DCClar_stac_D2_v1_rr2_sum.wav	e8d1ada067a73c481c4c81ee1cac685a75c98fb9	0941d8e0b631b7b587d0203a81279f1c840848579fc103d1bacc68a7971ea1ec	CC0-1.0
sample	public/samples/levain/clarinet/DCClar_stac_D2_v2_rr1_sum.wav	Woodwinds/Clarinet/stac/DCClar_stac_D2_v2_rr1_sum.wav	7580349cc2aab832adfef800be622165f56fc05e	d9ab058176af0671a3913eb814a01a7dea05d9e128e8fe724ab47fbd2a9b7f60	CC0-1.0
sample	public/samples/levain/clarinet/DCClar_stac_D2_v2_rr2_sum.wav	Woodwinds/Clarinet/stac/DCClar_stac_D2_v2_rr2_sum.wav	e27783e5b349e7da016fcb90df289bc5b6ee3303	7dc717ad90fe1d0421efa28b8e5ec3dd0ab4a550a6544ee47896dda33760f7fb	CC0-1.0
sample	public/samples/levain/clarinet/DCClar_stac_D2_v3_rr1_sum.wav	Woodwinds/Clarinet/stac/DCClar_stac_D2_v3_rr1_sum.wav	cd4533bbc9483d174414a1c77d333e15de3b08b1	e851b6b1410dda92348aebc043053de1e1ba12b0ede62fdfac467cfd90dafe3d	CC0-1.0
sample	public/samples/levain/clarinet/DCClar_stac_D2_v3_rr2_sum.wav	Woodwinds/Clarinet/stac/DCClar_stac_D2_v3_rr2_sum.wav	d364feb266202fce154b4be2e7538c5a88fa8c0c	92399f890b826399c0e0a08eab49b3e2ccf55aecc120594d020d9f1c69530953	CC0-1.0
sample	public/samples/levain/clarinet/DCClar_stac_D3_v1_rr1_sum.wav	Woodwinds/Clarinet/stac/DCClar_stac_D3_v1_rr1_sum.wav	d42f438f95cfaf1aff4752f1845da355593350b5	86f8fcb56a1b89a5e467bb846912c6a001b07b3b3e5cdeacc0e745f7a9feae28	CC0-1.0
sample	public/samples/levain/clarinet/DCClar_stac_D3_v1_rr2_sum.wav	Woodwinds/Clarinet/stac/DCClar_stac_D3_v1_rr2_sum.wav	51b1dda28be2e94b4bcad4c4e42b7a383079116c	b58f04fe4eb46ed124c843d355e6dcdfcc39ca6314de10062055ef4bd21eb275	CC0-1.0
sample	public/samples/levain/clarinet/DCClar_stac_D3_v2_rr1_sum.wav	Woodwinds/Clarinet/stac/DCClar_stac_D3_v2_rr1_sum.wav	39dd33d152d2ee22c2b21a7d927d4dd0ca2159f9	ffd6122784c9acb0e49890955be3130d9634c25b99fed501d03eed4e6d882d98	CC0-1.0
sample	public/samples/levain/clarinet/DCClar_stac_D3_v2_rr2_sum.wav	Woodwinds/Clarinet/stac/DCClar_stac_D3_v2_rr2_sum.wav	427b15b5095b5bfc8995a66a623fc6b51c4424fb	3764f6639bdf0f54dc7abe1216764ecd3a3605595f01d0c56084c439aaa45dae	CC0-1.0
sample	public/samples/levain/clarinet/DCClar_stac_D3_v3_rr1_sum.wav	Woodwinds/Clarinet/stac/DCClar_stac_D3_v3_rr1_sum.wav	890f4fbc6a2d06bbdc466fada3b9bd66ed385c35	1086ee354b1bcd04e09994097b0c63f8ef3a6fffaae497f143843f2bd523163c	CC0-1.0
sample	public/samples/levain/clarinet/DCClar_stac_D3_v3_rr2_sum.wav	Woodwinds/Clarinet/stac/DCClar_stac_D3_v3_rr2_sum.wav	c03bb50baff0a710203a670812bd4af1ae8979b6	0f229fd1bcd3b80ee8a0957d9747594d5a53d6c44bc7421e8b8cca09ee64dbdb	CC0-1.0
sample	public/samples/levain/clarinet/DCClar_stac_D4_v1_rr1_sum.wav	Woodwinds/Clarinet/stac/DCClar_stac_D4_v1_rr1_sum.wav	09a335aec0aa6104edcf63685cd43dc31a19486e	eb4305356c58c5c14e3bcbe24aa888ee361024412016ac02acdda15668387c40	CC0-1.0
sample	public/samples/levain/clarinet/DCClar_stac_D4_v1_rr2_sum.wav	Woodwinds/Clarinet/stac/DCClar_stac_D4_v1_rr2_sum.wav	fd49da708dd7266384b2b241dd307f37e87c0d20	2afe370c01385d1b5a611017a71bc697af4e4dbcc0f8d3433c34cc25be61baa7	CC0-1.0
sample	public/samples/levain/clarinet/DCClar_stac_D4_v2_rr1_sum.wav	Woodwinds/Clarinet/stac/DCClar_stac_D4_v2_rr1_sum.wav	15cae66a6eeaa570819a580f1673d52af9518929	d691b4b3c557a1fe2c3ed674f0264457e801b653ef007ac26cbafbd2b36cbd99	CC0-1.0
sample	public/samples/levain/clarinet/DCClar_stac_D4_v2_rr2_sum.wav	Woodwinds/Clarinet/stac/DCClar_stac_D4_v2_rr2_sum.wav	b5405eaa3fb5297518f0e08a4b295fd9f09164f5	fad7878627c2abf5e0586df61434e1492968d09f91c655ae697fcc0c17641b7e	CC0-1.0
sample	public/samples/levain/clarinet/DCClar_stac_D4_v3_rr1_sum.wav	Woodwinds/Clarinet/stac/DCClar_stac_D4_v3_rr1_sum.wav	e33170237affdce445a484f80315a83a93c80cb9	f181c58a5a9337106722aaf5f1b4e0a9231c6ab74d46444838d914a6af6efcad	CC0-1.0
sample	public/samples/levain/clarinet/DCClar_stac_D4_v3_rr2_sum.wav	Woodwinds/Clarinet/stac/DCClar_stac_D4_v3_rr2_sum.wav	23dd7b8d1a679c1fdad3ff779ff559a13678e8e2	8facca86fa70f3d589d5d984a8a66fee1772d792c5cca6aa9522d8eb7128c7c9	CC0-1.0
sample	public/samples/levain/clarinet/DCClar_stac_D5_v2_rr1_sum.wav	Woodwinds/Clarinet/stac/DCClar_stac_D5_v2_rr1_sum.wav	645dd468534f708adf69efe4d8058a41b10e17d2	69176eaeebf433de17bf86b55e7c4824c758503668d5b4e5df4ac0e8b19646fa	CC0-1.0
sample	public/samples/levain/clarinet/DCClar_stac_D5_v2_rr2_sum.wav	Woodwinds/Clarinet/stac/DCClar_stac_D5_v2_rr2_sum.wav	d1792cea3ff99c3359c7c22395d47493aaceffa0	4e4ea32b83cfabf7277fa6b5c9992c2b4db981a7fb971c3de8611f98bb3c6b64	CC0-1.0
sample	public/samples/levain/clarinet/DCClar_stac_D5_v3_rr1_sum.wav	Woodwinds/Clarinet/stac/DCClar_stac_D5_v3_rr1_sum.wav	b92a44637cf7d584ae4f2a871f19d3008a367069	3a65c0e360d463c28bdce410900c48f0c72c982b7dd5b29c8f493df610d1d534	CC0-1.0
sample	public/samples/levain/clarinet/DCClar_stac_D5_v3_rr2_sum.wav	Woodwinds/Clarinet/stac/DCClar_stac_D5_v3_rr2_sum.wav	9c0d0013d5d172d50340c58e06894c4d62d183ce	889fde8bca6a9fb88cad5acf405bf5972d62f1cccb1de126531e4dbfd5b0add6	CC0-1.0
sample	public/samples/levain/clarinet/DCClar_stac_F2_v1_rr1_sum.wav	Woodwinds/Clarinet/stac/DCClar_stac_F2_v1_rr1_sum.wav	b8d72deac510901f6742275b17e419a8dde4f9bd	4f9da33089de27197f01fba0a68bb61b38e240d3912f3536ef55237040a3fe06	CC0-1.0
sample	public/samples/levain/clarinet/DCClar_stac_F2_v1_rr2_sum.wav	Woodwinds/Clarinet/stac/DCClar_stac_F2_v1_rr2_sum.wav	0c27dc18e339f775b4a389906efb251914c968bd	1337d8a970ca7090ef4c94a086f89715b2f312e77d7f12baeee4362da153a15b	CC0-1.0
sample	public/samples/levain/clarinet/DCClar_stac_F2_v2_rr1_sum.wav	Woodwinds/Clarinet/stac/DCClar_stac_F2_v2_rr1_sum.wav	754fb641bfa15a3cf411cc3f55231ad613236b74	091b60dc2b1847e8c3dd2662d8063d473c5731b57c704653b7edb2bb00aa22e8	CC0-1.0
sample	public/samples/levain/clarinet/DCClar_stac_F2_v2_rr2_sum.wav	Woodwinds/Clarinet/stac/DCClar_stac_F2_v2_rr2_sum.wav	9788b1a080a45c1c48e3ad41d25a2d9bc6d6f723	a417a1277eae1e56a3b2e9a9df76196f2a531073101bf47c0cd24b3e0d09bc37	CC0-1.0
sample	public/samples/levain/clarinet/DCClar_stac_F2_v3_rr1_sum.wav	Woodwinds/Clarinet/stac/DCClar_stac_F2_v3_rr1_sum.wav	637121f7093ac7da16947dd73687f10b2daa3eb6	82ec219175f4cadb109f833e27c91f5b2f3b6080eddd1c0af1b371a78666ee44	CC0-1.0
sample	public/samples/levain/clarinet/DCClar_stac_F2_v3_rr2_sum.wav	Woodwinds/Clarinet/stac/DCClar_stac_F2_v3_rr2_sum.wav	63c8a401e134b4559016f2d7ecd3b774d8ab399e	cc59c5dd3b32cd0db8cbfb545e85e81adb7a6acfaa6adaf19779a8ad461c027c	CC0-1.0
sample	public/samples/levain/clarinet/DCClar_stac_F3_v1_rr1_sum.wav	Woodwinds/Clarinet/stac/DCClar_stac_F3_v1_rr1_sum.wav	e6b1eda50209e95c2a41f465c64f55e3b59eef2a	8df1cd6255c8d23e821236e3de39865e4f09016e34fb9725d20ed494741e6044	CC0-1.0
sample	public/samples/levain/clarinet/DCClar_stac_F3_v1_rr2_sum.wav	Woodwinds/Clarinet/stac/DCClar_stac_F3_v1_rr2_sum.wav	c78f0754b80a9cc67423d7f26545443af140e191	d705180718a8bd1216d6a85d2e6375a4c160c1898b8650f3752493d455415b06	CC0-1.0
sample	public/samples/levain/clarinet/DCClar_stac_F3_v2_rr1_sum.wav	Woodwinds/Clarinet/stac/DCClar_stac_F3_v2_rr1_sum.wav	41c5423b1db6d061c6066c695c7f2dd93eecc400	07bed093b00a621f95f3237fa9e6d66b7b644b20efae0824ad54e419c127aadf	CC0-1.0
sample	public/samples/levain/clarinet/DCClar_stac_F3_v2_rr2_sum.wav	Woodwinds/Clarinet/stac/DCClar_stac_F3_v2_rr2_sum.wav	c9d9aa09ab452ceb008a466f722dcea873d49c35	e3e64224a05dc9bba490c84635cf5cd0f319c762ab2590e25095c25ae45a3e9e	CC0-1.0
sample	public/samples/levain/clarinet/DCClar_stac_F3_v3_rr1_sum.wav	Woodwinds/Clarinet/stac/DCClar_stac_F3_v3_rr1_sum.wav	53a65ea09cd886c3e3e68d584865adc99362becd	9198f696e1b7138c6e0185f03f8db51b95b737d24fc6a5710d88a6b0c0e9f133	CC0-1.0
sample	public/samples/levain/clarinet/DCClar_stac_F3_v3_rr2_sum.wav	Woodwinds/Clarinet/stac/DCClar_stac_F3_v3_rr2_sum.wav	79c394bff353086d23b2a9337bbd5d36804ad0ec	27adbdf8c00d990bf674661564aaa69b02fa2451d69b0a9c6c38edb123bed571	CC0-1.0
sample	public/samples/levain/clarinet/DCClar_stac_F4_v1_rr1_sum.wav	Woodwinds/Clarinet/stac/DCClar_stac_F4_v1_rr1_sum.wav	5f477c9dfb1ba405665538cf38a2455b239dd0ee	3847b0cdfd6ccb17b53d1c6d4cec84b5c93cd96fda1b946c274d0504328def83	CC0-1.0
sample	public/samples/levain/clarinet/DCClar_stac_F4_v1_rr2_sum.wav	Woodwinds/Clarinet/stac/DCClar_stac_F4_v1_rr2_sum.wav	efa30e04d81508399459e2bab9dae406a4f0f4d1	7fc6d52f8064332fcb94204d89a04906c2f29be5ae771d9177529cf677b4347d	CC0-1.0
sample	public/samples/levain/clarinet/DCClar_stac_F4_v2_rr1_sum.wav	Woodwinds/Clarinet/stac/DCClar_stac_F4_v2_rr1_sum.wav	495948a7a2bd8cfee15d6679a54e299d8b7845a5	317a52552509405422a4b76d8671a9c2287a2b36f96382e00213f3e2d6903318	CC0-1.0
sample	public/samples/levain/clarinet/DCClar_stac_F4_v2_rr2_sum.wav	Woodwinds/Clarinet/stac/DCClar_stac_F4_v2_rr2_sum.wav	90d355caaa581690746cadba02f5d0b6e0d9c66b	18b12ceade7643c51ee2efec569216ede2af9f1dd4b3faf54257e7f95476a693	CC0-1.0
sample	public/samples/levain/clarinet/DCClar_stac_F4_v3_rr1_sum.wav	Woodwinds/Clarinet/stac/DCClar_stac_F4_v3_rr1_sum.wav	ff0800e937194cbe9f630683470d316918b7783e	c77eec8fac60d790a481a2c7793fc035f5ac8b50439da7c3766dd673a17a674f	CC0-1.0
sample	public/samples/levain/clarinet/DCClar_stac_F4_v3_rr2_sum.wav	Woodwinds/Clarinet/stac/DCClar_stac_F4_v3_rr2_sum.wav	c57e9646c4d2e7fa0729d235f6945f9d92ce180f	d11cca3ad73f3d8d50842a5279cd5d22ca331ab28eb9bc4616fdaabbd62c8c0f	CC0-1.0
sample	public/samples/levain/clarinet/DCClar_stac_F5_v1_rr1_sum.wav	Woodwinds/Clarinet/stac/DCClar_stac_F5_v1_rr1_sum.wav	8d84c59441195fd793ccf8c3be08ef76241e81ea	bbfac051219848c7bfdc1e2356e6499162ff939343a6680f7b9130828402eb54	CC0-1.0
sample	public/samples/levain/clarinet/DCClar_stac_F5_v1_rr2_sum.wav	Woodwinds/Clarinet/stac/DCClar_stac_F5_v1_rr2_sum.wav	4c1f0bc71cb7222091c90087872a686b6ad507ab	7e838381ffa4376bb83e2245be807d16444baecd82c4daa04acdade6007117a4	CC0-1.0
sample	public/samples/levain/clarinet/DCClar_stac_F5_v2_rr1_sum.wav	Woodwinds/Clarinet/stac/DCClar_stac_F5_v2_rr1_sum.wav	5906891ce346b6134f3377aef9734bbd28215f0b	fb4dd1633ee38dfdf5fa843191fe17721398a09abf7b5042f7dabdc8cf252eca	CC0-1.0
sample	public/samples/levain/clarinet/DCClar_stac_F5_v2_rr2_sum.wav	Woodwinds/Clarinet/stac/DCClar_stac_F5_v2_rr2_sum.wav	a8f4c6c3897786e81b7bc531939814f35655f81a	c8ed3700784728becc7834007b710356a3ee2003c68c2102e12b1a396696c57d	CC0-1.0
sample	public/samples/levain/clarinet/DCClar_stac_F5_v3_rr1_sum.wav	Woodwinds/Clarinet/stac/DCClar_stac_F5_v3_rr1_sum.wav	b8974a290592529e307f2b905a152806dc39b047	aba72683bcf7bf689dd801fe403d56c5dcdce9ea4cc2f6c404f68ebb333b37f8	CC0-1.0
sample	public/samples/levain/clarinet/DCClar_stac_F5_v3_rr2_sum.wav	Woodwinds/Clarinet/stac/DCClar_stac_F5_v3_rr2_sum.wav	d675fa7048e4a453183c304cb7010e1b3d0a3596	b68eef92f29ee717ddbcc78a44f0ac7397e005753d74835b40e9a73e9559f75e	CC0-1.0
sample	public/samples/levain/clarinet/DCClar_susLong_A#2_v1_rr1_sum.wav	Woodwinds/Clarinet/susLong/DCClar_susLong_A#2_v1_rr1_sum.wav	c02251ea67183260dd5f3b4cca97eeb0e8f23bed	f4e51e4addda4e87e84b0a57b1de21cb447adff0a2c1aa5c71b5d3ef5618a93e	CC0-1.0
sample	public/samples/levain/clarinet/DCClar_susLong_A#2_v2_rr1_sum.wav	Woodwinds/Clarinet/susLong/DCClar_susLong_A#2_v2_rr1_sum.wav	4ab307dd0c82ce0900eb7439bdb8d0a1008d4034	82be872b7915c833e06910846e3398b55591f69bfe6474c39dd4051742db2700	CC0-1.0
sample	public/samples/levain/clarinet/DCClar_susLong_A#2_v3_rr1_sum.wav	Woodwinds/Clarinet/susLong/DCClar_susLong_A#2_v3_rr1_sum.wav	d08b0b0242b1695b533f14c7774c4e5bd7f83646	45db5a4eda1927cb627006145cd751d99bfd4449576730009d521191bfb8d746	CC0-1.0
sample	public/samples/levain/clarinet/DCClar_susLong_A#3_v1_rr1_sum.wav	Woodwinds/Clarinet/susLong/DCClar_susLong_A#3_v1_rr1_sum.wav	f8db827226f661779d8965737fa0850d8275be9a	c314aa26ec148ffa30afe988d7f4f178941a38ca401f487ea2633ce635e78d3f	CC0-1.0
sample	public/samples/levain/clarinet/DCClar_susLong_A#3_v2_rr1_sum.wav	Woodwinds/Clarinet/susLong/DCClar_susLong_A#3_v2_rr1_sum.wav	c80415402c31b050eb51796e17fba541a24a57a0	779e2cad84f6f5103272f17cb4637a94d8e9c533a5811233595960cad61b391f	CC0-1.0
sample	public/samples/levain/clarinet/DCClar_susLong_A#3_v3_rr1_sum.wav	Woodwinds/Clarinet/susLong/DCClar_susLong_A#3_v3_rr1_sum.wav	08f1508a646a60a8795861688932e38955cc8ba0	29fc72eb3b93cc297095d6cdeb54b3d819de8e4070855c565302bb0a471b0a5c	CC0-1.0
sample	public/samples/levain/clarinet/DCClar_susLong_A#4_v1_rr1_sum.wav	Woodwinds/Clarinet/susLong/DCClar_susLong_A#4_v1_rr1_sum.wav	27315505c21685cdc911e3ae30ce8712c712da26	9669ede565f46af967a1ff72cb106a14736e0325680aa3b62ee148f8750efd88	CC0-1.0
sample	public/samples/levain/clarinet/DCClar_susLong_A#4_v2_rr1_sum.wav	Woodwinds/Clarinet/susLong/DCClar_susLong_A#4_v2_rr1_sum.wav	4250227b229f8f94ea73ecb3ff4e996bfa1cf91b	569e902693e7d04ecd20507f0a3dd0be92a7a3cdf14ab685d89aefacff2a34cb	CC0-1.0
sample	public/samples/levain/clarinet/DCClar_susLong_A#4_v3_rr1_sum.wav	Woodwinds/Clarinet/susLong/DCClar_susLong_A#4_v3_rr1_sum.wav	bc184323f783462fb1bbb3f49ad57ddaaac2cb11	6867f47637a3a869504911814be53dbc5e01fa52c2705a87afee20d2b71fc5aa	CC0-1.0
sample	public/samples/levain/clarinet/DCClar_susLong_D2_v1_rr1_sum.wav	Woodwinds/Clarinet/susLong/DCClar_susLong_D2_v1_rr1_sum.wav	22e4849edce9f5f75473852d71b1a71e75502505	359344f125ee42ea30b1143ef7ad3ea0d8a19f871d400a07bf784bd691b1a72a	CC0-1.0
sample	public/samples/levain/clarinet/DCClar_susLong_D2_v2_rr1_sum.wav	Woodwinds/Clarinet/susLong/DCClar_susLong_D2_v2_rr1_sum.wav	e435f825232aff390c93e0462d9e93e9e488d7ed	b1a793ff45d8f068dd83b591924b1a29bbece98e6e8177b31fc003f2f426fe00	CC0-1.0
sample	public/samples/levain/clarinet/DCClar_susLong_D2_v3_rr1_sum.wav	Woodwinds/Clarinet/susLong/DCClar_susLong_D2_v3_rr1_sum.wav	3d40552dd6d2dead91c702fe68175869a988009d	346775f54394b9cf5e9513a4ab8292274f20370f2ac4cd47cea6319c1fa494ff	CC0-1.0
sample	public/samples/levain/clarinet/DCClar_susLong_D3_v1_rr1_sum.wav	Woodwinds/Clarinet/susLong/DCClar_susLong_D3_v1_rr1_sum.wav	8f3f973a0d69c3c721f1eb8b27f208c80bd17ceb	74ba0ec6cb0698f314b07cee2f63cd309d5fd30db262d10d1f69e6aec9cd5896	CC0-1.0
sample	public/samples/levain/clarinet/DCClar_susLong_D3_v2_rr1_sum.wav	Woodwinds/Clarinet/susLong/DCClar_susLong_D3_v2_rr1_sum.wav	dfffae60b3793d9687b2cb2c9b3850f593c723c6	30e686ffc58caa48bbfae309a06f1c27c75b192fb653729ffdf8586cbd9b8405	CC0-1.0
sample	public/samples/levain/clarinet/DCClar_susLong_D3_v3_rr1_sum.wav	Woodwinds/Clarinet/susLong/DCClar_susLong_D3_v3_rr1_sum.wav	aa7a1f5f31cef8d36552072d9f275b7940c879c0	bec366e903704a8d267202b16c3f170c513aef18fc6727f5bc4ec424c27efeb3	CC0-1.0
sample	public/samples/levain/clarinet/DCClar_susLong_D4_v1_rr1_sum.wav	Woodwinds/Clarinet/susLong/DCClar_susLong_D4_v1_rr1_sum.wav	c3284691eb2dfe4f1be1b116b804a2e41062bb9c	61ff877d4b500c2e1b6b51f693cd1ea8df05c7473c2ea458a207b1450495e430	CC0-1.0
sample	public/samples/levain/clarinet/DCClar_susLong_D4_v2_rr1_sum.wav	Woodwinds/Clarinet/susLong/DCClar_susLong_D4_v2_rr1_sum.wav	9efaf747591d3c39b7b6e87a077963a1ac71ae45	4bdc53f3ef917cc9146e10cec5eb33744524e8b510c4a39c080dc5c774b3c956	CC0-1.0
sample	public/samples/levain/clarinet/DCClar_susLong_D4_v3_rr1_sum.wav	Woodwinds/Clarinet/susLong/DCClar_susLong_D4_v3_rr1_sum.wav	119bec0bc1ad924b04e416966239d6af3a67a764	f913c749eb6b5a1c621e13548d5c30c8f67a6007a2992a6f85deb977c2d41b1f	CC0-1.0
sample	public/samples/levain/clarinet/DCClar_susLong_D5_v1_rr1_sum.wav	Woodwinds/Clarinet/susLong/DCClar_susLong_D5_v1_rr1_sum.wav	ee07579d393b6c9a43aaf65f375d2012c3d0c774	0ed79db13dc312c9f5adaf11492f6fd871a5619a9e452434043c33d7a1608697	CC0-1.0
sample	public/samples/levain/clarinet/DCClar_susLong_D5_v2_rr1_sum.wav	Woodwinds/Clarinet/susLong/DCClar_susLong_D5_v2_rr1_sum.wav	d2c1fa23c73a15d50b581b6f83aa9e56e7e01a0c	4cedd1d7bd779fe357529e34ff398bc0e80c5088fc3908944962d65fcdc94823	CC0-1.0
sample	public/samples/levain/clarinet/DCClar_susLong_D5_v3_rr1_sum.wav	Woodwinds/Clarinet/susLong/DCClar_susLong_D5_v3_rr1_sum.wav	a06b19f95d397920e21a56cdb85223a39e860d47	4bcff7aa31fe94c9d4a23acde1a9c2cb437dd4ee9c9804c981bbfb184c76509a	CC0-1.0
sample	public/samples/levain/clarinet/DCClar_susLong_F#5_v1_rr1_sum.wav	Woodwinds/Clarinet/susLong/DCClar_susLong_F#5_v1_rr1_sum.wav	0e30b7890f8c35943fa4eb693c704ce5c595acec	26fcfdba581d7251cf96007650890bbb3f8c61d020278b45441113d47ce1c05e	CC0-1.0
sample	public/samples/levain/clarinet/DCClar_susLong_F#5_v2_rr1_sum.wav	Woodwinds/Clarinet/susLong/DCClar_susLong_F#5_v2_rr1_sum.wav	5e103799bb30ef1afa405511230c852b942a9d7c	2f024789f1b2ecc25f0e07dcff06084e4c2def83ff74e693c098c28fbec319fc	CC0-1.0
sample	public/samples/levain/clarinet/DCClar_susLong_F#5_v3_rr1_sum.wav	Woodwinds/Clarinet/susLong/DCClar_susLong_F#5_v3_rr1_sum.wav	9655d9014a2500386d01f80bf0d7e3100e8caa59	13355ccf2ead9ed98142c0062682aecf3ed3c443df619e94a9b3ec7ef523f057	CC0-1.0
sample	public/samples/levain/clarinet/DCClar_susLong_F2_v1_rr1_sum.wav	Woodwinds/Clarinet/susLong/DCClar_susLong_F2_v1_rr1_sum.wav	a8b913d7e923c58f150e757f1748da37c80587b4	008d2f0894c90e912f8315639ff8ed2687454195be14054e5fadee8e0db3b559	CC0-1.0
sample	public/samples/levain/clarinet/DCClar_susLong_F2_v2_rr1_sum.wav	Woodwinds/Clarinet/susLong/DCClar_susLong_F2_v2_rr1_sum.wav	090db5da13fb0ec67673b6a656887644c923d341	36348e1fd1a1e53485c7f48983cfd758ced036f6af1a832671bf5ef1f8b00448	CC0-1.0
sample	public/samples/levain/clarinet/DCClar_susLong_F2_v3_rr1_sum.wav	Woodwinds/Clarinet/susLong/DCClar_susLong_F2_v3_rr1_sum.wav	04b88f5463edcbdfb44e64826d26d8528b4a12f6	7049e55a73851574d5e11a518aeaa3c646bdd0f2323780a10abc379410dad2cf	CC0-1.0
sample	public/samples/levain/clarinet/DCClar_susLong_F3_v1_rr1_sum.wav	Woodwinds/Clarinet/susLong/DCClar_susLong_F3_v1_rr1_sum.wav	31ac755ac1dff319c409505d26706d9851bb7e92	0677787afa8d1fdc99e267a1518a49dacf3f1899dc27239c1fbe93568fda2222	CC0-1.0
sample	public/samples/levain/clarinet/DCClar_susLong_F3_v2_rr1_sum.wav	Woodwinds/Clarinet/susLong/DCClar_susLong_F3_v2_rr1_sum.wav	1a445b0610a060c571574916d140344fc60922b2	3c9a237651cd049cacdf4052ef85ff406da1d9e5d4f59439c20f45a7578ff431	CC0-1.0
sample	public/samples/levain/clarinet/DCClar_susLong_F3_v3_rr1_sum.wav	Woodwinds/Clarinet/susLong/DCClar_susLong_F3_v3_rr1_sum.wav	fc79b6d0f5b3420f4e24b0392484b43a864a6d50	6b434e88f724e46116dd71bdfe52dc82c9b1ec7cec5f512bf9719be51e646671	CC0-1.0
sample	public/samples/levain/clarinet/DCClar_susLong_F4_v1_rr1_sum.wav	Woodwinds/Clarinet/susLong/DCClar_susLong_F4_v1_rr1_sum.wav	04e3a4727ee49ff915baeb65c1d32ee4e9ec37e2	e7b54b1ac626a6c54db3fa320a38acd3f099c33c936fca0d82259f9f9641e4f3	CC0-1.0
sample	public/samples/levain/clarinet/DCClar_susLong_F4_v2_rr1_sum.wav	Woodwinds/Clarinet/susLong/DCClar_susLong_F4_v2_rr1_sum.wav	9188e6eb2204ec227bac95cf254b9ce20e5d9d58	9988142d8fd2856af4217e3983316a42ef1d91b6381afd9fa138072d91122c2e	CC0-1.0
sample	public/samples/levain/clarinet/DCClar_susLong_F4_v3_rr1_sum.wav	Woodwinds/Clarinet/susLong/DCClar_susLong_F4_v3_rr1_sum.wav	086d21e2c435964f31b77df757b763e6d6b5eb54	8d9bcdf56ed0c2adebb38242d7b5bb0e2da6884fa9f42a6d4226fb21c1bc7f68	CC0-1.0
sample	public/samples/levain/double-bass/BKCtbss_Pizz_A#0_v1_rr1.wav	Strings/Solo Contrabass/Pizz/BKCtbss_Pizz_A#0_v1_rr1.wav	6b42c2b752ac8aa098fa512b1c068229036f9d55	c172382a1c8db63d1893e909da3c0f7f96a60371dce0cfe712e64fd622066fbe	CC0-1.0
sample	public/samples/levain/double-bass/BKCtbss_Pizz_A#0_v1_rr2.wav	Strings/Solo Contrabass/Pizz/BKCtbss_Pizz_A#0_v1_rr2.wav	74b090dd2b40841aa3657f35859ae5810ed3344e	a82a509344a7e03e81f937b0daf647d55c3d47ec01867deeb41463d1d39209af	CC0-1.0
sample	public/samples/levain/double-bass/BKCtbss_Pizz_A#0_v3_rr1.wav	Strings/Solo Contrabass/Pizz/BKCtbss_Pizz_A#0_v3_rr1.wav	b5525c15a77e1871feb42f70cc17a6650aee4355	ffdcf783332627d78bb09c348ce5bbf64e833d529a1cfd48e05362f27a857c0a	CC0-1.0
sample	public/samples/levain/double-bass/BKCtbss_Pizz_A#0_v3_rr2.wav	Strings/Solo Contrabass/Pizz/BKCtbss_Pizz_A#0_v3_rr2.wav	3bcb6e93918b0e8355867acfcaca87106e421b23	47ca23f0950ab1ad7c07fd3d4743d826985cc3b79f997c372ead51ebd538a60b	CC0-1.0
sample	public/samples/levain/double-bass/BKCtbss_Pizz_A1_v1_rr1.wav	Strings/Solo Contrabass/Pizz/BKCtbss_Pizz_A1_v1_rr1.wav	311a5027a127715530f1e723a21f7927d280d493	c88e632ac4f716d4e85112d6ea5bbe2d27d67019296787c25d27178a9e5f18ac	CC0-1.0
sample	public/samples/levain/double-bass/BKCtbss_Pizz_A1_v1_rr2.wav	Strings/Solo Contrabass/Pizz/BKCtbss_Pizz_A1_v1_rr2.wav	4ccbcc407cdc07f124f6523d50778d8e77ac2aad	e7aaefac5eb3986fcec86040e1f7310e84ea38be5d13abe2b3de101c41f43b2b	CC0-1.0
sample	public/samples/levain/double-bass/BKCtbss_Pizz_B2_v1_rr1.wav	Strings/Solo Contrabass/Pizz/BKCtbss_Pizz_B2_v1_rr1.wav	c5bfef7aaa68a98928f172b8572711ea6ce8975d	58d70398829e87b9bd3b43fb3d384d9bc3e0aa9bfe70175ec2f4e7a914226c8b	CC0-1.0
sample	public/samples/levain/double-bass/BKCtbss_Pizz_B2_v1_rr2.wav	Strings/Solo Contrabass/Pizz/BKCtbss_Pizz_B2_v1_rr2.wav	a36c908d3b8b07d9ecc0107d465ab391160e3c79	22722d1cc3d2a997ec12b37b5dda0221c8d5477669dfa5ff9f77fdde6fd2ba1d	CC0-1.0
sample	public/samples/levain/double-bass/BKCtbss_Pizz_C#2_v1_rr1.wav	Strings/Solo Contrabass/Pizz/BKCtbss_Pizz_C#2_v1_rr1.wav	16b7ca596182a49fe693b81ed925df8d2fc1be59	41804fc70cf82bd1c475611e315b14b1adf5effbd3369028302a681b54064b3f	CC0-1.0
sample	public/samples/levain/double-bass/BKCtbss_Pizz_C#2_v1_rr2.wav	Strings/Solo Contrabass/Pizz/BKCtbss_Pizz_C#2_v1_rr2.wav	1538275fda063011eae150b531752b410186c2b6	326fa0536c5487af2a500423e6b6d1c2acfe005cb40268c7c2f152b6ca71517c	CC0-1.0
sample	public/samples/levain/double-bass/BKCtbss_Pizz_C1_v1_rr1.wav	Strings/Solo Contrabass/Pizz/BKCtbss_Pizz_C1_v1_rr1.wav	46a4f947083669e7281be98b16c89b434529ea9e	5591160a867b21ba193d601390c9e1f35ec8d5deb0de686a410d25a98a103b06	CC0-1.0
sample	public/samples/levain/double-bass/BKCtbss_Pizz_C1_v1_rr2.wav	Strings/Solo Contrabass/Pizz/BKCtbss_Pizz_C1_v1_rr2.wav	aa16603fb7d318a87c47abf01e3ea321cdc78418	d880b29cafc4b537a5097c9b65a7e20d1be15d60efaf7ceb15e20517b6ad455b	CC0-1.0
sample	public/samples/levain/double-bass/BKCtbss_Pizz_C1_v3_rr1.wav	Strings/Solo Contrabass/Pizz/BKCtbss_Pizz_C1_v3_rr1.wav	eb8c1aa8049e386288b71b7678098352a0c8f037	706d82ca773408bb6cd6f22466d5d017c1d36a9055f3a6b6af864407b26c5a0d	CC0-1.0
sample	public/samples/levain/double-bass/BKCtbss_Pizz_C1_v3_rr2.wav	Strings/Solo Contrabass/Pizz/BKCtbss_Pizz_C1_v3_rr2.wav	974926b4eda1088bb5c7865de6712acc7803d304	242a0638d0571084b3a40da3a21a3f2dd67585e31601babf85f4251b4f67a3d3	CC0-1.0
sample	public/samples/levain/double-bass/BKCtbss_Pizz_D1_v1_rr1.wav	Strings/Solo Contrabass/Pizz/BKCtbss_Pizz_D1_v1_rr1.wav	623693ad1479a3e1da230fe62b8d012406412d86	c4db29ae6949cb6c0d24201bb444c1d5b3806505bae47785cb199f5f0f4f02d2	CC0-1.0
sample	public/samples/levain/double-bass/BKCtbss_Pizz_D1_v1_rr2.wav	Strings/Solo Contrabass/Pizz/BKCtbss_Pizz_D1_v1_rr2.wav	6b66446765a55ddcad2fbfdf3b47fdc6737bc540	4f17f7c828a9d9123c8c6498a27aa6b7a2772a5b937183f3d622f41f56ce21ce	CC0-1.0
sample	public/samples/levain/double-bass/BKCtbss_Pizz_E0_v1_rr1.wav	Strings/Solo Contrabass/Pizz/BKCtbss_Pizz_E0_v1_rr1.wav	8e025f9d9f072fd42a12ff27bad023f95016203f	7901d4aa056d2a6057a264ce98fc9e66a7ce48575d077a30f14083aa798cd188	CC0-1.0
sample	public/samples/levain/double-bass/BKCtbss_Pizz_E0_v1_rr2.wav	Strings/Solo Contrabass/Pizz/BKCtbss_Pizz_E0_v1_rr2.wav	548f3bf22840c6477487df248e1a2d6417ad7175	5287fecaedbfce87737d53c77bc19aa78322ef498f143ca2b71bc1ee8dc17845	CC0-1.0
sample	public/samples/levain/double-bass/BKCtbss_Pizz_E0_v3_rr1.wav	Strings/Solo Contrabass/Pizz/BKCtbss_Pizz_E0_v3_rr1.wav	3258f6728cacc74c5ad6addadaa8a61cbb9d57cd	790d1a480a0f38216d30ad6e9152bd26a744d9d651a7e822e1fe58883a9c673f	CC0-1.0
sample	public/samples/levain/double-bass/BKCtbss_Pizz_E0_v3_rr2.wav	Strings/Solo Contrabass/Pizz/BKCtbss_Pizz_E0_v3_rr2.wav	92da6c6d93f06c950cbf8ebd737947cc8cd02769	f533b634b7f87d75234737b4acbf7bf6f9587f71ee93c12b0bda65bea3e40333	CC0-1.0
sample	public/samples/levain/double-bass/BKCtbss_Pizz_E1_v1_rr1.wav	Strings/Solo Contrabass/Pizz/BKCtbss_Pizz_E1_v1_rr1.wav	da8962289a777507e94094c6dde7131916ca1b64	818fd3e7cc5200774333fc5dbb37e021ed0f155918cafe129acc0e90d37f9d49	CC0-1.0
sample	public/samples/levain/double-bass/BKCtbss_Pizz_E1_v1_rr2.wav	Strings/Solo Contrabass/Pizz/BKCtbss_Pizz_E1_v1_rr2.wav	3326b2b4ae5a4bc6156e7ec8ce5adaca94e867e5	9b87c1440edb95a70ca997ac83cff0d0e84c176f6269a59f86ce381f339f09ce	CC0-1.0
sample	public/samples/levain/double-bass/BKCtbss_Pizz_E1_v3_rr1.wav	Strings/Solo Contrabass/Pizz/BKCtbss_Pizz_E1_v3_rr1.wav	1cada4277b16b2eb8b240d4a6da4bbd3aca989a0	7628daebe4a9f8524d46e6d58eee811f437e73c77eb6c21396152af58a062506	CC0-1.0
sample	public/samples/levain/double-bass/BKCtbss_Pizz_E1_v3_rr2.wav	Strings/Solo Contrabass/Pizz/BKCtbss_Pizz_E1_v3_rr2.wav	9033e53e840a4ca791ff0ae57bd1f171bc5a310c	496f50ac55ae948b2a155fd06a9bc430118b9725eb638c1673ae3c389203ae91	CC0-1.0
sample	public/samples/levain/double-bass/BKCtbss_Pizz_E2_v1_rr1.wav	Strings/Solo Contrabass/Pizz/BKCtbss_Pizz_E2_v1_rr1.wav	ba882653db7ef6fcebc5dc0e373707cdca944e62	b5c3dd4943ea9a3f1aa23ed07c827ec8851e28a7254bab7811b706c09fceb231	CC0-1.0
sample	public/samples/levain/double-bass/BKCtbss_Pizz_E2_v1_rr2.wav	Strings/Solo Contrabass/Pizz/BKCtbss_Pizz_E2_v1_rr2.wav	0d330f46bca35ae676072455ab09bc1391ffdff7	24278fedd0c37885bc109bfa4620b32f447cd031d328f393cdc58898ff42cc37	CC0-1.0
sample	public/samples/levain/double-bass/BKCtbss_Pizz_F#0_v1_rr1.wav	Strings/Solo Contrabass/Pizz/BKCtbss_Pizz_F#0_v1_rr1.wav	4578fd1b4f56290dc35ee453105e487efb3c5c67	8d1337d6ba2b8e65e52d0623df7afa66b4b8d1863116cc6f798f629b7e27634b	CC0-1.0
sample	public/samples/levain/double-bass/BKCtbss_Pizz_F#0_v1_rr2.wav	Strings/Solo Contrabass/Pizz/BKCtbss_Pizz_F#0_v1_rr2.wav	d0a056d068a5c9e2b9e1ddbf1f309c80e617dc9f	4709783a0fbbbf7290cb19e7fb39686f9deecbefec1f736da912b60f7b01ca96	CC0-1.0
sample	public/samples/levain/double-bass/BKCtbss_Pizz_F#0_v3_rr1.wav	Strings/Solo Contrabass/Pizz/BKCtbss_Pizz_F#0_v3_rr1.wav	4e6933681d86ea908000d9319e01db9858b499e1	4bfdab1976e121136ab5d0bfb1e4b79523d5b0c7adf0d35704c98f5cb26713d1	CC0-1.0
sample	public/samples/levain/double-bass/BKCtbss_Pizz_F#0_v3_rr2.wav	Strings/Solo Contrabass/Pizz/BKCtbss_Pizz_F#0_v3_rr2.wav	09b455dcad902b0c725168f405e5635c580ed3f2	e50e59367b9b6707dbb28f97834e1d9bceabc233c5c86d3a61e8af2f5dedaaf4	CC0-1.0
sample	public/samples/levain/double-bass/BKCtbss_Pizz_F#1_v1_rr1.wav	Strings/Solo Contrabass/Pizz/BKCtbss_Pizz_F#1_v1_rr1.wav	757d0487bc7ad3461aac13cdce1999fabb3952b3	6f91a2747ce3cea061c670f7bf5dc8611eef1c3af8d6e2dca75b6dac5a65bfc6	CC0-1.0
sample	public/samples/levain/double-bass/BKCtbss_Pizz_F#1_v1_rr2.wav	Strings/Solo Contrabass/Pizz/BKCtbss_Pizz_F#1_v1_rr2.wav	9a7f711fd6039b0ba71e6061edfb7de9d7102a8a	7aece8942bd894dd7f6ed899f11a6c6a5d15ab5266a4a32f68e32babc99c3a08	CC0-1.0
sample	public/samples/levain/double-bass/BKCtbss_Pizz_G#1_v1_rr1.wav	Strings/Solo Contrabass/Pizz/BKCtbss_Pizz_G#1_v1_rr1.wav	1b3774619e9ae958177bc6bd4429d32fbef0c0c8	bf377a41759c17794901957edc89ff48fb405f98879549916d9b228492f7f8d1	CC0-1.0
sample	public/samples/levain/double-bass/BKCtbss_Pizz_G#1_v1_rr2.wav	Strings/Solo Contrabass/Pizz/BKCtbss_Pizz_G#1_v1_rr2.wav	51b5c8bbabf1760a072fc557652fb84bcaf827d8	25ff38b5300151dd040fd4934e67dc668d3d63a66c4733d9971428116d1b08bc	CC0-1.0
sample	public/samples/levain/double-bass/BKCtbss_Pizz_G#2_v1_rr1.wav	Strings/Solo Contrabass/Pizz/BKCtbss_Pizz_G#2_v1_rr1.wav	b32004f92c141a30ba5e314dd0cc1d2687b92856	f5d495c2184e6dacec7783719fbe3f6c1254995abb95ccf307026ef3dd7d5439	CC0-1.0
sample	public/samples/levain/double-bass/BKCtbss_Pizz_G#2_v1_rr2.wav	Strings/Solo Contrabass/Pizz/BKCtbss_Pizz_G#2_v1_rr2.wav	425eaabaf3d12ea8da780056e5e1a7ee4ddbde80	a3a5250bc7f561670cd429b0c72ae3b3f3de575d887c69cee48cc7f587be206e	CC0-1.0
sample	public/samples/levain/double-bass/BKCtbss_Pizz_G0_v1_rr1.wav	Strings/Solo Contrabass/Pizz/BKCtbss_Pizz_G0_v1_rr1.wav	45d11b0a0545d59407f740b938461b205e8c91cb	6c8ed06c816b2aee6443a3df4d8c24dd05d1e6fa72595d47b0e3755cd251e60f	CC0-1.0
sample	public/samples/levain/double-bass/BKCtbss_Pizz_G0_v1_rr2.wav	Strings/Solo Contrabass/Pizz/BKCtbss_Pizz_G0_v1_rr2.wav	968cf37ef77070e116c8f665d0242af1287530fc	805a41b3a153a8601c9308a106c33604030ff7f3c0c944a92b25663a1baa7873	CC0-1.0
sample	public/samples/levain/double-bass/BKCtbss_Pizz_G0_v3_rr1.wav	Strings/Solo Contrabass/Pizz/BKCtbss_Pizz_G0_v3_rr1.wav	219542998cac263bb0b5bd03ab02fd6bbdcb3d21	9dc3c010e20999e524a7694abf27c12fb55296f2d9946d70917fa82b1d076136	CC0-1.0
sample	public/samples/levain/double-bass/BKCtbss_Pizz_G0_v3_rr2.wav	Strings/Solo Contrabass/Pizz/BKCtbss_Pizz_G0_v3_rr2.wav	09b63873d4e3070f2d0c513f69cb827ed83911c0	7f64d7d6f6309ab622cc0e070c6d50274f73d3f483e4067a05647fb89a6f51c8	CC0-1.0
sample	public/samples/levain/double-bass/BKCtbss_Spic_A#0_v1_rr1.wav	Strings/Solo Contrabass/Spic/BKCtbss_Spic_A#0_v1_rr1.wav	1246bcb65fd3fe48e16f248486059944ca983a68	39d13610eb3aa3f40e510b0b4821422e16dbe942719a4f1516424951f481e68e	CC0-1.0
sample	public/samples/levain/double-bass/BKCtbss_Spic_A#0_v1_rr2.wav	Strings/Solo Contrabass/Spic/BKCtbss_Spic_A#0_v1_rr2.wav	7d4edcd42a2a9a379862b31fda8062f2bf715ae2	70bff5a8cad019cb82f5fe9ab36aaf8a14d394344c64f83180e455fd850299d3	CC0-1.0
sample	public/samples/levain/double-bass/BKCtbss_Spic_A#0_v3_rr1.wav	Strings/Solo Contrabass/Spic/BKCtbss_Spic_A#0_v3_rr1.wav	4e04468888ee97306ae5b8ce73270c25e60ee612	34280d744690957c3668e650f9c5d86a3d5a71a524c42742b34c8ec7ffb8c6eb	CC0-1.0
sample	public/samples/levain/double-bass/BKCtbss_Spic_A#0_v3_rr2.wav	Strings/Solo Contrabass/Spic/BKCtbss_Spic_A#0_v3_rr2.wav	94be75a715e9c897afa4d470f21f48006ee46ebd	b5f819e0869d215a7e9336c8203e637cebc93b73af8d48931e5f5b8d64f766e9	CC0-1.0
sample	public/samples/levain/double-bass/BKCtbss_Spic_A1_v1_rr1.wav	Strings/Solo Contrabass/Spic/BKCtbss_Spic_A1_v1_rr1.wav	8f020de45fd955ffe1d55570bacf8e57ab0de143	32111c59f0e40962564221f9f9f003466c369fe18051f4ffaad3d8cd205ee23d	CC0-1.0
sample	public/samples/levain/double-bass/BKCtbss_Spic_A1_v1_rr2.wav	Strings/Solo Contrabass/Spic/BKCtbss_Spic_A1_v1_rr2.wav	56b700e9339329f60bcbf5860f1092cd36552b7d	a3e24b931102aa3ca280c67a072c01426fd9a68f832905593f110e734771d692	CC0-1.0
sample	public/samples/levain/double-bass/BKCtbss_Spic_B2_v1_rr1.wav	Strings/Solo Contrabass/Spic/BKCtbss_Spic_B2_v1_rr1.wav	4b198581d8d4e38816e76c365372a68254a2c81f	8d3be1969f10820373ed4853d81604d3f3cb074a77ef0b3381d2016251d7e890	CC0-1.0
sample	public/samples/levain/double-bass/BKCtbss_Spic_B2_v1_rr2.wav	Strings/Solo Contrabass/Spic/BKCtbss_Spic_B2_v1_rr2.wav	1697ad01a6d3d7bd685577499c89b97041b41a92	4fe5711c6c86cc6ff5d7612d7cceb17434486d465ad354aabe75df480094290f	CC0-1.0
sample	public/samples/levain/double-bass/BKCtbss_Spic_C#2_v1_rr1.wav	Strings/Solo Contrabass/Spic/BKCtbss_Spic_C#2_v1_rr1.wav	b92ba9831b089dcef128055c70fc7953fc9aea05	22fc17a5c7d55805fe689b329b08eaaf47ea0134d7e144f25c93594b6713b692	CC0-1.0
sample	public/samples/levain/double-bass/BKCtbss_Spic_C#2_v1_rr2.wav	Strings/Solo Contrabass/Spic/BKCtbss_Spic_C#2_v1_rr2.wav	8254730ce72baad0bf5a5136c61bea13a3e339c4	150c71a4864330269e2263b6a2447dc1146c8fa5482cc5fa278f047107b8f8ac	CC0-1.0
sample	public/samples/levain/double-bass/BKCtbss_Spic_C1_v1_rr1.wav	Strings/Solo Contrabass/Spic/BKCtbss_Spic_C1_v1_rr1.wav	03ebca73c64b7cb65c9f5db30133d4e61ad1c898	8a6f149e558e3fe2459c0d2acb640a0e6c2186ea2618372c4d5cd67fb3fd3332	CC0-1.0
sample	public/samples/levain/double-bass/BKCtbss_Spic_C1_v1_rr2.wav	Strings/Solo Contrabass/Spic/BKCtbss_Spic_C1_v1_rr2.wav	a5823cc28774e098618b11aad5a36a82a602a79c	b43d452a585bcb4157233ce039bd8321c67532372871bf8ae9bdd9792984bfba	CC0-1.0
sample	public/samples/levain/double-bass/BKCtbss_Spic_C1_v3_rr1.wav	Strings/Solo Contrabass/Spic/BKCtbss_Spic_C1_v3_rr1.wav	712a59e62af56d68c210424b5526d4aed5009a95	4bca4ab782cdbddeb75069135a4a8b0e4bc4f3570a5033b7f0729b5285719ae2	CC0-1.0
sample	public/samples/levain/double-bass/BKCtbss_Spic_C1_v3_rr2.wav	Strings/Solo Contrabass/Spic/BKCtbss_Spic_C1_v3_rr2.wav	0be6efd7a711446edda295307b0a4d4b139f0c00	de2dafcc37ed8ea565836a64d919c6860e1a57779b6f4bbefc5d557dc0254739	CC0-1.0
sample	public/samples/levain/double-bass/BKCtbss_Spic_D1_v1_rr1.wav	Strings/Solo Contrabass/Spic/BKCtbss_Spic_D1_v1_rr1.wav	7076b42d62f57410c4369394b5305997e11bc5ba	2a529cacb20e87c4787be25d2516d73b9740f0ad7eecd150dbc66954280d9b93	CC0-1.0
sample	public/samples/levain/double-bass/BKCtbss_Spic_D1_v1_rr2.wav	Strings/Solo Contrabass/Spic/BKCtbss_Spic_D1_v1_rr2.wav	4fbd9525f5f7209fccdaf2c3d89e4d45fc54f9df	2a08c752b6f2a3ff7adc0d53daa6aa36f2036cdfc430115f33b640dae70728c9	CC0-1.0
sample	public/samples/levain/double-bass/BKCtbss_Spic_D1_v3_rr1.wav	Strings/Solo Contrabass/Spic/BKCtbss_Spic_D1_v3_rr1.wav	49365a97360e240092041c32071f73cb053e4f74	39b0d060f6781ed356f4b9153b1fcd96ad79b8548164ece0be5314fb8e48d21b	CC0-1.0
sample	public/samples/levain/double-bass/BKCtbss_Spic_D1_v3_rr2.wav	Strings/Solo Contrabass/Spic/BKCtbss_Spic_D1_v3_rr2.wav	5fa713d49854842b5fca7d4017dcf7c22a44a82c	f6d56d8a3b58d8ebc2c2f32724e89f7e5c4b513c78af4461ed51f2c8dab37191	CC0-1.0
sample	public/samples/levain/double-bass/BKCtbss_Spic_E0_v1_rr1.wav	Strings/Solo Contrabass/Spic/BKCtbss_Spic_E0_v1_rr1.wav	c858fe0aeac53874ae33b98b463ad19b76b44d9c	5a3e8c3d036507382040514d7f577ff40f37cdbc9b1b69e10c8673066a20d2ca	CC0-1.0
sample	public/samples/levain/double-bass/BKCtbss_Spic_E0_v1_rr2.wav	Strings/Solo Contrabass/Spic/BKCtbss_Spic_E0_v1_rr2.wav	b6bc513466e27e2a9a062deff52e2f297b7b520f	020a9bef474c9c1841b09f30ce061e86fbd5190041dc44f77e3890718a4d34a5	CC0-1.0
sample	public/samples/levain/double-bass/BKCtbss_Spic_E0_v3_rr1.wav	Strings/Solo Contrabass/Spic/BKCtbss_Spic_E0_v3_rr1.wav	51db108d52c9a212fbc5e8e454bc0a6b4bf4abb6	c15c0e4c51a0c7da1f23c84ab103203125cc069a59a077cd77af035975fa856c	CC0-1.0
sample	public/samples/levain/double-bass/BKCtbss_Spic_E0_v3_rr2.wav	Strings/Solo Contrabass/Spic/BKCtbss_Spic_E0_v3_rr2.wav	a3e80dea43cd183121c4bd51c1bf70387873f3d3	a5a0ae323c7eab3dc9a89a667c9fb55fb82bfb279957372cb7c7754c50563535	CC0-1.0
sample	public/samples/levain/double-bass/BKCtbss_Spic_E1_v1_rr1.wav	Strings/Solo Contrabass/Spic/BKCtbss_Spic_E1_v1_rr1.wav	de8a53628a9de1cdcc18202c23f5e1c4d9b8e512	870196e13eb76affd55e386b0a1e5d12f2db9a4d6750cd24c0aabff082607ee4	CC0-1.0
sample	public/samples/levain/double-bass/BKCtbss_Spic_E1_v1_rr2.wav	Strings/Solo Contrabass/Spic/BKCtbss_Spic_E1_v1_rr2.wav	cabffb611561da582253b44928a4d16421c1d776	bb4d709a57d2e81a1161fd9d4590bf43835d2605b9ba55a8a61cd7c5d0dbe0f3	CC0-1.0
sample	public/samples/levain/double-bass/BKCtbss_Spic_E1_v3_rr1.wav	Strings/Solo Contrabass/Spic/BKCtbss_Spic_E1_v3_rr1.wav	a48af4d19d4f79180e3a7f89506e438f1242a104	08209aecd7ab8d6de7f3f4a442f12b108327f6c95ceb7fdff2657e149de03040	CC0-1.0
sample	public/samples/levain/double-bass/BKCtbss_Spic_E1_v3_rr2.wav	Strings/Solo Contrabass/Spic/BKCtbss_Spic_E1_v3_rr2.wav	2cbf3b69db08f5cd16ecc0c8abdf7149d9ed2067	9cc0f8272f00ee56c5bc85caccca76099d91f86ac6063d615cb5e283bfd84b4e	CC0-1.0
sample	public/samples/levain/double-bass/BKCtbss_Spic_E2_v1_rr1.wav	Strings/Solo Contrabass/Spic/BKCtbss_Spic_E2_v1_rr1.wav	491a14198674d517cd3ed77999fc3d1f5032aada	747c4e51164d6582c9e253d3fa37aea939be691e95f1573f66b660137c0adcf5	CC0-1.0
sample	public/samples/levain/double-bass/BKCtbss_Spic_E2_v1_rr2.wav	Strings/Solo Contrabass/Spic/BKCtbss_Spic_E2_v1_rr2.wav	d0f0e8ba56ec350e36f3440148cb87b1aaf86709	24b455de876987fcce1d09d7ec4766ed761eb7878614715090fefc69f4ee52ce	CC0-1.0
sample	public/samples/levain/double-bass/BKCtbss_Spic_F#0_v1_rr1.wav	Strings/Solo Contrabass/Spic/BKCtbss_Spic_F#0_v1_rr1.wav	a5e00f82168c8655fc18a5efc69409a7614689c8	17c2f1ad53b7a8884422820e5acb3c1562d8b00fdac2ae91f78fd4a60086927c	CC0-1.0
sample	public/samples/levain/double-bass/BKCtbss_Spic_F#0_v1_rr2.wav	Strings/Solo Contrabass/Spic/BKCtbss_Spic_F#0_v1_rr2.wav	8f08c1ed5de2ef2ab6ef24432a030807c84d42b2	4465678e19dad22a20754166290a263abf6398ce8b66826568537743fc81f89d	CC0-1.0
sample	public/samples/levain/double-bass/BKCtbss_Spic_F#0_v3_rr1.wav	Strings/Solo Contrabass/Spic/BKCtbss_Spic_F#0_v3_rr1.wav	037927cef0283303513110d106f6bb52c44c97ac	738f8354b1c08fb9036ae2de9a2f3c65ef4762a955a97b72b1213eec3fa9b4e4	CC0-1.0
sample	public/samples/levain/double-bass/BKCtbss_Spic_F#0_v3_rr2.wav	Strings/Solo Contrabass/Spic/BKCtbss_Spic_F#0_v3_rr2.wav	4bb66d9a107f67f70482069606a804246bbe59c7	daf065a9d93cd7b991e7c7327415a260cf70cfeff7fc91ad0c6f34b35ed8ac7e	CC0-1.0
sample	public/samples/levain/double-bass/BKCtbss_Spic_F#1_v1_rr1.wav	Strings/Solo Contrabass/Spic/BKCtbss_Spic_F#1_v1_rr1.wav	b8ea57d499c58ca57b0c1d85a921c2511b8c0502	e410c1f3115cf0f8d5b2f75f4ccae558bc43460b6832c63807505d186df4d428	CC0-1.0
sample	public/samples/levain/double-bass/BKCtbss_Spic_F#1_v1_rr2.wav	Strings/Solo Contrabass/Spic/BKCtbss_Spic_F#1_v1_rr2.wav	c2340e867d5c68c57d520fbe92e88bd21019d5d3	6520b1971de211c1e0ef86492b180c3d41fdf90eacd45fd962c86f92f8d178ef	CC0-1.0
sample	public/samples/levain/double-bass/BKCtbss_Spic_G#1_v1_rr1.wav	Strings/Solo Contrabass/Spic/BKCtbss_Spic_G#1_v1_rr1.wav	468d3d287dd12990fdaf439e44497fe44e37f34e	5d8548ca2673b10dd78b7c644f0a488f4170e333b528630af757b34abd41f814	CC0-1.0
sample	public/samples/levain/double-bass/BKCtbss_Spic_G#1_v1_rr2.wav	Strings/Solo Contrabass/Spic/BKCtbss_Spic_G#1_v1_rr2.wav	ddf5871bec661b4bdf8462459d078b87a60e29fe	038b6f1027e2a1d5c94570544125412672910c5bad3d8d3b8317882d258ae30a	CC0-1.0
sample	public/samples/levain/double-bass/BKCtbss_Spic_G#2_v1_rr1.wav	Strings/Solo Contrabass/Spic/BKCtbss_Spic_G#2_v1_rr1.wav	50ec5338d2532e5eb5baa9fc446119815ea934b0	ec3aa1973906ddad82d83ed5e54a32299c3f413147d97c16f6602340bc9af2f2	CC0-1.0
sample	public/samples/levain/double-bass/BKCtbss_Spic_G#2_v1_rr2.wav	Strings/Solo Contrabass/Spic/BKCtbss_Spic_G#2_v1_rr2.wav	30ad8e0b53c87fb65bcb53ba1dfe2c1c1997736d	5b3cbd541d44e63f3a29f1d8e4dcf76ca77cb87c49526ffeb59e44bbc94e10f6	CC0-1.0
sample	public/samples/levain/double-bass/BKCtbss_Spic_G0_v1_rr1.wav	Strings/Solo Contrabass/Spic/BKCtbss_Spic_G0_v1_rr1.wav	d2fb7767c684ddd8f7a80fc914c837ba35485180	eb98fd107d5a34730061c72f2efb1889103c2a33d1848f8be9c0b26b4fccf96d	CC0-1.0
sample	public/samples/levain/double-bass/BKCtbss_Spic_G0_v1_rr2.wav	Strings/Solo Contrabass/Spic/BKCtbss_Spic_G0_v1_rr2.wav	e76d210ca57dadee06c02a3dbee89b2a4b3a6e5e	f035ce46cbf1753b8e4e466b5a619f9bd9ccb04cab822022d18e132b37c25799	CC0-1.0
sample	public/samples/levain/double-bass/BKCtbss_Spic_G0_v3_rr1.wav	Strings/Solo Contrabass/Spic/BKCtbss_Spic_G0_v3_rr1.wav	08e14035167f3baf33d2388bb3a224b839c18564	239a927ce98a3135e8325d91ef1ee462b5217587fb745c8f64a7951398d0fe79	CC0-1.0
sample	public/samples/levain/double-bass/BKCtbss_Spic_G0_v3_rr2.wav	Strings/Solo Contrabass/Spic/BKCtbss_Spic_G0_v3_rr2.wav	ed9eb3889e172db4dfe32cfde3fde6b692f1432d	496b393a6e4e74ea04000fe84885a064870c62efccf8d5cf04d5dd2fe1df13d0	CC0-1.0
sample	public/samples/levain/double-bass/BKCtbss_SusVib_A#0_v1_rr1.wav	Strings/Solo Contrabass/SusVib/BKCtbss_SusVib_A#0_v1_rr1.wav	6121cdd1a2011599c3f016c8bba312902d8dff5f	bfed36e434e4f8a10abecf9ef8875a409ed32a698ab0faad7e253337c7bc6bf6	CC0-1.0
sample	public/samples/levain/double-bass/BKCtbss_SusVib_A#0_v3_rr1.wav	Strings/Solo Contrabass/SusVib/BKCtbss_SusVib_A#0_v3_rr1.wav	93b045a2ce6f37a7b479ee32c17b87a791bc16e0	f5fca51ec4a3c1d03fcd6a9d94784bf84384c05e309838d6d8929d076762f991	CC0-1.0
sample	public/samples/levain/double-bass/BKCtbss_SusVib_A1_v1_rr1.wav	Strings/Solo Contrabass/SusVib/BKCtbss_SusVib_A1_v1_rr1.wav	552d5297f6a9b0384a4544eda9689fbb1f9f0950	c1594db9e43851d429e34086cf16944b5a9f5e48d544d10ebd17a4f682d376e1	CC0-1.0
sample	public/samples/levain/double-bass/BKCtbss_SusVib_A1_v3_rr1.wav	Strings/Solo Contrabass/SusVib/BKCtbss_SusVib_A1_v3_rr1.wav	2829c3686a2ae6c728cd2c924679b66d850d74de	1abfc2d6bddeabe86b3195e9c4361991ec759b572baac2364ba8072b27903b40	CC0-1.0
sample	public/samples/levain/double-bass/BKCtbss_SusVib_B2_v1_rr1.wav	Strings/Solo Contrabass/SusVib/BKCtbss_SusVib_B2_v1_rr1.wav	ec3908bbb75b03c60c5fdfc182761016e90b3a89	c7d2fcd4794786c654c930b86909cf3ae3e09df37ec1120e13d13a8fbee23f9f	CC0-1.0
sample	public/samples/levain/double-bass/BKCtbss_SusVib_B2_v3_rr1.wav	Strings/Solo Contrabass/SusVib/BKCtbss_SusVib_B2_v3_rr1.wav	9424df5a5e339fc2aec523d78b99efa0de6e4d09	31b343087d55a947c0d7e13a9ac8cdeaf438da1115dcfd96f829ca0d2261ba52	CC0-1.0
sample	public/samples/levain/double-bass/BKCtbss_SusVib_C#2_v1_rr1.wav	Strings/Solo Contrabass/SusVib/BKCtbss_SusVib_C#2_v1_rr1.wav	7c9dde09e9bc254c0b7523ccce679c69b87a25e3	083751a59f87ed5ded98d073226ea975441748ee5a2a1647784029cb60cb4570	CC0-1.0
sample	public/samples/levain/double-bass/BKCtbss_SusVib_C#2_v3_rr1.wav	Strings/Solo Contrabass/SusVib/BKCtbss_SusVib_C#2_v3_rr1.wav	b84db77f1fec73b106f2f108037c66d23a35c1ce	7be4df2b55ed12b796b84575f88d714155b68340a7f667006e5edb84910ef4f3	CC0-1.0
sample	public/samples/levain/double-bass/BKCtbss_SusVib_C1_v1_rr1.wav	Strings/Solo Contrabass/SusVib/BKCtbss_SusVib_C1_v1_rr1.wav	b0698cd7f3deab8320de5bda1d96d1c3443a51b2	35031ed9356f18b2ad4de86fff3192fe0cbcf79d5d63c079285246b51472f280	CC0-1.0
sample	public/samples/levain/double-bass/BKCtbss_SusVib_C1_v3_rr1.wav	Strings/Solo Contrabass/SusVib/BKCtbss_SusVib_C1_v3_rr1.wav	961971106505e82db1b2a2c850e573528a75c6e7	21749ba7c5dc3d7655ce1dde97a0c51daeaa8eb1bbe5d822b32c4b159f3f89e8	CC0-1.0
sample	public/samples/levain/double-bass/BKCtbss_SusVib_D1_v1_rr1.wav	Strings/Solo Contrabass/SusVib/BKCtbss_SusVib_D1_v1_rr1.wav	305eaa62b5a84f1035a8723792fe0f4011d7f9e6	02aafdc953cd07649f4e0be571a5569c80665cf61ac6062b6bae22c302289d2f	CC0-1.0
sample	public/samples/levain/double-bass/BKCtbss_SusVib_D1_v3_rr1.wav	Strings/Solo Contrabass/SusVib/BKCtbss_SusVib_D1_v3_rr1.wav	e66dde25194ee27477b4fdd31fd7726e84df2d73	c554aa070923f478cda513f67b6677c453405cdbdf38c1af681d029b3640ada1	CC0-1.0
sample	public/samples/levain/double-bass/BKCtbss_SusVib_E1_v1_rr1.wav	Strings/Solo Contrabass/SusVib/BKCtbss_SusVib_E1_v1_rr1.wav	b1fbaaf4c5226a1ea8447b4e3687fb0539d62b0c	ffe06f830d10a24f04beb4683d5aae7516810d27c38dba3cc7a55d1c785840cd	CC0-1.0
sample	public/samples/levain/double-bass/BKCtbss_SusVib_E1_v3_rr1.wav	Strings/Solo Contrabass/SusVib/BKCtbss_SusVib_E1_v3_rr1.wav	c1749de03dc4ea9b49eca55318e7698b76e5b65d	aab357aa26c66c89024d241de02570095ad439a9850b98832811f9983a072af3	CC0-1.0
sample	public/samples/levain/double-bass/BKCtbss_SusVib_E2_v1_rr1.wav	Strings/Solo Contrabass/SusVib/BKCtbss_SusVib_E2_v1_rr1.wav	8a7643452697f29cfddba49c23549fdc913a8726	1f4f7b8718c3e3562f4dd851981ceccf2200741573adc24d3f8bfe9fc3087123	CC0-1.0
sample	public/samples/levain/double-bass/BKCtbss_SusVib_E2_v3_rr1.wav	Strings/Solo Contrabass/SusVib/BKCtbss_SusVib_E2_v3_rr1.wav	2fc3c01f5d1a0449489800a5b5dabd3bc8817c80	b21c1861b57c6b7b54270406c6050e20b10a243792595417c7905c44e719ba80	CC0-1.0
sample	public/samples/levain/double-bass/BKCtbss_SusVib_F#0_v1_rr1.wav	Strings/Solo Contrabass/SusVib/BKCtbss_SusVib_F#0_v1_rr1.wav	ddd3f5c1bff906167aa16bee3ceb45589fc32f22	b965551477a816f38305f65b4cfa4595ca5c0d38e92c8b6128f070eb768671b5	CC0-1.0
sample	public/samples/levain/double-bass/BKCtbss_SusVib_F#0_v3_rr1.wav	Strings/Solo Contrabass/SusVib/BKCtbss_SusVib_F#0_v3_rr1.wav	4ffc597b3930f4e383be776141f0dab145120d62	bc9070ac281edf964d9feac92b153325fec22e6a88b53a73acf2aa7850d1b9c3	CC0-1.0
sample	public/samples/levain/double-bass/BKCtbss_SusVib_F#1_v1_rr1.wav	Strings/Solo Contrabass/SusVib/BKCtbss_SusVib_F#1_v1_rr1.wav	cb95407f5853c21b4544a117bcca9cf074f45e71	dbf26625b7e12392fb8222f75b82fc2e48d3121cbb9b7b7ebe6361225b9a2313	CC0-1.0
sample	public/samples/levain/double-bass/BKCtbss_SusVib_F#1_v3_rr1.wav	Strings/Solo Contrabass/SusVib/BKCtbss_SusVib_F#1_v3_rr1.wav	dce2dab98559f73837834f23d80a1f73f6a57ad1	ee6701e62ce18dbf4c20f758e8e164e4334ea0078157df0a7b5afa75be6f36a3	CC0-1.0
sample	public/samples/levain/double-bass/BKCtbss_SusVib_G#1_v1_rr1.wav	Strings/Solo Contrabass/SusVib/BKCtbss_SusVib_G#1_v1_rr1.wav	318147f57e7e2c6c13306e2a703dbcba670454a8	601eda5755db1d15efa3203d457a8c43eb26f85ffe19455bf4efa895ed54adc6	CC0-1.0
sample	public/samples/levain/double-bass/BKCtbss_SusVib_G#1_v3_rr1.wav	Strings/Solo Contrabass/SusVib/BKCtbss_SusVib_G#1_v3_rr1.wav	6f701d221e67b5451cb80affd3002e743c8e4e68	93ffb027fc3725c7da5d80783a81332c5baedd16b3039899a0cb85b96e7b6079	CC0-1.0
sample	public/samples/levain/double-bass/BKCtbss_SusVib_G#2_v1_rr1.wav	Strings/Solo Contrabass/SusVib/BKCtbss_SusVib_G#2_v1_rr1.wav	a9f242894bb6b52da9f7bef619023888e3b70c65	ddde6da7902a3b00d5086bce6604ce1c4b6b6a45e81cff8ea2225420ab3d397d	CC0-1.0
sample	public/samples/levain/double-bass/BKCtbss_SusVib_G#2_v3_rr1.wav	Strings/Solo Contrabass/SusVib/BKCtbss_SusVib_G#2_v3_rr1.wav	e64bf733e9622fb6bea298708d0d30e3ce1c49b6	fefc88c63020db273d4ed7a27b48f00b70945b680e0c64ad7036969b44bf8274	CC0-1.0
sample	public/samples/levain/double-bass/BKCtbss_SusVib_G0_v1_rr1.wav	Strings/Solo Contrabass/SusVib/BKCtbss_SusVib_G0_v1_rr1.wav	35ee3d675424306c55438f2130f2c05e312da3f6	b73fed4cfd524f10eb2879032a44e079346d3b88ed6e5a7f776bc2a11103daab	CC0-1.0
sample	public/samples/levain/double-bass/BKCtbss_SusVib_G0_v3_rr1.wav	Strings/Solo Contrabass/SusVib/BKCtbss_SusVib_G0_v3_rr1.wav	834df8922de2c341ee5f841f5bcc13e0bcb1206c	6d841bd02829835078fc968ffd30ad2c01e458390e2723dac916b1a1115bd666	CC0-1.0
sample	public/samples/levain/flute/LDFlute_stac_A3_v1_rr1.wav	Woodwinds/Flute/stac/LDFlute_stac_A3_v1_rr1.wav	2a0f3517af9d4836f1574514f6aa94c2e9af2587	31dae3abbfa450de1a7dce156e8d966427e7ce562d62151a6a7173d29ef7df88	CC0-1.0
sample	public/samples/levain/flute/LDFlute_stac_A3_v1_rr2.wav	Woodwinds/Flute/stac/LDFlute_stac_A3_v1_rr2.wav	8773c79e9469125ac23c82652314cf136957d709	89b0ade4600edeb035de21cf9101b3f7dd0ea915bd136213a0096eaf8fb9d747	CC0-1.0
sample	public/samples/levain/flute/LDFlute_stac_A3_v2_rr1.wav	Woodwinds/Flute/stac/LDFlute_stac_A3_v2_rr1.wav	407b5658d6f53afc6cc4bee0ba6d8227cef2d547	d951b3e2883a6011c16cce815d92454da66b0b698c7567ec00b3dda2b41264f3	CC0-1.0
sample	public/samples/levain/flute/LDFlute_stac_A3_v2_rr2.wav	Woodwinds/Flute/stac/LDFlute_stac_A3_v2_rr2.wav	7811d912a561d82476b05ccf12357b09718c17cc	9add50ce4ecad6b1ab503ee018c1654a04b00c2e6fe64f450ba5b4b78b0aa5a2	CC0-1.0
sample	public/samples/levain/flute/LDFlute_stac_A3_v3_rr1.wav	Woodwinds/Flute/stac/LDFlute_stac_A3_v3_rr1.wav	a6f3702c0ab6f9e8f49e89fbcfb14714c1299dba	0c8e086a78635939bd8349f5fb1efe79afed00a65bdd948be003f4c29defdf72	CC0-1.0
sample	public/samples/levain/flute/LDFlute_stac_A3_v3_rr2.wav	Woodwinds/Flute/stac/LDFlute_stac_A3_v3_rr2.wav	1e1de61cec1374b07093c7f0ba9e4b4917f8aff9	6c676db1c3d2a52ad685a4d89556475955b5bbdc48078d795721f879ac4573c7	CC0-1.0
sample	public/samples/levain/flute/LDFlute_stac_A4_v1_rr1.wav	Woodwinds/Flute/stac/LDFlute_stac_A4_v1_rr1.wav	dc9bc75e007375269560cff1c5d655bb6dad8025	68451248237e7147d644b1fcb46d6fe93d2e915ac81f8803c751e3eca0419769	CC0-1.0
sample	public/samples/levain/flute/LDFlute_stac_A4_v1_rr2.wav	Woodwinds/Flute/stac/LDFlute_stac_A4_v1_rr2.wav	b435c8c507f7552cf1918867ed76f1e565c22878	8ac0cbc51e1efff7331061e10fc9653e608619f9f67a532696d6fbfc72218da6	CC0-1.0
sample	public/samples/levain/flute/LDFlute_stac_A4_v2_rr1.wav	Woodwinds/Flute/stac/LDFlute_stac_A4_v2_rr1.wav	157ada54c6bcf37349297082a8f5ccb25aeaf15f	92b4993b763f185209a6b2aad79cc163465ed9f94dcec360a2e3b24cc0b57ed8	CC0-1.0
sample	public/samples/levain/flute/LDFlute_stac_A4_v2_rr2.wav	Woodwinds/Flute/stac/LDFlute_stac_A4_v2_rr2.wav	4bba068a8af95507335db23039f76c5020870076	1a5a2abab7f7171ae05c2b256f78c1556084b3acad36f23577b740cfb8b3f035	CC0-1.0
sample	public/samples/levain/flute/LDFlute_stac_A4_v3_rr1.wav	Woodwinds/Flute/stac/LDFlute_stac_A4_v3_rr1.wav	f8a11712d8d5c9b00c39ba552cad6c04a99886a4	10eab910f293c0e478d26cbb67e3b9307d56a40602508d94ab82f647f04d37c3	CC0-1.0
sample	public/samples/levain/flute/LDFlute_stac_A4_v3_rr2.wav	Woodwinds/Flute/stac/LDFlute_stac_A4_v3_rr2.wav	732d10c72e0e4338b850db5395e2535f9605cf82	5f06a84cf84b2dc252a18040c4859f7e906e747e2762707b8ef7e68912422867	CC0-1.0
sample	public/samples/levain/flute/LDFlute_stac_A5_v1_rr1.wav	Woodwinds/Flute/stac/LDFlute_stac_A5_v1_rr1.wav	83f13ab29896ddf57e1815b1d1096a8382009312	575d80a3548ef25cdf4aa7d0783b3ea6639b369a7a3769e34aecfad23e50c9a8	CC0-1.0
sample	public/samples/levain/flute/LDFlute_stac_A5_v1_rr2.wav	Woodwinds/Flute/stac/LDFlute_stac_A5_v1_rr2.wav	d563733ab363be8c350cada4f14e622f0e92a450	1e70a81bcd3b9f6684d8f74f18cbf178267c39131fe8e34f6f3ede0009f863ae	CC0-1.0
sample	public/samples/levain/flute/LDFlute_stac_A5_v2_rr1.wav	Woodwinds/Flute/stac/LDFlute_stac_A5_v2_rr1.wav	77e478a0cd26e6c95f65abba86a4b596f5ef3afb	c57ba9b63ed62797002c26a7dc25d6f291fba6c1d5e7d0642fedd8167f50a1ff	CC0-1.0
sample	public/samples/levain/flute/LDFlute_stac_A5_v2_rr2.wav	Woodwinds/Flute/stac/LDFlute_stac_A5_v2_rr2.wav	5f60918a36e5e7ffdd1c15bb96b175f375207843	cea7742faa82b6a8ff45dabf2be5d2ddca96fe5026e914e8e793aeee9d795286	CC0-1.0
sample	public/samples/levain/flute/LDFlute_stac_A5_v3_rr1.wav	Woodwinds/Flute/stac/LDFlute_stac_A5_v3_rr1.wav	978fcc6601c4a22da897daf27478f2a3a87142e2	9161e3d9ee07c15d6dbc08162f6f077e0c869719467490db598b2a4153c62b6b	CC0-1.0
sample	public/samples/levain/flute/LDFlute_stac_A5_v3_rr2.wav	Woodwinds/Flute/stac/LDFlute_stac_A5_v3_rr2.wav	304cdc1b7b585401196affc64e8c91d5d0d246f7	00a155c4ec99650c55b5c66c77ebf3a62dd26b154d831ce9dab6816b42cc3745	CC0-1.0
sample	public/samples/levain/flute/LDFlute_stac_C4_v1_rr1.wav	Woodwinds/Flute/stac/LDFlute_stac_C4_v1_rr1.wav	cc11ab21c37ceee6267a791a9358d5ac9860362a	befba17301cc5ce3a4d55e05374659464040339b5cea8e35259df54f3bad44b3	CC0-1.0
sample	public/samples/levain/flute/LDFlute_stac_C4_v1_rr2.wav	Woodwinds/Flute/stac/LDFlute_stac_C4_v1_rr2.wav	1a973d51468fd947bef76659027f23cb158d98cb	b3a1a3a1f92ca30c7b726d89745acf20328c35c6591b53bc3bfceda5cc2bee07	CC0-1.0
sample	public/samples/levain/flute/LDFlute_stac_C4_v2_rr1.wav	Woodwinds/Flute/stac/LDFlute_stac_C4_v2_rr1.wav	77cda69826c9ca4cd3e2b9512676b88ee12cc6ec	dc1938d6becee0d3c175b69899490cb7a24e1ad8d73a57668835afd2ae516838	CC0-1.0
sample	public/samples/levain/flute/LDFlute_stac_C4_v2_rr2.wav	Woodwinds/Flute/stac/LDFlute_stac_C4_v2_rr2.wav	6c825fb1110cc9bce3d86c9950f098c07faf84f5	cd6598682fc02f15a7ba2eb7bfda54415dfba41bc749d8760bbbc501c24c1869	CC0-1.0
sample	public/samples/levain/flute/LDFlute_stac_C4_v3_rr1.wav	Woodwinds/Flute/stac/LDFlute_stac_C4_v3_rr1.wav	681ee8fa3bf49317d8c42f4ae46cbc5d920db08a	99dce3b0ef1d89d1dbc87d1e29ff6b11bcc78dc2ae4dfdeb18e2fa35241a6672	CC0-1.0
sample	public/samples/levain/flute/LDFlute_stac_C4_v3_rr2.wav	Woodwinds/Flute/stac/LDFlute_stac_C4_v3_rr2.wav	cb05fb2c3bdf95dd5dbce91140bbd05a395689d2	1e28d132c3df678c735c4e6b6521a0e6d96491727165f91e05acdc86488e1f2e	CC0-1.0
sample	public/samples/levain/flute/LDFlute_stac_C4_v4_rr1.wav	Woodwinds/Flute/stac/LDFlute_stac_C4_v4_rr1.wav	2ce4efec9fbd90f4c4c10c62e02e75642ff94afc	758937fbe62fa595f0c5e146f6f88540357979042a73d2d4b5c0674770fd178f	CC0-1.0
sample	public/samples/levain/flute/LDFlute_stac_C4_v4_rr2.wav	Woodwinds/Flute/stac/LDFlute_stac_C4_v4_rr2.wav	c8af86c554c183b4ee9af8354a32c7405edf2a03	15e73679f2d170b475b31bf5a91627b106c5846e58c928e10a8f1271f96a0562	CC0-1.0
sample	public/samples/levain/flute/LDFlute_stac_C5_v1_rr1.wav	Woodwinds/Flute/stac/LDFlute_stac_C5_v1_rr1.wav	2ad0bdf7c8f63a27ceba44e55a66f678aec5ac66	84adcdbe5387bc134467342c00a3819f9c3d6bb13efd5343a7ec552c02e8cffa	CC0-1.0
sample	public/samples/levain/flute/LDFlute_stac_C5_v1_rr2.wav	Woodwinds/Flute/stac/LDFlute_stac_C5_v1_rr2.wav	08a4d87be820f096522e2e7cdd98d15728b97972	47a434e86aecc1be9e6d6e0f0490e5048e59dde6a27d040ff55047d40729428a	CC0-1.0
sample	public/samples/levain/flute/LDFlute_stac_C5_v2_rr1.wav	Woodwinds/Flute/stac/LDFlute_stac_C5_v2_rr1.wav	8da3b215649aacc8e0590080987034bddbcaac16	11eefb155e4d6dced1059363a00915c3b606ab05e41c98bd83e19e57cd1ca9e7	CC0-1.0
sample	public/samples/levain/flute/LDFlute_stac_C5_v2_rr2.wav	Woodwinds/Flute/stac/LDFlute_stac_C5_v2_rr2.wav	0316fbb6ccd256ec3608a19960088e12d42509ad	824e91dd5ddcbe28bf577fe4286ceb2c98e455710810b19482be3e5c5dc9cb20	CC0-1.0
sample	public/samples/levain/flute/LDFlute_stac_C5_v3_rr1.wav	Woodwinds/Flute/stac/LDFlute_stac_C5_v3_rr1.wav	0db3fd155b3d492e05fbcbcb6293ce3d1a369d8b	e1a08c8f8333c6b4cace01bb6a61e852808a6925c0a4dbde358878f313b5cc55	CC0-1.0
sample	public/samples/levain/flute/LDFlute_stac_C5_v3_rr2.wav	Woodwinds/Flute/stac/LDFlute_stac_C5_v3_rr2.wav	7895f93485086509368fddda659a686ea7f36874	731fdf995ff223db441b8bf259a4d5535ddfabc6d3342ae3916d8f3991de1be0	CC0-1.0
sample	public/samples/levain/flute/LDFlute_stac_C6_v1_rr1.wav	Woodwinds/Flute/stac/LDFlute_stac_C6_v1_rr1.wav	5f25219f618d81218fc21ffa0aa6984c4ae792d5	46923b2094beffec7aee4879b5dbdcab5d46df545f74d9f2fd7c663de657ecf5	CC0-1.0
sample	public/samples/levain/flute/LDFlute_stac_C6_v1_rr2.wav	Woodwinds/Flute/stac/LDFlute_stac_C6_v1_rr2.wav	3e85d1ce95de1e6a44d61278393cf2becaef2dff	edcee29fb13f637cfbedacaf83ac9a15173bc857b9853468a93f087d9fd95c1b	CC0-1.0
sample	public/samples/levain/flute/LDFlute_stac_C6_v2_rr1.wav	Woodwinds/Flute/stac/LDFlute_stac_C6_v2_rr1.wav	da1e5de1f88dc57eb5132bc45c891324386498f3	ef37125091975656951d20ff99b671671e4a1d5647b0617bd7a24621ece90681	CC0-1.0
sample	public/samples/levain/flute/LDFlute_stac_C6_v2_rr2.wav	Woodwinds/Flute/stac/LDFlute_stac_C6_v2_rr2.wav	d2a1a315f83727b56cf8a3ae4e7252ce0785788f	8cfb906d5c80f79ce8d1ab8bc60e519596d6d7c937231b3351c8925747110145	CC0-1.0
sample	public/samples/levain/flute/LDFlute_stac_E4_v1_rr1.wav	Woodwinds/Flute/stac/LDFlute_stac_E4_v1_rr1.wav	5889259f046de2eb164eab673df185fa0c3ac57c	83891b2dade3efda9a3e932915e1f95c73f5d67743fe7db389689ad3b939b6e7	CC0-1.0
sample	public/samples/levain/flute/LDFlute_stac_E4_v1_rr2.wav	Woodwinds/Flute/stac/LDFlute_stac_E4_v1_rr2.wav	708bd49a52938f62eff5f283b9bac864f47931b0	ea39bac7a9471255cd4babffa40cb528175d9a0526e8832d00aa907b2a7c8bb9	CC0-1.0
sample	public/samples/levain/flute/LDFlute_stac_E4_v2_rr1.wav	Woodwinds/Flute/stac/LDFlute_stac_E4_v2_rr1.wav	dba5a5b646d5229dab45ba98f947459e08aae9f8	0d57d2bae924f0c0ad587165013030f167429b1f116b0b3332b56ff6cc043549	CC0-1.0
sample	public/samples/levain/flute/LDFlute_stac_E4_v2_rr2.wav	Woodwinds/Flute/stac/LDFlute_stac_E4_v2_rr2.wav	e2360dcb699e7ad82cc2e5a2e11bc273b5a6c82a	9d60b93762fbff2c3d06ffefd84f8d5440cc3329067038c7a89bed6459e404d6	CC0-1.0
sample	public/samples/levain/flute/LDFlute_stac_E4_v3_rr1.wav	Woodwinds/Flute/stac/LDFlute_stac_E4_v3_rr1.wav	a22d5efeba91a8852b08e52b8d735e1f3e72f258	15ec8bc4d519e678289da72cfbbf14e93f38a4b2fa6d4e4be7008a7926f7d427	CC0-1.0
sample	public/samples/levain/flute/LDFlute_stac_E4_v3_rr2.wav	Woodwinds/Flute/stac/LDFlute_stac_E4_v3_rr2.wav	9a8b8dc1f0ba7b5c5e90eb9ecb1d3f58c3dd2dc3	1a99d9a94ecc808d028be34d4daac05f062d7e4cc13b077b729c635ec39d5ef0	CC0-1.0
sample	public/samples/levain/flute/LDFlute_stac_E5_v1_rr1.wav	Woodwinds/Flute/stac/LDFlute_stac_E5_v1_rr1.wav	f2b06b1570e41b20609cdc92d03796de1038a749	44e211b377b4920f77e60f24ed37ef5236b21a34de7c44f03ac42b7007d668da	CC0-1.0
sample	public/samples/levain/flute/LDFlute_stac_E5_v1_rr2.wav	Woodwinds/Flute/stac/LDFlute_stac_E5_v1_rr2.wav	a8df869a4c18de9c0c4d67ace8a567c56146c7bc	76f07a3f7770418eb18a974aa3e8befaa314f20462fdb19fca9d2e9ce83d7cbc	CC0-1.0
sample	public/samples/levain/flute/LDFlute_stac_E5_v2_rr1.wav	Woodwinds/Flute/stac/LDFlute_stac_E5_v2_rr1.wav	ab73651d5fdd1ab9a807f1087ef2403c8d54d6b2	af5eac8faf4416fef53574f537d612f29778810d9faa5dcc1f2b5db38cd91e52	CC0-1.0
sample	public/samples/levain/flute/LDFlute_stac_E5_v2_rr2.wav	Woodwinds/Flute/stac/LDFlute_stac_E5_v2_rr2.wav	4f817cd09481652addcc9b97b7851a61d3069f8e	a5a50b87bda3fc15781a8d20a66f8d0dedbad082df4e88673e93b2887c1194d5	CC0-1.0
sample	public/samples/levain/flute/LDFlute_stac_E5_v3_rr1.wav	Woodwinds/Flute/stac/LDFlute_stac_E5_v3_rr1.wav	9cf88368de0a36a26d1ab170ec38c07a785c488b	705fd3584fbdbc187c5bf1411683dc6193d62e79a33fad713aed7a28f3af6c65	CC0-1.0
sample	public/samples/levain/flute/LDFlute_stac_E5_v3_rr2.wav	Woodwinds/Flute/stac/LDFlute_stac_E5_v3_rr2.wav	d77b4c5111ce18d4517d200cac675fb92988dd64	3186669ebfdc3085d123f199061141ae7cee861c380e60cdf52fab888dfe4d8d	CC0-1.0
sample	public/samples/levain/flute/LDFlute_susvib_A3_v1_1.wav	Woodwinds/Flute/susvib/LDFlute_susvib_A3_v1_1.wav	1e8972d4e28dbf8b48e348b93c7862f29b0edfab	4ea04a7a2ba152752e1b475798619a62f2546f54972caa6ddcd88f29a2046c81	CC0-1.0
sample	public/samples/levain/flute/LDFlute_susvib_A4_v1_1.wav	Woodwinds/Flute/susvib/LDFlute_susvib_A4_v1_1.wav	1202232193c565a79618a1696913714e9fe1ad20	cf3c1c30943b8b8ef8b5b9ced89430c014987a037204098d002f86e424391ba9	CC0-1.0
sample	public/samples/levain/flute/LDFlute_susvib_A5_v1_1.wav	Woodwinds/Flute/susvib/LDFlute_susvib_A5_v1_1.wav	1114c8bf25896d3ee2f7d257c5d81e426fef2cc5	067a42df19ec1864389c28235a6794033471c0ffa3d7e16637396a505ca7d7fd	CC0-1.0
sample	public/samples/levain/flute/LDFlute_susvib_C3_v1_1.wav	Woodwinds/Flute/susvib/LDFlute_susvib_C3_v1_1.wav	50220315ef8ca85e92b8809f6c0e15a0c4954cce	073631c8442b275d803e608e840c2ce6cad3b08320018e08510cf3cb57373154	CC0-1.0
sample	public/samples/levain/flute/LDFlute_susvib_C4_v1_1.wav	Woodwinds/Flute/susvib/LDFlute_susvib_C4_v1_1.wav	7be22f8b86e5dc405a10f51dd71d44712d23c9aa	e88a0ff35e6b8c29fd88bc778a4c817d955b2c3a2934def97a7d093b72e2ae97	CC0-1.0
sample	public/samples/levain/flute/LDFlute_susvib_C4_v1_2.wav	Woodwinds/Flute/susvib/LDFlute_susvib_C4_v1_2.wav	18bfcccf848cfb4d8d10a005174408ef66fb1cae	20dba9acc31536b3758a50f9b09e17245eb35f7cfffb17a97314b73f8cfe6e60	CC0-1.0
sample	public/samples/levain/flute/LDFlute_susvib_C5_v1_1.wav	Woodwinds/Flute/susvib/LDFlute_susvib_C5_v1_1.wav	5dc3e06072700651fe1844aafd304633692c6e97	ecb78c59069866ea7c3327594851827cd2f50c5d411aad422269a88e53614fbe	CC0-1.0
sample	public/samples/levain/flute/LDFlute_susvib_C6_v1_1.wav	Woodwinds/Flute/susvib/LDFlute_susvib_C6_v1_1.wav	f98e1ff1bc4d3dd23cb689de548e13bbfd48ebbb	0ead172a529daad09ecbab66027027b92189afe79f50f71dc20ee58ca66c9135	CC0-1.0
sample	public/samples/levain/flute/LDFlute_susvib_E3_v1_1.wav	Woodwinds/Flute/susvib/LDFlute_susvib_E3_v1_1.wav	ee1008bf0f9dde16d2c584b0cca67fc79889d298	831386b21a704a5fccf204b18a536d638ea191f1b56662200192241215e21abd	CC0-1.0
sample	public/samples/levain/flute/LDFlute_susvib_E4_v1_1.wav	Woodwinds/Flute/susvib/LDFlute_susvib_E4_v1_1.wav	19c052eab97d1e823fd7d8344c05d94dc7dd4733	83d4eed0c54ebfe25fe9dfb0475fb90a88a43d11777bc2afac879b8b695e494c	CC0-1.0
sample	public/samples/levain/flute/LDFlute_susvib_E4_v1_2.wav	Woodwinds/Flute/susvib/LDFlute_susvib_E4_v1_2.wav	5df7941f73d2de88cfe8890d52031b4e3fa2b8b4	84c1ecc4e989f25ca72d50dd2f9a5a7d6dfee5084468bfc0e83a33950ec0ce4d	CC0-1.0
sample	public/samples/levain/flute/LDFlute_susvib_E5_v1_1.wav	Woodwinds/Flute/susvib/LDFlute_susvib_E5_v1_1.wav	14e407aa2cfd07b98585ebf7963d3c30be6f85dc	6eab0a4827c43b49415cb0c846affd40e9555c884c74683422554923faf17681	CC0-1.0
sample	public/samples/levain/flute/LDFlute_susvib_E5_v1_2.wav	Woodwinds/Flute/susvib/LDFlute_susvib_E5_v1_2.wav	45c715c6e1ca72e4535b9723a030024fea16f40a	87aa10af26ddb9cfbfda1f93831c7031d2f4564f260b71209796a7bc485ec6d4	CC0-1.0
sample	public/samples/levain/glockenspiel/glock_medium_C5.wav	Percussion/Glock/glock_medium_C5.wav	db079c70946137f543820b6a6ac023d0afaac47c	635f898e0bcb6975b96b18efd9c896f6f1b97ff12174a339ada4814e49675660	CC0-1.0
sample	public/samples/levain/glockenspiel/glock_medium_C6.wav	Percussion/Glock/glock_medium_C6.wav	c02ff721d10eb3551372806653368f45ea5dc367	e942cbf502cf6731df2925945fe3234c876cb63f047d91007b6929887f9e4904	CC0-1.0
sample	public/samples/levain/glockenspiel/glock_medium_C7.wav	Percussion/Glock/glock_medium_C7.wav	a0f4aff9ef7d73e49a16f4054ead1369a78572b0	b2ecbe0e60c983bbfaa49a1f45f8a11559f7dba27b8c8a032eb2cb7366a36910	CC0-1.0
sample	public/samples/levain/glockenspiel/glock_medium_G4.wav	Percussion/Glock/glock_medium_G4.wav	a7d9ca6c68e4c56327d83f0653ee3e16e4810265	6c4649b13e24fa01e4634edad8fe8edf18aef33facc5d49fe53097b376bac4da	CC0-1.0
sample	public/samples/levain/glockenspiel/glock_medium_G5.wav	Percussion/Glock/glock_medium_G5.wav	dbaf80bc3975016095de3a611a202b581931311c	7045c0ef7260e2f1ad11a64406cf7575ed898d1207a91104d33d78caefac63e4	CC0-1.0
sample	public/samples/levain/glockenspiel/glock_medium_G6.wav	Percussion/Glock/glock_medium_G6.wav	e95738492bdc207b11ad32891a9a1ea090b6719e	a2ba94e59119cd5272c1161fc8b8fbfb94c7b44de45a9a6cc5973b1c332103af	CC0-1.0
sample	public/samples/levain/horn/MOHorn_stac_A#1_v1_rr1.wav	Brass/F Horn/stac/MOHorn_stac_A#1_v1_rr1.wav	0ad23ac3fb888d58998c243366d8bc6a6a6ab945	1d5023c33d32600268aa2394b98cfc618069191cd506734cb13dc08302b5b1d4	CC0-1.0
sample	public/samples/levain/horn/MOHorn_stac_A#1_v2_rr1.wav	Brass/F Horn/stac/MOHorn_stac_A#1_v2_rr1.wav	4695bb104ac11fe68c4a104860496977394eb64a	21ff086ea3846becf0374f3e3a575707b8debbc4b9a94b7b2675fe53a87807fb	CC0-1.0
sample	public/samples/levain/horn/MOHorn_stac_A#1_v2_rr2.wav	Brass/F Horn/stac/MOHorn_stac_A#1_v2_rr2.wav	5505a18af7635f4e77f5f884dc39f90177cb9b6a	94f1e43904b4334e3fbdcf3df8365395a0bdcd1cd0913d8c9e554516a281e71e	CC0-1.0
sample	public/samples/levain/horn/MOHorn_stac_A#1_v3_rr1.wav	Brass/F Horn/stac/MOHorn_stac_A#1_v3_rr1.wav	4eecb34737af98b755d811073800cdc2d3f5e614	828c665405c5e8a2cca132ab64d351d29d9a6b3a8a0a44a67953fcd8e79d904b	CC0-1.0
sample	public/samples/levain/horn/MOHorn_stac_A#1_v3_rr2.wav	Brass/F Horn/stac/MOHorn_stac_A#1_v3_rr2.wav	a870bfb0261f586982d44676c47126bfb98b883d	8d6e6d0755d6cf474b1a2e002f3ffe42469686c27436ec1d9d5221d213670461	CC0-1.0
sample	public/samples/levain/horn/MOHorn_stac_A0_v1_rr1.wav	Brass/F Horn/stac/MOHorn_stac_A0_v1_rr1.wav	21cdbc65e41581f2f056d7843a9051046454c2b9	a34f47c1b1c71ae6c782e0ca348892375321e98b991424de97b87b59a725e02b	CC0-1.0
sample	public/samples/levain/horn/MOHorn_stac_A0_v1_rr2.wav	Brass/F Horn/stac/MOHorn_stac_A0_v1_rr2.wav	aae88ff21fcb891fed3ffce10c327042b3ebe09d	5aeea07a1130b0a675f9ae6806c4447bb5e5395454b9e5ff7642cf48baac2d5a	CC0-1.0
sample	public/samples/levain/horn/MOHorn_stac_A2_v1_rr1.wav	Brass/F Horn/stac/MOHorn_stac_A2_v1_rr1.wav	0d38b7c363d9e738c102ea45b6fe17467331578e	61b46b009e4225c4784e76ef0b4bb04e017dba343f3fe591dad5396220545ae2	CC0-1.0
sample	public/samples/levain/horn/MOHorn_stac_A2_v1_rr2.wav	Brass/F Horn/stac/MOHorn_stac_A2_v1_rr2.wav	13138976e958f01bf919bcd31208116775beeda0	206449bdea184458f8ee30b5ddc26bf388bb565711afb6454a9445b2cb5753f7	CC0-1.0
sample	public/samples/levain/horn/MOHorn_stac_A2_v2_rr1.wav	Brass/F Horn/stac/MOHorn_stac_A2_v2_rr1.wav	6a8e9210be8110d882d8802b6220a5fabc700f14	1f7159887489a01fe61a53c47ed09c3f460d59e25f391a1bd851e725c039228c	CC0-1.0
sample	public/samples/levain/horn/MOHorn_stac_A2_v2_rr2.wav	Brass/F Horn/stac/MOHorn_stac_A2_v2_rr2.wav	b23c4741a106b8d7316516b2db6c4c976e44374b	bdfcde94e020d394761d7055eb7dc6f03683184d0ec8750cfa0b24a28b07b04b	CC0-1.0
sample	public/samples/levain/horn/MOHorn_stac_A2_v3_rr1.wav	Brass/F Horn/stac/MOHorn_stac_A2_v3_rr1.wav	81272129a1b36a49bf14cb044944cba081923699	71941b2d1ee773e2330aba86d0dc02985cac76cd3ea59d2f6a083935dc8d8410	CC0-1.0
sample	public/samples/levain/horn/MOHorn_stac_A2_v3_rr2.wav	Brass/F Horn/stac/MOHorn_stac_A2_v3_rr2.wav	8dc8428dc7a7e3da2ab0dfbd0579140275561504	b5ad95cae32d0c9a3f30ecc9baafa7de8fe7dd7cb731db0be9873fce45e5b1fe	CC0-1.0
sample	public/samples/levain/horn/MOHorn_stac_C1_v1_rr1.wav	Brass/F Horn/stac/MOHorn_stac_C1_v1_rr1.wav	8be34036567895ad596631913b481a044afe5228	65fb7c746fc41f0133ed5b230abf76fc6df60b16b43fc2d338b49c0a364c2551	CC0-1.0
sample	public/samples/levain/horn/MOHorn_stac_C1_v1_rr2.wav	Brass/F Horn/stac/MOHorn_stac_C1_v1_rr2.wav	74754adfb070dc97b81237cf2df725cca8eee845	5de81f1f31dbe7724127fa16a8ea9aac918710c9f69e1c41bd42cbc811be970e	CC0-1.0
sample	public/samples/levain/horn/MOHorn_stac_C1_v2_rr1.wav	Brass/F Horn/stac/MOHorn_stac_C1_v2_rr1.wav	67abd61db24af51a4d9e662f1377098b7be16d20	52ecbed088857dc7e94c395e506e2dadda7ba66f1c7ebea13b5ed4197a7240c7	CC0-1.0
sample	public/samples/levain/horn/MOHorn_stac_C1_v2_rr2.wav	Brass/F Horn/stac/MOHorn_stac_C1_v2_rr2.wav	ea9f7e517d0adcb0160c3a7fe1dd1a999ea23e6d	62da75f0d8ed99a1fda922eac4dec9684dd2e23dd8adc71c259ecbb571588d14	CC0-1.0
sample	public/samples/levain/horn/MOHorn_stac_C3_v1_rr1.wav	Brass/F Horn/stac/MOHorn_stac_C3_v1_rr1.wav	e9852c8758d48a52867de600c0e7575bb09c5d50	207dfd22aa76f803e52db44eda3ab76d6700bd86482be3c552b3d185bb14b014	CC0-1.0
sample	public/samples/levain/horn/MOHorn_stac_C3_v1_rr2.wav	Brass/F Horn/stac/MOHorn_stac_C3_v1_rr2.wav	d8423035c775845a17bb2d191c7c52e39ec53458	edfb1457b6c5f0589eda0c8d72695634605a52e5483ee379fb0fbb678b94f2a8	CC0-1.0
sample	public/samples/levain/horn/MOHorn_stac_C3_v2_rr1.wav	Brass/F Horn/stac/MOHorn_stac_C3_v2_rr1.wav	674eb871334956e97c2fbbe0954bb412f9fac62b	fdaf3d5ad1e732a6e8e466ee232b101fe83b4cc79e79941315fba3037666eedf	CC0-1.0
sample	public/samples/levain/horn/MOHorn_stac_C3_v2_rr2.wav	Brass/F Horn/stac/MOHorn_stac_C3_v2_rr2.wav	e4915198b7c7fa377c7a53b730ca16ef9d6a07ea	5c030d793aea9e7f07c31b8ed6f9b65ad183bfca87f424bf8c1545843aa734b1	CC0-1.0
sample	public/samples/levain/horn/MOHorn_stac_C3_v3_rr1.wav	Brass/F Horn/stac/MOHorn_stac_C3_v3_rr1.wav	e7974939bf27e3b7c6bc7b79340f1a251d8ad869	7ea5a48590310d32b29aa3046f7ca2708b8f233067352001e6043095d6dac1b6	CC0-1.0
sample	public/samples/levain/horn/MOHorn_stac_C3_v3_rr2.wav	Brass/F Horn/stac/MOHorn_stac_C3_v3_rr2.wav	f7c9a73161cf5096507c550f87f04afd491bee98	404a4a516d397bc64f2dd1986dc3efa69ab361763ff814c562ce29e6d64ba3d8	CC0-1.0
sample	public/samples/levain/horn/MOHorn_stac_D#1_v1_rr1.wav	Brass/F Horn/stac/MOHorn_stac_D#1_v1_rr1.wav	fabbe689f05387f0862de2f2db1c3d9f7929e2dc	b7a3cd969bbfeee74874650fa76b2ad90241c3cec5bda22bcbf485ae4525cfa2	CC0-1.0
sample	public/samples/levain/horn/MOHorn_stac_D#1_v1_rr2.wav	Brass/F Horn/stac/MOHorn_stac_D#1_v1_rr2.wav	70e9bc1c6aea8894e48564823f248f25f2053bf2	d32126845978d41c1b068c9836d446790aa4b7df310ff62378aaadfa98a12792	CC0-1.0
sample	public/samples/levain/horn/MOHorn_stac_D#1_v2_rr1.wav	Brass/F Horn/stac/MOHorn_stac_D#1_v2_rr1.wav	80f44b6df8dbf2eb92e9ee88f3f1173a3f3dafd6	53db1abfcc4bc920707b8a8bad3bc4e84ac90b6319239f771cac6bda49bfe28e	CC0-1.0
sample	public/samples/levain/horn/MOHorn_stac_D#1_v2_rr2.wav	Brass/F Horn/stac/MOHorn_stac_D#1_v2_rr2.wav	69d02d36f92ed2ffb2938561c1066f57041ee41f	fdee561fc22fc4ceef9a1916539bf12b83adfffa18f9d5b3a8585623e963980f	CC0-1.0
sample	public/samples/levain/horn/MOHorn_stac_D2_v1_rr1.wav	Brass/F Horn/stac/MOHorn_stac_D2_v1_rr1.wav	05a4dc149ca7f958a98caed1343f2bce2dbcefa9	a253fa6b7e27762e81e7ca255c687fdb738a420e98bb9adb7a20082e4ce44cff	CC0-1.0
sample	public/samples/levain/horn/MOHorn_stac_D2_v1_rr2.wav	Brass/F Horn/stac/MOHorn_stac_D2_v1_rr2.wav	eaed62522cec5b188bee039b4fa2b18c7b636297	56e68aaa4a3e8fbfe9505eed99908e669abc018ca08a0a8268e25afe67dc8c5d	CC0-1.0
sample	public/samples/levain/horn/MOHorn_stac_D2_v2_rr1.wav	Brass/F Horn/stac/MOHorn_stac_D2_v2_rr1.wav	d6a5165f419819413bf907b65c2bec795ba864db	aa488c9a79b1ddca82d82e216b912be61a33c649a1d58841882556883d1b0654	CC0-1.0
sample	public/samples/levain/horn/MOHorn_stac_D2_v2_rr2.wav	Brass/F Horn/stac/MOHorn_stac_D2_v2_rr2.wav	ebb78e98cacebf05e2016b9a244ce0f4481a9621	5bcc9100969986ec20b7252096c2ee5d8769cb8dc86ac8e236d3fe997e1adc1c	CC0-1.0
sample	public/samples/levain/horn/MOHorn_stac_D2_v3_rr1.wav	Brass/F Horn/stac/MOHorn_stac_D2_v3_rr1.wav	f86313efe12277b893333660a562a1f3d4ef0afc	1960b9d7f8c3cd4e0532fc540d60c3b323e8c91e9e5d3a0b0bf2fbf0803f0951	CC0-1.0
sample	public/samples/levain/horn/MOHorn_stac_D2_v3_rr2.wav	Brass/F Horn/stac/MOHorn_stac_D2_v3_rr2.wav	c713805a6c02679c4f141de8971dfce8afa51d74	27bb5ce82f25a12ca7cc0ef3cd6e38ff3dc8288fc5e6725c7c5160e73e192ecd	CC0-1.0
sample	public/samples/levain/horn/MOHorn_stac_D4_v1_rr1.wav	Brass/F Horn/stac/MOHorn_stac_D4_v1_rr1.wav	e6104e3514a59841d25c519a22305f021d750e64	40e0ddc7e92c5c5d73241bb78795c03ce902cb8ef1219ea4f62761f5385f2f5f	CC0-1.0
sample	public/samples/levain/horn/MOHorn_stac_D4_v1_rr2.wav	Brass/F Horn/stac/MOHorn_stac_D4_v1_rr2.wav	70d735e5b6dbff7ff8217e16e89402a5f325d43d	ba9639f822b58d97263298a7e60042fb72de0f78770e76ed9b4470d8ea153c92	CC0-1.0
sample	public/samples/levain/horn/MOHorn_stac_D4_v2_rr1.wav	Brass/F Horn/stac/MOHorn_stac_D4_v2_rr1.wav	a06da55ae32393863f62ec4e26c2703f210a1017	06003ac8bfaa154949296447bf6b5cf74df9656137402564ab0717e91bd00714	CC0-1.0
sample	public/samples/levain/horn/MOHorn_stac_D4_v2_rr2.wav	Brass/F Horn/stac/MOHorn_stac_D4_v2_rr2.wav	28bf3a642d65cd12246f0745f3415092ede96a09	e96e04228c61ec6895e9b1c3f7c9e742e4e5e4e0a3761ee0d2a8ba09dedab456	CC0-1.0
sample	public/samples/levain/horn/MOHorn_stac_D4_v3_rr1.wav	Brass/F Horn/stac/MOHorn_stac_D4_v3_rr1.wav	a7d84979e0f58e5a6ebcf0f6620e50064aef232c	14724f3fc89936848381cd8a2399653bacd551364f8118673c0b98ce4d16160f	CC0-1.0
sample	public/samples/levain/horn/MOHorn_stac_D4_v3_rr2.wav	Brass/F Horn/stac/MOHorn_stac_D4_v3_rr2.wav	5e86bad3c152fbe75bebcf52d82f54f482292da6	39dd7864c154d126a549eb075e67a8e2b4894bf4341b7593365625f917a627fe	CC0-1.0
sample	public/samples/levain/horn/MOHorn_stac_F2_v1_rr1.wav	Brass/F Horn/stac/MOHorn_stac_F2_v1_rr1.wav	a3a28ef5bbf2f6698e28b9f264c37a7f7852e876	7322d138d3699b59b7441b9f240d5262b1151b8a97d4918efb8233a1c6d4086b	CC0-1.0
sample	public/samples/levain/horn/MOHorn_stac_F2_v1_rr2.wav	Brass/F Horn/stac/MOHorn_stac_F2_v1_rr2.wav	36ea670efec820a74036244c830dd6a1717e6dbc	9d44f0dffe59dcb872a73fdeb43c41ac397a99c99c5d1afb3b4f99f50ae885a5	CC0-1.0
sample	public/samples/levain/horn/MOHorn_stac_F2_v2_rr1.wav	Brass/F Horn/stac/MOHorn_stac_F2_v2_rr1.wav	6d312fa649c6bb8bed53fd9d5b5d8f4d0e7c03b1	13e10aa9d65c9dfac0926db82b87b83eae460c8806b8c909f537f684db05c0af	CC0-1.0
sample	public/samples/levain/horn/MOHorn_stac_F2_v2_rr2.wav	Brass/F Horn/stac/MOHorn_stac_F2_v2_rr2.wav	0cbed0b3f735964ccd62352e0329d280d095c1e3	a8d056d5e0333417b97e89814c899b02e2d1b83abaa0358c6d616fc872251941	CC0-1.0
sample	public/samples/levain/horn/MOHorn_stac_F2_v3_rr1.wav	Brass/F Horn/stac/MOHorn_stac_F2_v3_rr1.wav	be315404c5fafc92dd9a064607db00c488f369e4	1f6df484f8b62e31f1add13ea2599ecfcfeec5ecbe4701b26480f13478df7ba8	CC0-1.0
sample	public/samples/levain/horn/MOHorn_stac_F2_v3_rr2.wav	Brass/F Horn/stac/MOHorn_stac_F2_v3_rr2.wav	1fe4faa5848826fd908cadf9aad81bad090a5e18	c9b75a0334b160b068c259319255fd9b37329c4d84ad909ab0006eb68b1185ef	CC0-1.0
sample	public/samples/levain/horn/MOHorn_stac_F4_v1_rr1.wav	Brass/F Horn/stac/MOHorn_stac_F4_v1_rr1.wav	0dbd4dd983ad393e1b8870eef3db68edde128c41	e79f38f75f32035966dc7630d9ef0eb747ef6a6b165425eea47f3c82d35d118b	CC0-1.0
sample	public/samples/levain/horn/MOHorn_stac_F4_v1_rr2.wav	Brass/F Horn/stac/MOHorn_stac_F4_v1_rr2.wav	58139112fa3ce20a7e5d872048f329ccbc4c74a6	4b2f9dd64b2c2f8f6ff8e9eb68d699e1fa1d80947df991c4dab419cc0c437cc9	CC0-1.0
sample	public/samples/levain/horn/MOHorn_stac_F4_v2_rr1.wav	Brass/F Horn/stac/MOHorn_stac_F4_v2_rr1.wav	dddbe9bbccc37615ad633ffb0d0bbf51275b2c0b	a8abc312d5fc44ccc2b076aaf22932a0011c1c30c35a57565c8f584df1d75e92	CC0-1.0
sample	public/samples/levain/horn/MOHorn_stac_F4_v2_rr2.wav	Brass/F Horn/stac/MOHorn_stac_F4_v2_rr2.wav	0c6534363ae031ddca9fee5d01cf989d2b8ec1b2	06ab406082fac50d40d3520ec880c676af6aa686f0b0695638653a70091f8f44	CC0-1.0
sample	public/samples/levain/horn/MOHorn_stac_F4_v3_rr1.wav	Brass/F Horn/stac/MOHorn_stac_F4_v3_rr1.wav	79ef903028b1ace619f9ae03153428ad5da841b2	22cf85150dd1f1d4bc60b83fd63109c2e434afa19c9eb94e961a14c10711dc7b	CC0-1.0
sample	public/samples/levain/horn/MOHorn_stac_G1_v1_rr1.wav	Brass/F Horn/stac/MOHorn_stac_G1_v1_rr1.wav	5133c5597d11973de6c740360166d03002c5228b	4f6809debdca46493c7e477cff6258eb2ea78ec89287c34d0b45e74489e649af	CC0-1.0
sample	public/samples/levain/horn/MOHorn_stac_G1_v1_rr2.wav	Brass/F Horn/stac/MOHorn_stac_G1_v1_rr2.wav	4d376c4bc9fb36d008b14011dbce69580aff1887	a8b79e56de5e6c5a5d9c94e6c3b9df018ca56f959d5ddf1a315a66c6afa1a4cd	CC0-1.0
sample	public/samples/levain/horn/MOHorn_stac_G1_v2_rr1.wav	Brass/F Horn/stac/MOHorn_stac_G1_v2_rr1.wav	d9056fbcb1723f83a646e2686027d64190928b06	2c63af39d2de44df7f6ceb1dabded4b1c640566a5c7e7966eaaaea6e8b7f7bfe	CC0-1.0
sample	public/samples/levain/horn/MOHorn_stac_G1_v2_rr2.wav	Brass/F Horn/stac/MOHorn_stac_G1_v2_rr2.wav	5f69b52371a079189e097644b839e295b5b860b1	8a936669bf49b77d461e5d71657dcf7ffaad9d28c2ec1fbf2a1d36f040f99d45	CC0-1.0
sample	public/samples/levain/horn/MOHorn_sus_A#1_v1_1.wav	Brass/F Horn/sus/MOHorn_sus_A#1_v1_1.wav	573db456092f7eff6af7245819f162828f749e10	134f9c522ea928e5bfebb49c649b5eeb809075f1b9f42ac6b984f16ff7457fec	CC0-1.0
sample	public/samples/levain/horn/MOHorn_sus_A#1_v2_1.wav	Brass/F Horn/sus/MOHorn_sus_A#1_v2_1.wav	62c15504278f9c2dfaa0006530d34a5a3d92ecb0	1a65415731a0be8a1a51ce31f7989180fde674173821acceaceef0f3511d5f35	CC0-1.0
sample	public/samples/levain/horn/MOHorn_sus_A#1_v3_1.wav	Brass/F Horn/sus/MOHorn_sus_A#1_v3_1.wav	8fe919bf02a81284083f9a356db56591ffbb5e31	d30b661831843acb75220ae59549daec1557102cd6271414e54bff28da9f6766	CC0-1.0
sample	public/samples/levain/horn/MOHorn_sus_A0_v1_1.wav	Brass/F Horn/sus/MOHorn_sus_A0_v1_1.wav	bec79afe2bde69ed445c52da977b83e31cc81ed7	cf71214116045722b401d12867c1c4ea0c52314834e5fc0538eeae8b7da6acad	CC0-1.0
sample	public/samples/levain/horn/MOHorn_sus_A2_v1_1.wav	Brass/F Horn/sus/MOHorn_sus_A2_v1_1.wav	d358aadfb3bb1e0f28ab742d96f5418dc750057b	897ffa7cfdf4e0413e4c80e7fa935f28e0a0971691e112f1516c6102da61809f	CC0-1.0
sample	public/samples/levain/horn/MOHorn_sus_A2_v2_1.wav	Brass/F Horn/sus/MOHorn_sus_A2_v2_1.wav	5ea35c7b0bf50d85195ba726380e611817f4ba9a	8fab29daee8570e8a272b373e7ad906bbe6b4845c1994897e45112e71233c708	CC0-1.0
sample	public/samples/levain/horn/MOHorn_sus_A2_v3_1.wav	Brass/F Horn/sus/MOHorn_sus_A2_v3_1.wav	d4088d29905d60944c524d443f66c55035301e47	7ca89d390ac4f9d680d8052a0df0adac9051d844f6fca9154f29cc7aa8b4095a	CC0-1.0
sample	public/samples/levain/horn/MOHorn_sus_C1_v1_1.wav	Brass/F Horn/sus/MOHorn_sus_C1_v1_1.wav	eed8f32ab91afd3381e42d0a5d0ad1d2beccbd11	886fd6f490b64f7f2a597f45fe6af01e8c90da9e01d0bf8bdcaceb540a071283	CC0-1.0
sample	public/samples/levain/horn/MOHorn_sus_C1_v2_1.wav	Brass/F Horn/sus/MOHorn_sus_C1_v2_1.wav	48ea1921e88607d0aea8aece16be6bc2456f6a4e	23b4446037378ea0145019a6f9902101e690c82d68e603d8070bec6fc6f3df1f	CC0-1.0
sample	public/samples/levain/horn/MOHorn_sus_C1_v3_1.wav	Brass/F Horn/sus/MOHorn_sus_C1_v3_1.wav	3503c90afff58abd64db51f24e7f0ffc02954e3d	ab9e142f880687083e8f6fa72d37a60f3d1a067065feb457028e7f254490d2b7	CC0-1.0
sample	public/samples/levain/horn/MOHorn_sus_C3_v1_1.wav	Brass/F Horn/sus/MOHorn_sus_C3_v1_1.wav	e53d2d03f0902c9f3a6add7c6bf51122bcc7d573	d96bc1821e46352e620fc0e3eaa9bbc415824e0f84f19aac6373c54c6aaa34da	CC0-1.0
sample	public/samples/levain/horn/MOHorn_sus_C3_v2_1.wav	Brass/F Horn/sus/MOHorn_sus_C3_v2_1.wav	9f89dc248404a1a1e0240035ac5fa55c89e9c9cd	c0c0b157dcde094c4417b7c165d645897cde9ea6d74247bbab0c0e75355e78c3	CC0-1.0
sample	public/samples/levain/horn/MOHorn_sus_C3_v3_1.wav	Brass/F Horn/sus/MOHorn_sus_C3_v3_1.wav	69e3187ccc4d4338931d412a9f50978ca576db5c	75156ce041d9c60e4de0099b4c6d81cafffd34f45be7bca3e6fa7ebff0eadb80	CC0-1.0
sample	public/samples/levain/horn/MOHorn_sus_C3_v4_1.wav	Brass/F Horn/sus/MOHorn_sus_C3_v4_1.wav	98bc7d3d4709c8d7a240a1f39c615bef3af7e5b0	e8668437838648d4cb6a0fd9e7b207de399bfb87ab1e0e025b5d14e3175aff7d	CC0-1.0
sample	public/samples/levain/horn/MOHorn_sus_D#1_v1_1.wav	Brass/F Horn/sus/MOHorn_sus_D#1_v1_1.wav	238de6f129810744e89a22c414daf926e1b55a37	b5568812f0ed56900071c55cae86518d030b2eb23f9ee094b0706e47984b16d8	CC0-1.0
sample	public/samples/levain/horn/MOHorn_sus_D#1_v2_1.wav	Brass/F Horn/sus/MOHorn_sus_D#1_v2_1.wav	20c33d3ffb3bf369e30359e3eb8b8ac7548adda3	da8b40f36b165fcc1f97d174ef6334acdc1e505cba9d966c7af8fb91563ab8a7	CC0-1.0
sample	public/samples/levain/horn/MOHorn_sus_D#1_v3_1.wav	Brass/F Horn/sus/MOHorn_sus_D#1_v3_1.wav	db97debcf24dfa898ce069d9b21b5bbea371e552	cab9954a651d0aa23becff6910f149442f6bc29c05a1843b2389445822f124f8	CC0-1.0
sample	public/samples/levain/horn/MOHorn_sus_D2_v1_1.wav	Brass/F Horn/sus/MOHorn_sus_D2_v1_1.wav	e63cadc76d2b3e56ee26ad558e52fd633cc8c4b1	c8a320cff7c6d19f7089c374e3041b1cbbc73718ba9de37149a82a1117866015	CC0-1.0
sample	public/samples/levain/horn/MOHorn_sus_D2_v2_1.wav	Brass/F Horn/sus/MOHorn_sus_D2_v2_1.wav	665f09cf0fe70efdcec1d93b064d5a5a32d6ebe0	9155ef0c33c06ebe55daeaaaca7dec4090578af6cf3d6a028fbfa7b7f2ec876e	CC0-1.0
sample	public/samples/levain/horn/MOHorn_sus_D2_v3_1.wav	Brass/F Horn/sus/MOHorn_sus_D2_v3_1.wav	aec5cfdb8e2532338f69f6726c77c1d8e5044f0d	0ed065bfe87f9391c175850bb898132b7deb0e834ee10310819198382dacfd7b	CC0-1.0
sample	public/samples/levain/horn/MOHorn_sus_D2_v4_1.wav	Brass/F Horn/sus/MOHorn_sus_D2_v4_1.wav	e61e2d828400580fd267e5af934eee65e62d21b7	0acdf87ea416c52dd5178a62279f03b2014f32c98a6a2ea517a481c7365cf292	CC0-1.0
sample	public/samples/levain/horn/MOHorn_sus_D4_v1_1.wav	Brass/F Horn/sus/MOHorn_sus_D4_v1_1.wav	0d13acd769ecdfc234c416fe859a4eda9aac2f22	2866520e737f3826ee9f53693f148109a9cc2d2e54235db0b92f78b2c100b8f7	CC0-1.0
sample	public/samples/levain/horn/MOHorn_sus_F2_v1_1.wav	Brass/F Horn/sus/MOHorn_sus_F2_v1_1.wav	90c68f7833a7aa2325dea7159aad8af4c9b13a76	d3dcfb6c90cb76954887eb56a85041d5e758bad21234ec0ed11e476d6f05352b	CC0-1.0
sample	public/samples/levain/horn/MOHorn_sus_F2_v2_1.wav	Brass/F Horn/sus/MOHorn_sus_F2_v2_1.wav	37655b24ac23b96a47a6bb75c091bedef6913632	2e487a49c834ff2d76aff1c9755875fc03013bf202b949a5c5fe354d0c2123c2	CC0-1.0
sample	public/samples/levain/horn/MOHorn_sus_F2_v3_1.wav	Brass/F Horn/sus/MOHorn_sus_F2_v3_1.wav	af9345753c5b31083a3e344dd7bbf6c978de59c3	87351ffabbfb953553edb38d0f53c5f2a3f95a9085024461346ea977afb296bc	CC0-1.0
sample	public/samples/levain/horn/MOHorn_sus_F4_v1_1.wav	Brass/F Horn/sus/MOHorn_sus_F4_v1_1.wav	3061198e82995900230e9ddde1138a076d8dca9f	580b2e57aa42f5fd6e4ecb65dcb79f01dfe510e98ddc2bea0a77fca1cba8d424	CC0-1.0
sample	public/samples/levain/horn/MOHorn_sus_G1_v1_1.wav	Brass/F Horn/sus/MOHorn_sus_G1_v1_1.wav	587133d2ed466473bd29438555973d9e75c3285a	f26c86c4ed934343c37291c33324c4797db1de62f5030dee1670d2d6e64dcb65	CC0-1.0
sample	public/samples/levain/horn/MOHorn_sus_G1_v2_1.wav	Brass/F Horn/sus/MOHorn_sus_G1_v2_1.wav	e09ff9550c6ed4b660baeaba5497040ca7add35e	5f0c30569c0e6b77dc0d70a84cb13e1423dbc8bdbf6c47b54bd8a1f46518aa68	CC0-1.0
sample	public/samples/levain/horn/MOHorn_sus_G1_v3_1.wav	Brass/F Horn/sus/MOHorn_sus_G1_v3_1.wav	e824ccfe9f9b0a33e31151cec90e838dc769d949	10bf965bc7ea2db883983e93bf52fa44590ec8dc812801b564863640ee3cedce	CC0-1.0
sample	public/samples/levain/marimba/Marimba_hit_Outrigger_B2_loud_01.wav	Percussion/Marimba/Marimba_hit_Outrigger_B2_loud_01.wav	e3b63f301191c679cea1eaa61a99d3baa9c3fbfe	a329138008daae1c03652822d7079c0e1e9941071b8c22195e1985f0c685fdeb	CC0-1.0
sample	public/samples/levain/marimba/Marimba_hit_Outrigger_B4_loud_01.wav	Percussion/Marimba/Marimba_hit_Outrigger_B4_loud_01.wav	cf36d9cae6614613c17069accbaa46594846c113	d04aed26222822d14435fa61b88cdcce95606a5e94bb5e7167d266875343a39c	CC0-1.0
sample	public/samples/levain/marimba/Marimba_hit_Outrigger_C2_loud_01.wav	Percussion/Marimba/Marimba_hit_Outrigger_C2_loud_01.wav	155e036d3aa04fba9d3389e2cdf3accec9842e01	bfad3b0e57d04c31e6079aba11fb0a6c5c84627fd4bc46e4e0923663586c460c	CC0-1.0
sample	public/samples/levain/marimba/Marimba_hit_Outrigger_C4_loud_01.wav	Percussion/Marimba/Marimba_hit_Outrigger_C4_loud_01.wav	fe3ec22b99ed4afdd007d0107d925669e7e1d4c9	4af539d47a452d7fad26e171b1c8adcca272cee97191f040d192680462c880b8	CC0-1.0
sample	public/samples/levain/marimba/Marimba_hit_Outrigger_C6_loud_01.wav	Percussion/Marimba/Marimba_hit_Outrigger_C6_loud_01.wav	aa3b9670477cf7d6825cb9e6e3c9446acffa95ee	2e42b1b6f6923f32e3daadc12b063e94d15af20fa410ddcb267eb906fd6e0e89	CC0-1.0
sample	public/samples/levain/marimba/Marimba_hit_Outrigger_F1_loud_01.wav	Percussion/Marimba/Marimba_hit_Outrigger_F1_loud_01.wav	cc5b73c4c0b50ca64a0c484f17d37e825957de50	c5cb5ce59540b0a23628a919e90153a6cee9bb35325b056e0710c12b64f0b193	CC0-1.0
sample	public/samples/levain/marimba/Marimba_hit_Outrigger_F3_loud_01.wav	Percussion/Marimba/Marimba_hit_Outrigger_F3_loud_01.wav	646d1490ead56eaf0db10c96ac352c80d3275736	379e749add43b12959fae06cc272f1871899cc05460faf41ead77b93e5d01843	CC0-1.0
sample	public/samples/levain/marimba/Marimba_hit_Outrigger_F5_loud_01.wav	Percussion/Marimba/Marimba_hit_Outrigger_F5_loud_01.wav	fadca10c6d332115fa9f586cc37245a008a8a859	a434c15978b2ea4b8921feeb3fd1f177447324d06c177801e0e46c12a97abc86	CC0-1.0
sample	public/samples/levain/marimba/Marimba_hit_Outrigger_G2_loud_01.wav	Percussion/Marimba/Marimba_hit_Outrigger_G2_loud_01.wav	b73a4b8febfdeb8e86ab13edabd1e663caebd378	3bd173f56481e537c3489a94d1e4dd59c304f9f98679c7c90890fc9f5795c25d	CC0-1.0
sample	public/samples/levain/marimba/Marimba_hit_Outrigger_G4_loud_01.wav	Percussion/Marimba/Marimba_hit_Outrigger_G4_loud_01.wav	3c6ea81532f6924112581140e8f530e6cc45739d	36f39f9f24789001add2b4c440defb7641178b0e8449c5cb7f1960bccaf0aaaf	CC0-1.0
sample	public/samples/levain/oboe/Oboe_Stacc_A#2_v1_rr1_Main.wav	Woodwinds/Oboe/Stacc/Oboe_Stacc_A#2_v1_rr1_Main.wav	79054559972e5c5377b262de5de10a3de7ece7a9	c67ce39f5e353cd8400027a693e7a891a0d787bf5f623ee6f2dc192c3e0549d7	CC0-1.0
sample	public/samples/levain/oboe/Oboe_Stacc_A#2_v1_rr2_Main.wav	Woodwinds/Oboe/Stacc/Oboe_Stacc_A#2_v1_rr2_Main.wav	c1bd34d76e977944e7397b7c8963e98434b62551	fb0ee370c6e2432a2e1376ad30b123cc42c8883261ee6047baa5be953417d581	CC0-1.0
sample	public/samples/levain/oboe/Oboe_Stacc_A#2_v2_rr1_Main.wav	Woodwinds/Oboe/Stacc/Oboe_Stacc_A#2_v2_rr1_Main.wav	e5cfa4df3c4676eaa16bfc7f8f92915479d1d572	da26493a9ae1a995d8ea373ef26be2789c2bd5fc661ef23fb941d2f15c127685	CC0-1.0
sample	public/samples/levain/oboe/Oboe_Stacc_A#2_v2_rr2_Main.wav	Woodwinds/Oboe/Stacc/Oboe_Stacc_A#2_v2_rr2_Main.wav	a887c3d36a84757fa13dc34227aad8ab86008b4e	5610a5d8cbe8bd6bcd09853fd1dba4c372ad45077ba938e0d1e5e5105689557b	CC0-1.0
sample	public/samples/levain/oboe/Oboe_Stacc_A#2_v3_rr1_Main.wav	Woodwinds/Oboe/Stacc/Oboe_Stacc_A#2_v3_rr1_Main.wav	d9c2f6b09c3904fcd6d30e2fe49878f36079f14b	1cd75b3e989b7dfb3500eef565adc60286c51bad8514b0d652b184ddb5c42ed1	CC0-1.0
sample	public/samples/levain/oboe/Oboe_Stacc_A#2_v3_rr2_Main.wav	Woodwinds/Oboe/Stacc/Oboe_Stacc_A#2_v3_rr2_Main.wav	034f7f0f789e0d5fa3425644b7a5e1905e62af28	6139848732975181ef8e5dc3a367670eda296a9df5c6d02593ef06728808653e	CC0-1.0
sample	public/samples/levain/oboe/Oboe_Stacc_A#3_v1_rr1_Main.wav	Woodwinds/Oboe/Stacc/Oboe_Stacc_A#3_v1_rr1_Main.wav	fd684d1d29615eb1c19ed5167c94de90d8544105	4e2190b38dd5fb14b253d69c4fc99453c7dbf6f61c414f945701c6b3874719f6	CC0-1.0
sample	public/samples/levain/oboe/Oboe_Stacc_A#3_v1_rr2_Main.wav	Woodwinds/Oboe/Stacc/Oboe_Stacc_A#3_v1_rr2_Main.wav	02aa97783bcd0cb1cf42f57c10becc6c240a4a63	be26d9637114ae17e6d57b71dec4a3bb60a3813b23f751d85e73f5ac9a8d367c	CC0-1.0
sample	public/samples/levain/oboe/Oboe_Stacc_A#3_v2_rr1_Main.wav	Woodwinds/Oboe/Stacc/Oboe_Stacc_A#3_v2_rr1_Main.wav	a521c7bfc79c6a70f275eddb630920c48e62ed80	8e1db2f16d8384263df8b7714b1e7a47997608d924151defdad44bcbb612e6a7	CC0-1.0
sample	public/samples/levain/oboe/Oboe_Stacc_A#3_v2_rr2_Main.wav	Woodwinds/Oboe/Stacc/Oboe_Stacc_A#3_v2_rr2_Main.wav	3564bd4b50b9cb3a95f161eaffa41c042a500212	121a9bdcb77b2f8723887e07b8f8009fd199b7cdac570dbf86f44ed30a8bb28a	CC0-1.0
sample	public/samples/levain/oboe/Oboe_Stacc_A#3_v3_rr1_Main.wav	Woodwinds/Oboe/Stacc/Oboe_Stacc_A#3_v3_rr1_Main.wav	0a5fbae398b8183d234a880b21a18ad9495afa3d	c0c287a72c4fde3566dd07c80c6255bde6729ca85f20311969c7d16052aac5ea	CC0-1.0
sample	public/samples/levain/oboe/Oboe_Stacc_A#3_v3_rr2_Main.wav	Woodwinds/Oboe/Stacc/Oboe_Stacc_A#3_v3_rr2_Main.wav	e01394514e079f1dd2f250f3a221841f537646ae	1efb1a7daa7533d3546b025ec109764bc0c1ee16dbf2c997db3bfeb2c97b0bcb	CC0-1.0
sample	public/samples/levain/oboe/Oboe_Stacc_A#4_v1_rr1_Main.wav	Woodwinds/Oboe/Stacc/Oboe_Stacc_A#4_v1_rr1_Main.wav	1dc8580ae286c57ba826fcdb5a9571d6f6221f77	3f28a3e19f3ed7a92f4557180fa40b8097f0af7122b3aa07a765eaac9d32af62	CC0-1.0
sample	public/samples/levain/oboe/Oboe_Stacc_A#4_v1_rr2_Main.wav	Woodwinds/Oboe/Stacc/Oboe_Stacc_A#4_v1_rr2_Main.wav	4f8927aa2f3ccf7c4e74a061ac3cc61d07443bc7	447a321c2a18adee46bc8ec3e47394b4e49e04632cbb64840c5c7f56ada952d2	CC0-1.0
sample	public/samples/levain/oboe/Oboe_Stacc_A#4_v2_rr1_Main.wav	Woodwinds/Oboe/Stacc/Oboe_Stacc_A#4_v2_rr1_Main.wav	a6b0d7e68d80ef0bb06379dca767aaa3f62f56bc	b0ddcbba174ded39c057c2aae5077d3a24c7cd5573cba24d0896ab5db8c08019	CC0-1.0
sample	public/samples/levain/oboe/Oboe_Stacc_A#4_v2_rr2_Main.wav	Woodwinds/Oboe/Stacc/Oboe_Stacc_A#4_v2_rr2_Main.wav	0208ff17565ab874b7333f0555d655a76f31d5b9	2a70bc7db82d81167242a2c305302d08b6593c85114dc6fc13bf8b6055748557	CC0-1.0
sample	public/samples/levain/oboe/Oboe_Stacc_A#4_v3_rr1_Main.wav	Woodwinds/Oboe/Stacc/Oboe_Stacc_A#4_v3_rr1_Main.wav	385e08172ee97656d8d2297943e4cfee35042048	af9252e73d492fd2c71a8473033b279ff8cf506c82db2e47db2132e625cf4df3	CC0-1.0
sample	public/samples/levain/oboe/Oboe_Stacc_A#4_v3_rr2_Main.wav	Woodwinds/Oboe/Stacc/Oboe_Stacc_A#4_v3_rr2_Main.wav	e9e839ea8eb90d8d0449aa4af90a2ad2f54c74bc	6b1adab9552ecaca71c777690325b3ffe14a49381a126ed9709ca1eda313f239	CC0-1.0
sample	public/samples/levain/oboe/Oboe_Stacc_D3_v1_rr1_Main.wav	Woodwinds/Oboe/Stacc/Oboe_Stacc_D3_v1_rr1_Main.wav	b9808f5c9a3bb0b27f907093274e0f6aede07549	0cfc62251c982b172dbace13c50be932b674f46c643611f231d686631819b800	CC0-1.0
sample	public/samples/levain/oboe/Oboe_Stacc_D3_v1_rr2_Main.wav	Woodwinds/Oboe/Stacc/Oboe_Stacc_D3_v1_rr2_Main.wav	523064fc8787eecf661f9cf87de90aea64c32fda	46b7b00f970d0714d86091edf4590bddbe3fb6b7c426ea94607ee8c88d5b16a7	CC0-1.0
sample	public/samples/levain/oboe/Oboe_Stacc_D3_v2_rr1_Main.wav	Woodwinds/Oboe/Stacc/Oboe_Stacc_D3_v2_rr1_Main.wav	a140e6fff5be48ac562a6a6d982ad443f9024bae	667d0f86d42d9867e3f5147c483425147c164ccabd8dd1c435ed441ef5737a8d	CC0-1.0
sample	public/samples/levain/oboe/Oboe_Stacc_D3_v2_rr2_Main.wav	Woodwinds/Oboe/Stacc/Oboe_Stacc_D3_v2_rr2_Main.wav	1f255ab321c8b0fec0f55639914375dd2436dc7f	6cd35950d69d52e05bd9a03a95d3f8f246a2699025e897e362956ec3c0fa5168	CC0-1.0
sample	public/samples/levain/oboe/Oboe_Stacc_D3_v3_rr1_Main.wav	Woodwinds/Oboe/Stacc/Oboe_Stacc_D3_v3_rr1_Main.wav	ed7bd5aae34cd1ff3a6a336b6510db8fa86ade9b	2b8ef0e0f1a4e87c3e8d82018a7acc56ed9571e5c5080bb8ee27b1bd12162c43	CC0-1.0
sample	public/samples/levain/oboe/Oboe_Stacc_D3_v3_rr2_Main.wav	Woodwinds/Oboe/Stacc/Oboe_Stacc_D3_v3_rr2_Main.wav	2c41ff1c51f8acf9c63b35bc7c06e6237d7d9a2f	6c7ffe27eb3d5dad122ab290c13e89907a423e1466b49059456532c6704211e6	CC0-1.0
sample	public/samples/levain/oboe/Oboe_Stacc_D4_v1_rr1_Main.wav	Woodwinds/Oboe/Stacc/Oboe_Stacc_D4_v1_rr1_Main.wav	72da676bbc1df494e629fc6c9708f0cf3e9926c2	4508e0054f354d5739665c036a46184baa58f410612435ca2d306ddaf6437b20	CC0-1.0
sample	public/samples/levain/oboe/Oboe_Stacc_D4_v1_rr2_Main.wav	Woodwinds/Oboe/Stacc/Oboe_Stacc_D4_v1_rr2_Main.wav	176a68cecc019896ebe3144ffc683b3f0b0c7616	9a1723b18daa1a21519bc3b1e143d24e72f9d784ba462a42f280852a14c780ae	CC0-1.0
sample	public/samples/levain/oboe/Oboe_Stacc_D4_v2_rr1_Main.wav	Woodwinds/Oboe/Stacc/Oboe_Stacc_D4_v2_rr1_Main.wav	f412b48c67279b314d5c6bf98c713acba83c9277	5f6cd3cfa2f75bb6d55a6263340131d845c5a9903bc0392d36799c9946fb7515	CC0-1.0
sample	public/samples/levain/oboe/Oboe_Stacc_D4_v2_rr2_Main.wav	Woodwinds/Oboe/Stacc/Oboe_Stacc_D4_v2_rr2_Main.wav	6e7907f807ff984e3b88150f2a6e5e7e4cc0b5db	e8d3e2dae6cc30c8a524b1d4128d7629273fd1004fdf7fc67f2c08470970040e	CC0-1.0
sample	public/samples/levain/oboe/Oboe_Stacc_D4_v3_rr1_Main.wav	Woodwinds/Oboe/Stacc/Oboe_Stacc_D4_v3_rr1_Main.wav	14e2e5e0488bccc9821f090667e3b275cbd95062	0fbb36bd7b51358cd16da95449fe21b07989195a416b28ee58539b95e0e6bc6e	CC0-1.0
sample	public/samples/levain/oboe/Oboe_Stacc_D4_v3_rr2_Main.wav	Woodwinds/Oboe/Stacc/Oboe_Stacc_D4_v3_rr2_Main.wav	b5afcf7c47ed74115412bd9b7b24b04c461d5b6d	50d8fc11e86ba7babe099aa6fbdebe9644fbc51f5b7f27d8b035321118b6d395	CC0-1.0
sample	public/samples/levain/oboe/Oboe_Stacc_D5_v1_rr1_Main.wav	Woodwinds/Oboe/Stacc/Oboe_Stacc_D5_v1_rr1_Main.wav	d6473b4de454a88d73ffe577697abbe8a04f2545	da9e938e7480df04d4cd87acc35e62917fa5d3e264048dac0160f473820bb3b8	CC0-1.0
sample	public/samples/levain/oboe/Oboe_Stacc_D5_v1_rr2_Main.wav	Woodwinds/Oboe/Stacc/Oboe_Stacc_D5_v1_rr2_Main.wav	63285bcb4cfd52c6f0a5cec307931806acd9e6f7	b12772b43a3a3a1a0fe224bc5a5a984f47421437af89fc42b76e5d1e2e536a0e	CC0-1.0
sample	public/samples/levain/oboe/Oboe_Stacc_D5_v3_rr1_Main.wav	Woodwinds/Oboe/Stacc/Oboe_Stacc_D5_v3_rr1_Main.wav	50d761049d830f5a0d5c668eea9d0fde74422a98	e926ad91fd3bf8bf4a1d40424148a2560e8e42876a8722062f2ddadef889e887	CC0-1.0
sample	public/samples/levain/oboe/Oboe_Stacc_F3_v1_rr1_Main.wav	Woodwinds/Oboe/Stacc/Oboe_Stacc_F3_v1_rr1_Main.wav	ae2820f0c4d159c72b54046bc545795560fbba22	71484c065ea9753592b73f591e6195baaeab840506a6557bd5b126f63b2792f1	CC0-1.0
sample	public/samples/levain/oboe/Oboe_Stacc_F3_v1_rr2_Main.wav	Woodwinds/Oboe/Stacc/Oboe_Stacc_F3_v1_rr2_Main.wav	6bc18af05a80152f796d3f1b4782dc4ca4c5f0ea	38e9902a4d22914584caeb774c67c020df613b00f063a6c1024f1f25b79d31f2	CC0-1.0
sample	public/samples/levain/oboe/Oboe_Stacc_F3_v2_rr1_Main.wav	Woodwinds/Oboe/Stacc/Oboe_Stacc_F3_v2_rr1_Main.wav	4fd46551f8220d8c5c91625705fb925ed81cd41e	5e21d568b987257dcbd0b6c5affef8339fd8573a684c785a04ec18610dcd229c	CC0-1.0
sample	public/samples/levain/oboe/Oboe_Stacc_F3_v2_rr2_Main.wav	Woodwinds/Oboe/Stacc/Oboe_Stacc_F3_v2_rr2_Main.wav	f3b41c2c485a32d5f318ef143727f945874b9e6f	307c6cf57eec233b93555965e0c54c464c1edef25823ebb97179322ce7a9d464	CC0-1.0
sample	public/samples/levain/oboe/Oboe_Stacc_F3_v3_rr1_Main.wav	Woodwinds/Oboe/Stacc/Oboe_Stacc_F3_v3_rr1_Main.wav	1399dff8123fd54f19fb0c6a64af6ca997bb10c1	34c9b0e6b4e970660001e2c09b410b2757faa7ec56d993b91c05da0eb508fc1b	CC0-1.0
sample	public/samples/levain/oboe/Oboe_Stacc_F3_v3_rr2_Main.wav	Woodwinds/Oboe/Stacc/Oboe_Stacc_F3_v3_rr2_Main.wav	f1e68dddb75aaa839f93980e8c924d979e81f73f	31b2c4c637c6c15c1a4039912447391941afda2d69229dc3e21aed59dd53a10a	CC0-1.0
sample	public/samples/levain/oboe/Oboe_Stacc_F4_v1_rr1_Main.wav	Woodwinds/Oboe/Stacc/Oboe_Stacc_F4_v1_rr1_Main.wav	3db807f214205f86523502c038e2f76ef5f065cd	04b1483366a94a3a76443d291c48f86121ba9e8cd94db76c80d206bda0c992e6	CC0-1.0
sample	public/samples/levain/oboe/Oboe_Stacc_F4_v1_rr2_Main.wav	Woodwinds/Oboe/Stacc/Oboe_Stacc_F4_v1_rr2_Main.wav	a314a32b624a4fba61e8a398b20f6d73441da189	5617393b1a5a4df611d52c3a68d18a76b394dd0ab8d0c4e80bc57e40b65dafa1	CC0-1.0
sample	public/samples/levain/oboe/Oboe_Stacc_F4_v2_rr1_Main.wav	Woodwinds/Oboe/Stacc/Oboe_Stacc_F4_v2_rr1_Main.wav	af74c705817f03f33ba27db20caa8151b77b370d	b35d22185f912112e5413a80e92861a992b17e0a9e781bdafc49dc539b32b00f	CC0-1.0
sample	public/samples/levain/oboe/Oboe_Stacc_F4_v2_rr2_Main.wav	Woodwinds/Oboe/Stacc/Oboe_Stacc_F4_v2_rr2_Main.wav	af75d72bb7b8239f5ada3d7c494e48a311f3f9b6	cc305ef5fd7d6735bd7ba985b0aaa6a1cfea18b95198caa15b9c969ba5c5c877	CC0-1.0
sample	public/samples/levain/oboe/Oboe_Stacc_F4_v3_rr1_Main.wav	Woodwinds/Oboe/Stacc/Oboe_Stacc_F4_v3_rr1_Main.wav	2dadbaea99b455f486173f2d754b54e52f9ebc37	13701a1f95063563ec3701ba5500014a2133f858b74bbb0f44d37287616433b9	CC0-1.0
sample	public/samples/levain/oboe/Oboe_Stacc_F4_v3_rr2_Main.wav	Woodwinds/Oboe/Stacc/Oboe_Stacc_F4_v3_rr2_Main.wav	6d96ae424a232156598fbd15c8306ddd75ed5fa8	ef379989889745b433e9ce19f5bc8606d0a2bdfa95b189c384558fb60ec25a12	CC0-1.0
sample	public/samples/levain/oboe/Oboe_Stacc_F5_v1_rr1_Main.wav	Woodwinds/Oboe/Stacc/Oboe_Stacc_F5_v1_rr1_Main.wav	bf1fdf201f73588094cd11b5e8a012c6d419bfe8	badc0b350e842f7f323ac88e2625e9919208665145ad09d7ec509eb17e7d4224	CC0-1.0
sample	public/samples/levain/oboe/Oboe_Stacc_F5_v1_rr2_Main.wav	Woodwinds/Oboe/Stacc/Oboe_Stacc_F5_v1_rr2_Main.wav	90b84e8963c658b5a62f6c887a95d6c5cf73e57c	bab24b985b00c01471d483013f386da36af194d2679b7faa5d69dd4178e7c4c4	CC0-1.0
sample	public/samples/levain/oboe/Oboe_Stacc_F5_v2_rr1_Main.wav	Woodwinds/Oboe/Stacc/Oboe_Stacc_F5_v2_rr1_Main.wav	cfd503800cac3438951f8dbc38e475cec8ea17c0	17689d2dcedbd3b2070b96444956de479cc9daade87d4b4c352d22b8cf5e2813	CC0-1.0
sample	public/samples/levain/oboe/Oboe_Stacc_F5_v2_rr2_Main.wav	Woodwinds/Oboe/Stacc/Oboe_Stacc_F5_v2_rr2_Main.wav	2dea6b26ba2b0d2d80c6781575a8a75bf3140005	399f8e27fed6b8a37825d01c8b6789b8e455e40dd9a91eefb93508a4c8262561	CC0-1.0
sample	public/samples/levain/oboe/Oboe_Stacc_F5_v3_rr1_Main.wav	Woodwinds/Oboe/Stacc/Oboe_Stacc_F5_v3_rr1_Main.wav	2a4b5d12fbe20069fc11617055a3195d76d3f825	83dac6183452ef436241adb059eeb3f61e870c67d1b6778b26dda1715baba78d	CC0-1.0
sample	public/samples/levain/oboe/Oboe_Stacc_F5_v3_rr2_Main.wav	Woodwinds/Oboe/Stacc/Oboe_Stacc_F5_v3_rr2_Main.wav	388aef85d5996bb0ef6d426f8fe189c3e37edbf1	697c1acef984c6812c6dc02ea46c48fc2848b9f41273edd53bb033bf678c65b0	CC0-1.0
sample	public/samples/levain/oboe/Oboe_Sus_A#2_v1_Main.wav	Woodwinds/Oboe/Sus/Oboe_Sus_A#2_v1_Main.wav	d1ee9884155ae8a6f67279452de23713f8f8b4e9	6f943c1e5d87d6782e9ff12e4b79c6cae9a396ffa1def8d10d975adfe6050df2	CC0-1.0
sample	public/samples/levain/oboe/Oboe_Sus_A#2_v3_Main.wav	Woodwinds/Oboe/Sus/Oboe_Sus_A#2_v3_Main.wav	46e3ba91c7ed6e5f0e952e1c57738e91bd8dfbb1	78333824a35f1187a8d30e039ca1965113ee194cd9710afe2c3a1e9eb5a486b6	CC0-1.0
sample	public/samples/levain/oboe/Oboe_Sus_A#3_v1_Main.wav	Woodwinds/Oboe/Sus/Oboe_Sus_A#3_v1_Main.wav	6cf66ef2acdc033553930396a94a933f9276d418	07a36bd18290315aee1a98221c4d40935f1d926c85ba6f29017e59f7b450444a	CC0-1.0
sample	public/samples/levain/oboe/Oboe_Sus_A#3_v3_Main.wav	Woodwinds/Oboe/Sus/Oboe_Sus_A#3_v3_Main.wav	a647e2253125834b891e8eedb594a3902c8a1def	fcd9b2165297d50d1968bea121226450f78838b9d18087f3925ce92b6e9798b9	CC0-1.0
sample	public/samples/levain/oboe/Oboe_Sus_A#4_v1_Main.wav	Woodwinds/Oboe/Sus/Oboe_Sus_A#4_v1_Main.wav	13a008ba5705481fe2112af6d0a7a5cbb008892f	b22a4feac3fb400fa5cd8454f9c45b3ca008b7ac22bdbbe18616161c3235a928	CC0-1.0
sample	public/samples/levain/oboe/Oboe_Sus_A#4_v3_Main.wav	Woodwinds/Oboe/Sus/Oboe_Sus_A#4_v3_Main.wav	d41287e7cd6043ce9081ff49dd03c6e4ddc6730d	dc9a1faae5ccaea8aea2b67438b9efde2c1b1b7f422c97b70d493445e07009e8	CC0-1.0
sample	public/samples/levain/oboe/Oboe_Sus_D3_v1_Main.wav	Woodwinds/Oboe/Sus/Oboe_Sus_D3_v1_Main.wav	5b4e7daa195485f09934d9f63f78fa7bf3578a16	a9ebaf19502bde43fe8409debddf8d326c0843980598f978e521ce3526750350	CC0-1.0
sample	public/samples/levain/oboe/Oboe_Sus_D3_v3_Main.wav	Woodwinds/Oboe/Sus/Oboe_Sus_D3_v3_Main.wav	807d1b60150381bcbbfa7adba01f6c9d1d9e56f2	8016596d214a18c814bd19e9c9c61a4e902f6d067ddeeeaa7b5e4e2ff2238a7c	CC0-1.0
sample	public/samples/levain/oboe/Oboe_Sus_D4_v1_Main.wav	Woodwinds/Oboe/Sus/Oboe_Sus_D4_v1_Main.wav	d96212fefd5d0e4a798a05ef0c9b4be2a3c2370e	cbc9cdf1b6ca5765ec67918cd4a19669f792f9c6f755837ab807d3b8e0f3dfa9	CC0-1.0
sample	public/samples/levain/oboe/Oboe_Sus_D4_v3_Main.wav	Woodwinds/Oboe/Sus/Oboe_Sus_D4_v3_Main.wav	c2d464efea3547555666a781f4873c7f80dd1393	d8ffaa22803a6238ae8c9d4664e9659e717916d70a2f2c48742f3eb519815497	CC0-1.0
sample	public/samples/levain/oboe/Oboe_Sus_D5_v1_Main.wav	Woodwinds/Oboe/Sus/Oboe_Sus_D5_v1_Main.wav	243f0462e803ec0af99421ac60dd5c9ee3a91659	e276fa641f2074b97da41289e1cc99caf6facfec83225fd8b086295b9f14f3a0	CC0-1.0
sample	public/samples/levain/oboe/Oboe_Sus_D5_v3_Main.wav	Woodwinds/Oboe/Sus/Oboe_Sus_D5_v3_Main.wav	9374b432947c30aa361dafae72ea0ef9b1cc730b	13fb1986bbde4d6e61c13c39d0fb18eec4d0bbffd2f8c9fcda11d9874f5cbe92	CC0-1.0
sample	public/samples/levain/oboe/Oboe_Sus_F3_v1_Main.wav	Woodwinds/Oboe/Sus/Oboe_Sus_F3_v1_Main.wav	2e634363e4273a6adfd9df3496db3f265fd921ac	cae24d6d4c5733067dca85203c2cec5c2eaabfcb210e3a71d9e88b5810fef9f0	CC0-1.0
sample	public/samples/levain/oboe/Oboe_Sus_F3_v3_Main.wav	Woodwinds/Oboe/Sus/Oboe_Sus_F3_v3_Main.wav	2024bd3888a256f86d7b9c1fdf7f06fc0877135e	58d69a9cb3cd71dae917b83afe2efc3dbee1ab6c1d330fe2c3faf89b269f673c	CC0-1.0
sample	public/samples/levain/oboe/Oboe_Sus_F4_v1_Main.wav	Woodwinds/Oboe/Sus/Oboe_Sus_F4_v1_Main.wav	9e4ae9bc39bc906e21c7796e0e2c5eb5ef943dce	e4d1bf4166f77f42ad1f113f23c758db109e860c4764d5dd19705c70917a7c43	CC0-1.0
sample	public/samples/levain/oboe/Oboe_Sus_F4_v3_Main.wav	Woodwinds/Oboe/Sus/Oboe_Sus_F4_v3_Main.wav	4f2c0ca39a4604d8493367eaf953e8756bc0bf90	ff2d3e89da82b3fa184e0a6a1ebe817f73879f5e01833e44f9ee6c0991632bae	CC0-1.0
sample	public/samples/levain/oboe/Oboe_Sus_F5_v1_Main.wav	Woodwinds/Oboe/Sus/Oboe_Sus_F5_v1_Main.wav	e551ce12b3644639707243f02178f45010c78d1a	4b9f2e24f15aafa331c43040967bc8238988a201dae23006819c190dea397a16	CC0-1.0
sample	public/samples/levain/oboe/Oboe_Sus_F5_v3_Main.wav	Woodwinds/Oboe/Sus/Oboe_Sus_F5_v3_Main.wav	55038a3b147179cef644aa58b390160ed37dcee5	9c24e524a1c8fdaf82a5874c944db46de26ff8ce4a0eb209d3e12fd65634e2f3	CC0-1.0
sample	public/samples/levain/piccolo/piccolo_A#4_staccato1.wav	Woodwinds/Piccolo/Stac/piccolo_A#4_staccato1.wav	65cb7a9641605a91459642bff55e1dbb6060af93	6ecb70160befbc7f388f8567372734398ead56c7f7f1b56f512c7e69774e7ede	CC0-1.0
sample	public/samples/levain/piccolo/piccolo_A#5_staccato1.wav	Woodwinds/Piccolo/Stac/piccolo_A#5_staccato1.wav	f20ce8ef66558c5edd2b5d2d61d17c2af5df783b	5fb29db9708695e664c9f802c650810710295322f8d991b432f0ed9add5638ca	CC0-1.0
sample	public/samples/levain/piccolo/piccolo_A#6_staccato1.wav	Woodwinds/Piccolo/Stac/piccolo_A#6_staccato1.wav	1f5a528b8d6b8d6a402d4a97f81d89f59f885f87	56e8f0def0c86eb1e7bc354a38808f673889b01ecd2ff5d0897b476a2138807f	CC0-1.0
sample	public/samples/levain/piccolo/piccolo_C5_sustain1.wav	Woodwinds/Piccolo/Sus/piccolo_C5_sustain1.wav	512edafd9a2c4825dad35a887eb742bdd161f9b9	d3069f1cf627d1cf9715ea5564e26e0988d321a6e7c5d4ffe8ff5345ff78c09f	CC0-1.0
sample	public/samples/levain/piccolo/piccolo_C6_sustain1.wav	Woodwinds/Piccolo/Sus/piccolo_C6_sustain1.wav	e6b815988705c811e736ecdc00c252195cae7521	72a4ef9adf0788a3accbf38bd5f1f850220c67c92146f998f2c2b91e30627f43	CC0-1.0
sample	public/samples/levain/piccolo/piccolo_G4_sustain1.wav	Woodwinds/Piccolo/Sus/piccolo_G4_sustain1.wav	e2f56b2c8691ccda1d60a2f0eeff73dd7bf23e32	6bdc2e38e2b5982fa5a9a05dc7d8ad5d6a7e0617a1fe4f23df571400757a5a95	CC0-1.0
sample	public/samples/levain/piccolo/piccolo_G5_staccato1.wav	Woodwinds/Piccolo/Stac/piccolo_G5_staccato1.wav	a3e7467224b27a67f792a49e34e8de7db7d0602e	25da0dacfa9cf968e73ad05cb9068f2c3fde8932103aafa8c397c9272d0354b1	CC0-1.0
sample	public/samples/levain/piccolo/piccolo_G5_sustain1.wav	Woodwinds/Piccolo/Sus/piccolo_G5_sustain1.wav	302dc7f46b3d9d5bb6de189c05333cd19885c131	1d12025a1985e51c4223b21b03baa9dc3c4f6a344f0358bcdcfdecce41158cd5	CC0-1.0
sample	public/samples/levain/piccolo/piccolo_G6_staccato1.wav	Woodwinds/Piccolo/Stac/piccolo_G6_staccato1.wav	1b85700fb5ed35f6524bd8d72fa30a3e69544b3c	4c6b7bfe1a90e5e5dda0a894d2ba10443aa18cac3528ef00f49b17ee63acf205	CC0-1.0
sample	public/samples/levain/piccolo/piccolo_G6_sustain1.wav	Woodwinds/Piccolo/Sus/piccolo_G6_sustain1.wav	9509e21a166a0d6ccef2cb5841817685f7c86123	a17900c99093951d62a1179f4cafbc14b19b8a8e9ff4375ff0b83e8f0cbebbf6	CC0-1.0
sample	public/samples/levain/timpani/Timpani1_Hit_v1_rr1_Sum.wav	Percussion/Timpani/Timpani1_Hit_v1_rr1_Sum.wav	77c36162c32a539649022e5917e0aa764a9c081b	a43d60795e9eab808866c22b6b6b42a64d3a13f6754838f0100a0a1e9a3029cd	CC0-1.0
sample	public/samples/levain/timpani/Timpani1_Hit_v1_rr2_Sum.wav	Percussion/Timpani/Timpani1_Hit_v1_rr2_Sum.wav	525877a1eead2c5f3034b446631341f63b9ece92	8f0e0367321f1bfae71f2ef776957ea625d0a48d618fee6f9d42a160222e59c5	CC0-1.0
sample	public/samples/levain/timpani/Timpani1_Hit_v3_rr1_Sum.wav	Percussion/Timpani/Timpani1_Hit_v3_rr1_Sum.wav	86d8e078c8820d49fd15124fe037cbd667ae8fa2	8b39a785901d08dee14dd89914bdf2201e16ee418965e4d903fdb8e280a14d24	CC0-1.0
sample	public/samples/levain/timpani/Timpani1_Hit_v3_rr2_Sum.wav	Percussion/Timpani/Timpani1_Hit_v3_rr2_Sum.wav	3e681d3622b0a6e73eef4c0411312969656f5f2c	ac6ae66048e162024d188f1ea01f6b8b6bd9184d35e164258bab6a383eb7ff93	CC0-1.0
sample	public/samples/levain/timpani/Timpani2_Hit_v1_rr1_Sum.wav	Percussion/Timpani/Timpani2_Hit_v1_rr1_Sum.wav	0cf89f0c95be1cc91c8dea45d747bf924219b3e2	19b6e335811edd38d7ecc180d9d6e4adada12ff7a882f83e5153f093a912ae85	CC0-1.0
sample	public/samples/levain/timpani/Timpani2_Hit_v1_rr2_Sum.wav	Percussion/Timpani/Timpani2_Hit_v1_rr2_Sum.wav	91f805e9cb2491d4fe897a4e1a6226974b6acdd5	702eb08bffe0a8029c2454c7fac6d35a9371d1c9af29e90f38cc00e472a0cfd2	CC0-1.0
sample	public/samples/levain/timpani/Timpani2_Hit_v3_rr1_Sum.wav	Percussion/Timpani/Timpani2_Hit_v3_rr1_Sum.wav	23f38123671e904b64b45c694deec814daff98ce	69e5d604effd3f29c86117d22ad2335f73e43f5d47868dc57d8fa593975ee241	CC0-1.0
sample	public/samples/levain/timpani/Timpani2_Hit_v3_rr2_Sum.wav	Percussion/Timpani/Timpani2_Hit_v3_rr2_Sum.wav	3e2b66cceb028c6d4894d50a521cdb98f3ab01c3	828019517a0475cb9b42d1e40e2cb0a62159f3a9de1d67a5c238f3687e41761e	CC0-1.0
sample	public/samples/levain/timpani/Timpani2_Hit_v4_rr1_Sum.wav	Percussion/Timpani/Timpani2_Hit_v4_rr1_Sum.wav	9ea50b2bf3a7c6d438e939e348a698d93f30f1f3	b737b4bde0c2f54f57866ea7cdce79bc2e67162e37906a6820614fbc57324940	CC0-1.0
sample	public/samples/levain/timpani/Timpani2_Hit_v4_rr2_Sum.wav	Percussion/Timpani/Timpani2_Hit_v4_rr2_Sum.wav	31908758783ecec5d24643310fbca5057764ae77	d2a6e02a97f484147ab52e779477398e9a91a408fe455df7ff203996dd3adc81	CC0-1.0
sample	public/samples/levain/timpani/Timpani3_Hit_v1_rr1_Sum.wav	Percussion/Timpani/Timpani3_Hit_v1_rr1_Sum.wav	afeffb8bc93738852c91a1fbef8f8619039f5da6	00319863ade67b49ec64566eecc801ac7c95e101860b7bb3263f25c7d6757392	CC0-1.0
sample	public/samples/levain/timpani/Timpani3_Hit_v1_rr2_Sum.wav	Percussion/Timpani/Timpani3_Hit_v1_rr2_Sum.wav	331354ea98dc9ae7d39380b253c1ba1b1ff1ba94	cee412e52e189f4b893431a3efc6737b8221efd3c113a4ea9aaeeed57721be23	CC0-1.0
sample	public/samples/levain/timpani/Timpani3_Hit_v3_rr1_Sum.wav	Percussion/Timpani/Timpani3_Hit_v3_rr1_Sum.wav	1996b4911a0c0a0d6f8ef7e5efd823fbcc7612ff	46cd2ba3798f9e3a6be515b13dbc37d2ef65c82afb0d0e9e34121e4524bfcd3a	CC0-1.0
sample	public/samples/levain/timpani/Timpani3_Hit_v3_rr2_Sum.wav	Percussion/Timpani/Timpani3_Hit_v3_rr2_Sum.wav	f1289188398845fdd9263bf4e0808b1722e11229	8eb961265ed1e07249dd2fc164f20b82f3e544c3e19ab3c9efef43a51e1c9575	CC0-1.0
sample	public/samples/levain/timpani/Timpani3_Hit_v4_rr1_Sum.wav	Percussion/Timpani/Timpani3_Hit_v4_rr1_Sum.wav	020341b6f206e571211e240e544f2bc314215553	59a58eb828dc109e3cc7b7744a0f84e47182cadf2cf548a0c0b94ae5581cdc60	CC0-1.0
sample	public/samples/levain/timpani/Timpani3_Hit_v4_rr2_Sum.wav	Percussion/Timpani/Timpani3_Hit_v4_rr2_Sum.wav	f724d0f32e5ee8dc0ed7231707843f92ab0cde0f	cd85951fa4e74ce9128bc10c58365538b041d71dd28de21ac21048ab7a8f37dd	CC0-1.0
sample	public/samples/levain/timpani/Timpani4_Hit_v1_rr1_Sum.wav	Percussion/Timpani/Timpani4_Hit_v1_rr1_Sum.wav	62d1f1ce105698df2395e2d46a8158eaaa01deb7	0c2929ae4fa59e0cbd2a43ee1abb187cce99dc41713bcb012ea71eac39fe6c35	CC0-1.0
sample	public/samples/levain/timpani/Timpani4_Hit_v1_rr2_Sum.wav	Percussion/Timpani/Timpani4_Hit_v1_rr2_Sum.wav	cbf9eeae44051eaf9900eff7802bf7ed6cd025f2	a9e2679b5fad104b051375c877977a28a75cf1cb04337186c204c8baffc39a11	CC0-1.0
sample	public/samples/levain/timpani/Timpani4_Hit_v3_rr1_Sum.wav	Percussion/Timpani/Timpani4_Hit_v3_rr1_Sum.wav	198b2582307137805b0fccef4e7eb71a4398e953	05170757d30297aa680bfbc082c6e438deb1d1d72c5e757610d0b1bbd525968f	CC0-1.0
sample	public/samples/levain/timpani/Timpani4_Hit_v3_rr2_Sum.wav	Percussion/Timpani/Timpani4_Hit_v3_rr2_Sum.wav	f6b877fdbaf6ff5236d3a9eb2f2c6781becfe155	ff4a34bdf6c98489dbe496c92671020bac7b3e92331f310fc8542085fb75d014	CC0-1.0
sample	public/samples/levain/timpani/Timpani4_Hit_v4_rr1_Sum.wav	Percussion/Timpani/Timpani4_Hit_v4_rr1_Sum.wav	e677f48530d9715c1e8ebbd35e1795de9e7ea207	71161169062458913095b6d87d0eacb1bc344622e28832fef9458c7f142c8860	CC0-1.0
sample	public/samples/levain/timpani/Timpani4_Hit_v4_rr2_Sum.wav	Percussion/Timpani/Timpani4_Hit_v4_rr2_Sum.wav	9188167f8360c03538b757fa5c7801d39355323f	fa78ee249f1011bf5a66522bfa8387eb0cc952a637701fc924ed98e0a9b51600	CC0-1.0
sample	public/samples/levain/timpani/Timpani5_Hit_v1_rr1_Sum.wav	Percussion/Timpani/Timpani5_Hit_v1_rr1_Sum.wav	dd17dd4aea5781b0761a6461e16459a66f057354	c6fc35883ec63df83250b9eb92b05763504a3a484fffad5e82eb95945cab32cf	CC0-1.0
sample	public/samples/levain/timpani/Timpani5_Hit_v1_rr2_Sum.wav	Percussion/Timpani/Timpani5_Hit_v1_rr2_Sum.wav	18fce5347cb112c40026c885a808f0d5383bc1b3	612b09a6c13aaa3e32ce4849564c150001c859a6fad0e1c90e0df79d7509cca1	CC0-1.0
sample	public/samples/levain/timpani/Timpani5_Hit_v3_rr1_Sum.wav	Percussion/Timpani/Timpani5_Hit_v3_rr1_Sum.wav	52b8d8441ff31e3870572cdbba0ae317c201bfe9	da8212316bb05e3c06c730d6a67ae4b3c8ed90ca5ec8c52410cb9d0cde1bddb4	CC0-1.0
sample	public/samples/levain/timpani/Timpani5_Hit_v3_rr2_Sum.wav	Percussion/Timpani/Timpani5_Hit_v3_rr2_Sum.wav	4f2eeb4ba6dc3547684c5d36106e5a0d9b97eba5	e1195b473349412495d9c398840dc19b3fb1bf7530b4b85ab78a6d448caa9c40	CC0-1.0
sample	public/samples/levain/timpani/Timpani5_Hit_v4_rr1_Sum.wav	Percussion/Timpani/Timpani5_Hit_v4_rr1_Sum.wav	5de0226ebb7e3b4a343b23e71517147aa5102f2e	520bcf3b2f5d974076d0eb0eb3ba5201de0be5098860e9d752c6deaa295ae3ba	CC0-1.0
sample	public/samples/levain/timpani/Timpani5_Hit_v4_rr2_Sum.wav	Percussion/Timpani/Timpani5_Hit_v4_rr2_Sum.wav	c9bc3ccf75025ad7f907d833a1d1d417a945a5b3	1f34a78ec7d5ce9f1a5ded7ccffd04da806507f43503b6ba9f380d315623a6ce	CC0-1.0
sample	public/samples/levain/trombone/tenortbn_stac_A#0_v1_rr1.wav	Brass/Tenor Trombone/stac/tenortbn_stac_A#0_v1_rr1.wav	8937a788f22f3abd6c8b3d17d3924b47ae08d32f	802fb21bc0f6e3357e2a80b49714ece45fc06558ac634f1b4c9061a115c2d23d	CC0-1.0
sample	public/samples/levain/trombone/tenortbn_stac_A#0_v1_rr2.wav	Brass/Tenor Trombone/stac/tenortbn_stac_A#0_v1_rr2.wav	626b72a06c8f16e7b405c05c4d9d5f525d631b65	100efcbdb1ea466876bbe2d99c636907adba20abb0b8e9574f05b67a17d67cf7	CC0-1.0
sample	public/samples/levain/trombone/tenortbn_stac_A#0_v2_rr1.wav	Brass/Tenor Trombone/stac/tenortbn_stac_A#0_v2_rr1.wav	8fd5f3092b2d9d88e51a1e3e423525ee4c0d6ede	07aabca741ca00b78fd241bb833ef97c45576a629e70fe48ecbfb7e5d377713d	CC0-1.0
sample	public/samples/levain/trombone/tenortbn_stac_A#0_v2_rr2.wav	Brass/Tenor Trombone/stac/tenortbn_stac_A#0_v2_rr2.wav	cee76883dd41d147ac4de73b5d38758029dd8ccc	f82414bd98fe13e62a52034769a863da43b9694540f2d97977eceb7b6efdc42e	CC0-1.0
sample	public/samples/levain/trombone/tenortbn_stac_A#0_v3_rr1.wav	Brass/Tenor Trombone/stac/tenortbn_stac_A#0_v3_rr1.wav	95673324beff9f3303d5ae3fe16b73e6e5501c2b	117335e8813878d528a9446d0f51afb194ddf136bf41cfd96349bffc0f5c51bf	CC0-1.0
sample	public/samples/levain/trombone/tenortbn_stac_A#0_v3_rr2.wav	Brass/Tenor Trombone/stac/tenortbn_stac_A#0_v3_rr2.wav	72ff8d0ebff690c764e6ef355c5036ae0acce5ab	82fd561c5ea6d9ba281022b1e8a068e74fc4dc441178f8436d50e4cb5527f7bf	CC0-1.0
sample	public/samples/levain/trombone/tenortbn_stac_A#0_v4_rr1.wav	Brass/Tenor Trombone/stac/tenortbn_stac_A#0_v4_rr1.wav	72c262cae03320cea616854e6e9a7edd87c03445	87b33f3680a13cb2d22cd00980a17860445f8a9c3d001f675f3e9b39277d2062	CC0-1.0
sample	public/samples/levain/trombone/tenortbn_stac_A#0_v4_rr2.wav	Brass/Tenor Trombone/stac/tenortbn_stac_A#0_v4_rr2.wav	9f35ceb2fc078fca63f93ec75413e6b504884c31	e4ca29d89bb0a60b8aa4c11520655577e3e7c344b05ef845c4523ecb306d1d08	CC0-1.0
sample	public/samples/levain/trombone/tenortbn_stac_A#1_v1_rr1.wav	Brass/Tenor Trombone/stac/tenortbn_stac_A#1_v1_rr1.wav	be9d933594ffc7e8883c613b527413682a8440f1	25785a148e3c7b8277b5961a63df1226c65fc3908d768b494d7ae1c838ab5796	CC0-1.0
sample	public/samples/levain/trombone/tenortbn_stac_A#1_v1_rr2.wav	Brass/Tenor Trombone/stac/tenortbn_stac_A#1_v1_rr2.wav	69e3c0348d2520f20fd25c7ca361021f78a29dcb	b9e844375108f2b5ce7ffeed88abf15f40b20b1d06b06e6f4a851022d3b5e5d7	CC0-1.0
sample	public/samples/levain/trombone/tenortbn_stac_A#1_v2_rr1.wav	Brass/Tenor Trombone/stac/tenortbn_stac_A#1_v2_rr1.wav	b489cd5449d3d082220faf517c005822808d0b4b	27aa2fea71633a85858a48e87133bc941518c50301427f2807e54c50cc30a3a0	CC0-1.0
sample	public/samples/levain/trombone/tenortbn_stac_A#1_v2_rr2.wav	Brass/Tenor Trombone/stac/tenortbn_stac_A#1_v2_rr2.wav	71e190a8060be44609af48f42bac7ddcd47850bc	adfa3dc25b6c6cae3f6a4ae1f0413188588fab83767f7002079a9baffd9b004f	CC0-1.0
sample	public/samples/levain/trombone/tenortbn_stac_A#1_v3_rr1.wav	Brass/Tenor Trombone/stac/tenortbn_stac_A#1_v3_rr1.wav	79b0f7b1417faddc46890bb92508e52021d5da03	c71af28710d365bbfb7e6a02df01c8cc6fd966e85bc3e9122c8cd5e9d3314ae9	CC0-1.0
sample	public/samples/levain/trombone/tenortbn_stac_A#1_v3_rr2.wav	Brass/Tenor Trombone/stac/tenortbn_stac_A#1_v3_rr2.wav	0c049f2b38424f1e7cddd1bb2773b7923efff2fb	91e40a027a74a9b7b05a6c1a8215917f06fc21827a3de6634954131628c40e38	CC0-1.0
sample	public/samples/levain/trombone/tenortbn_stac_A#1_v4_rr1.wav	Brass/Tenor Trombone/stac/tenortbn_stac_A#1_v4_rr1.wav	9947fab6818aebb2977c473e964088638b02ff14	5f825bebf5638d1216e50bcad6a265628fc8472e10c52808319a6d0544f75ea5	CC0-1.0
sample	public/samples/levain/trombone/tenortbn_stac_A#1_v4_rr2.wav	Brass/Tenor Trombone/stac/tenortbn_stac_A#1_v4_rr2.wav	d323f7ba3db673b459f94b23175e9305a5a2995d	a800bb69d69bd557cf30962652b333d49c4496aeba621a3fc3762836d908edf9	CC0-1.0
sample	public/samples/levain/trombone/tenortbn_stac_A#2_v1_rr1.wav	Brass/Tenor Trombone/stac/tenortbn_stac_A#2_v1_rr1.wav	14fe341ff5e398a3230f76fe91ab6d9f6dbc8211	aa943a9047f7669b1cb510efdfe5def9cd01aafa1bc986263cdba377be655f51	CC0-1.0
sample	public/samples/levain/trombone/tenortbn_stac_A#2_v1_rr2.wav	Brass/Tenor Trombone/stac/tenortbn_stac_A#2_v1_rr2.wav	22bebbb1d39a81e3d753912ebe2f936ef9768038	7a28162f7366235ef932396f9d420c42780c57537d14e61243cbf25fc1d2bfd7	CC0-1.0
sample	public/samples/levain/trombone/tenortbn_stac_A#2_v2_rr1.wav	Brass/Tenor Trombone/stac/tenortbn_stac_A#2_v2_rr1.wav	ef7315518f9ea88e4b8195f7659f83fc7a6f6b08	9ebd53b7a360fec26068e06fdefb569b8b9168da52bd073a106dee348237edc6	CC0-1.0
sample	public/samples/levain/trombone/tenortbn_stac_A#2_v2_rr2.wav	Brass/Tenor Trombone/stac/tenortbn_stac_A#2_v2_rr2.wav	d61ee7e58ab90ceec1f1bfdbaf5c0bab6f912ed8	4cf54ec007e7cb4fabbeaa66aa06c552e8e25fb07d863ab10c5b3a19d724ab36	CC0-1.0
sample	public/samples/levain/trombone/tenortbn_stac_A#2_v3_rr1.wav	Brass/Tenor Trombone/stac/tenortbn_stac_A#2_v3_rr1.wav	ce149164e8a227ffbe3adfbed37181223dbe05d2	c8749500734290d012793a583429dd7da7c95578176d9acd98825a09549e6b55	CC0-1.0
sample	public/samples/levain/trombone/tenortbn_stac_A#2_v3_rr2.wav	Brass/Tenor Trombone/stac/tenortbn_stac_A#2_v3_rr2.wav	56fd03961972f3b2a8c894cbe9256b376ca1eb0c	799ec9c49c5eb18dd619ec181e09f5d43aee97f73f5a0394b5fa857dd9a93396	CC0-1.0
sample	public/samples/levain/trombone/tenortbn_stac_A#2_v4_rr1.wav	Brass/Tenor Trombone/stac/tenortbn_stac_A#2_v4_rr1.wav	8d68825cf75741d32d75bd182130bb6ebb0bf3e9	27829f7d7a636ef38df6129a83f3eff92f3a5058297a1a49d028464dc2f9d0bb	CC0-1.0
sample	public/samples/levain/trombone/tenortbn_stac_D3_v1_rr1.wav	Brass/Tenor Trombone/stac/tenortbn_stac_D3_v1_rr1.wav	b40fe1e2b7bf70663fd7435e6b4e9634a66a955a	67dce143bef0bd19134e4be1528848573cc951a51839d223227c9880ee4bb97a	CC0-1.0
sample	public/samples/levain/trombone/tenortbn_stac_D3_v1_rr2.wav	Brass/Tenor Trombone/stac/tenortbn_stac_D3_v1_rr2.wav	a09f2b65aaaa0a3a1af410dc990f2e8376ccaa8a	a5bc3174f4ed7e525bb06bbfb0630071af3640e9a2871843e8f2a3226a296e9a	CC0-1.0
sample	public/samples/levain/trombone/tenortbn_stac_D3_v2_rr1.wav	Brass/Tenor Trombone/stac/tenortbn_stac_D3_v2_rr1.wav	5bda44b54bb60e7e1e681319928394b47a5eef5a	beca016210ea3c89f2d0ede6ae1b4e9ccb42c39beac478290b63903742af634d	CC0-1.0
sample	public/samples/levain/trombone/tenortbn_stac_D3_v2_rr2.wav	Brass/Tenor Trombone/stac/tenortbn_stac_D3_v2_rr2.wav	203a5ba1ab630d194c4cd28f2f584572b94c31f7	67c26974b8796007d4852215ce8193f32116b3a144220ad12995155324fcb2ce	CC0-1.0
sample	public/samples/levain/trombone/tenortbn_stac_D3_v3_rr1.wav	Brass/Tenor Trombone/stac/tenortbn_stac_D3_v3_rr1.wav	edeb1555e4d30c6e981c03a982a7d9149c3d79fb	9e6539decc3eff4ccb635161a7337da7a2230b92b96812d31058685266461547	CC0-1.0
sample	public/samples/levain/trombone/tenortbn_stac_D3_v3_rr2.wav	Brass/Tenor Trombone/stac/tenortbn_stac_D3_v3_rr2.wav	f321ddf3d08d458faeef57da0c445ea3f8674bbd	6705e51b4873b572600a5035a79a7798094d93e838ca18cc9702fe7882709be3	CC0-1.0
sample	public/samples/levain/trombone/tenortbn_stac_D3_v4_rr1.wav	Brass/Tenor Trombone/stac/tenortbn_stac_D3_v4_rr1.wav	3806b91e69df67b6c065fe80fd629df65b5391d4	15fc0a2625e4cf3f6f55b4d4e251bb445d52bda4c1b59be49f816168ceec22fb	CC0-1.0
sample	public/samples/levain/trombone/tenortbn_stac_D3_v4_rr2.wav	Brass/Tenor Trombone/stac/tenortbn_stac_D3_v4_rr2.wav	688419e623c8022563d8b1880e2ab5fc4aa93bf9	9dc4bb103b1fe85a9afe03c0a6a691b2253c9896ac188c289e5c933015d09bbb	CC0-1.0
sample	public/samples/levain/trombone/tenortbn_stac_F1_v1_rr1.wav	Brass/Tenor Trombone/stac/tenortbn_stac_F1_v1_rr1.wav	609aad6d7ef959889bc778c49cb76e257fbc9d86	91777348f658929be4e864b525e752035899aff608e5690197e077264fccfd4c	CC0-1.0
sample	public/samples/levain/trombone/tenortbn_stac_F1_v1_rr2.wav	Brass/Tenor Trombone/stac/tenortbn_stac_F1_v1_rr2.wav	76f9d9b968070f008fc44d8708c9495fcb811f23	44b4570eb53c520163c0ddb40f78ed29d75992b444745e2614dce9bc80ccf263	CC0-1.0
sample	public/samples/levain/trombone/tenortbn_stac_F1_v2_rr1.wav	Brass/Tenor Trombone/stac/tenortbn_stac_F1_v2_rr1.wav	93aec9029a704da43e0ad75a97fe25692f567094	d8ed193a6acb37b13b3374c2a35d46ef9d8beb230970ab3985ed9bc15ae0cb9b	CC0-1.0
sample	public/samples/levain/trombone/tenortbn_stac_F1_v2_rr2.wav	Brass/Tenor Trombone/stac/tenortbn_stac_F1_v2_rr2.wav	f214d71c40e7a392015d88349c24d3e7709585cd	db6d777a499c24f39ca3e7774460c5b855ab1ea5b047e84cb2bf790f5ce449e2	CC0-1.0
sample	public/samples/levain/trombone/tenortbn_stac_F1_v3_rr1.wav	Brass/Tenor Trombone/stac/tenortbn_stac_F1_v3_rr1.wav	f103568b26e144a4a284f76e1902bd4a5ed754bb	f13097ea48b5427ac7d34b49afcd4ab48c5b25883c0c3df0718a72bba3e1258f	CC0-1.0
sample	public/samples/levain/trombone/tenortbn_stac_F1_v3_rr2.wav	Brass/Tenor Trombone/stac/tenortbn_stac_F1_v3_rr2.wav	b79bb400b9d39638fdbdfff4771bc1ec6ca83b51	c951dfd9aa9548e4d63edc0e9a24240617b68a2a36ee98793f4084d51d4d4676	CC0-1.0
sample	public/samples/levain/trombone/tenortbn_stac_F1_v4_rr1.wav	Brass/Tenor Trombone/stac/tenortbn_stac_F1_v4_rr1.wav	2a88b80622277b5a4739445a7945cdc7a95123b8	678152687030323cd3e205f74cc39f834c69e88a1c7cf9efe8a074b20bd9b7ba	CC0-1.0
sample	public/samples/levain/trombone/tenortbn_stac_F1_v4_rr2.wav	Brass/Tenor Trombone/stac/tenortbn_stac_F1_v4_rr2.wav	0f778971b23d1c279757fc918fb822959294868e	aad9c37bb7979bceabd9dd8fd1e1806d1cd5fe264233bd5048849ddedbc4b706	CC0-1.0
sample	public/samples/levain/trombone/tenortbn_stac_F2_v1_rr1.wav	Brass/Tenor Trombone/stac/tenortbn_stac_F2_v1_rr1.wav	9286c22ff7fa3cea82617611f83189a170930d8d	ec2b3cd7255c33c9a5e396ef2c7817912559b712ec7d92c9f11fadf71807433d	CC0-1.0
sample	public/samples/levain/trombone/tenortbn_stac_F2_v1_rr2.wav	Brass/Tenor Trombone/stac/tenortbn_stac_F2_v1_rr2.wav	e04d0180b6758368018cdac8de3c8884a0359b54	430fdec828f24448ab1613086f2d8aae0866d602f04704cddd09a360c721bbb8	CC0-1.0
sample	public/samples/levain/trombone/tenortbn_stac_F2_v2_rr1.wav	Brass/Tenor Trombone/stac/tenortbn_stac_F2_v2_rr1.wav	7fb521ee3cc17335cc454359f8801d7211598c84	5113431498bacccaa3cbca023628dfb421ea526b77a578f19a02fc4c36026d13	CC0-1.0
sample	public/samples/levain/trombone/tenortbn_stac_F2_v2_rr2.wav	Brass/Tenor Trombone/stac/tenortbn_stac_F2_v2_rr2.wav	2b2813053dcabeb7ef0f794a1c9b950adf0db15f	f0e65d7143f8e0c771d9dcbdea8d94ce2b07cfc250b55761f3296392360ad91a	CC0-1.0
sample	public/samples/levain/trombone/tenortbn_stac_F2_v3_rr1.wav	Brass/Tenor Trombone/stac/tenortbn_stac_F2_v3_rr1.wav	15d871a42884a9a6c8300021790e94a38a9c297b	ecae67d794c2d0f3494e6613ce49c4c53c25eeda5fb95beb75a00237c0471908	CC0-1.0
sample	public/samples/levain/trombone/tenortbn_stac_F2_v3_rr2.wav	Brass/Tenor Trombone/stac/tenortbn_stac_F2_v3_rr2.wav	00a9f623324538a93e90e2bdfc5c24b8b27cb06d	a8656a33b541010729190e0c65503cafb52506c97ec4f25768e4525cb4e5028b	CC0-1.0
sample	public/samples/levain/trombone/tenortbn_stac_F2_v4_rr1.wav	Brass/Tenor Trombone/stac/tenortbn_stac_F2_v4_rr1.wav	1ccb564b7564df62ac16af6947e1216489730941	378b9f790ef731c18f9c8468faf973b0e848b8ff797795681d20812abbb25674	CC0-1.0
sample	public/samples/levain/trombone/tenortbn_stac_F2_v4_rr2.wav	Brass/Tenor Trombone/stac/tenortbn_stac_F2_v4_rr2.wav	86b845ae3d94c6e8213b61364a37c318904efc00	8477fa7bfa3ed4c6f0cf656a10b52813b98fca6d77151c2cee9150a446b0fae5	CC0-1.0
sample	public/samples/levain/trombone/tenortbn_stac_F3_v1_rr1.wav	Brass/Tenor Trombone/stac/tenortbn_stac_F3_v1_rr1.wav	7117430dfa725072c048ffab44998e685d81bd91	774c12e90c669fe93d1747e873358a89a26066b01ba96f614610ea4c1c28a7da	CC0-1.0
sample	public/samples/levain/trombone/tenortbn_stac_F3_v1_rr2.wav	Brass/Tenor Trombone/stac/tenortbn_stac_F3_v1_rr2.wav	1adac947367a59bc188842e8b645a805f03f1e4e	6bb09fa9b46dc42cb84b8feb2bfa5e56e32fcd52c268bd626a9bb8b6d27c3f53	CC0-1.0
sample	public/samples/levain/trombone/tenortbn_stac_F3_v2_rr1.wav	Brass/Tenor Trombone/stac/tenortbn_stac_F3_v2_rr1.wav	6413045836a20da7a60cf5a0ce67efb44fe55e27	f51c84b25118c1960ce7e23d011b3b0754af8d3d14628262cbd143969cc47f30	CC0-1.0
sample	public/samples/levain/trombone/tenortbn_stac_F3_v2_rr2.wav	Brass/Tenor Trombone/stac/tenortbn_stac_F3_v2_rr2.wav	5e568a1abbb8469c8e2ad7d7deeb3621da086d4f	84b29a8641d0c430ef675c590ec73576a6a17d8417adcb0d44acee5eeab2af89	CC0-1.0
sample	public/samples/levain/trombone/tenortbn_stac_F3_v3_rr1.wav	Brass/Tenor Trombone/stac/tenortbn_stac_F3_v3_rr1.wav	a1257ab3aa44b2e2464d82624087b3eb36783838	98d9751f85c1a5d9107d47cb608068ec30f42992e6a5177acc0765f65811a93b	CC0-1.0
sample	public/samples/levain/trombone/tenortbn_stac_F3_v3_rr2.wav	Brass/Tenor Trombone/stac/tenortbn_stac_F3_v3_rr2.wav	019eb003bcf58fa164cfdcf47316748b72cdaa7a	8da448495c03a3ea6ac3605bb351c06f5771467971b689a50fd35b8ca75ae1e1	CC0-1.0
sample	public/samples/levain/trombone/tenortbn_stac_F3_v4_rr1.wav	Brass/Tenor Trombone/stac/tenortbn_stac_F3_v4_rr1.wav	eca22d71889ee09f22e91af77b4a1dd8d6305758	bc3ba076da4ae7a1a7e528daa7906faa2507c86754d0478965d59e8cb0ea1d95	CC0-1.0
sample	public/samples/levain/trombone/tenortbn_stac_F3_v4_rr2.wav	Brass/Tenor Trombone/stac/tenortbn_stac_F3_v4_rr2.wav	6544d23257b3106d0f5aff57c2bf66906229997f	8f06e79804de956fe5f04fe149cd13f063f4ec52f1d239439718c25d3bb6d54d	CC0-1.0
sample	public/samples/levain/trombone/tenortbn_sus_A#0_v1_1.wav	Brass/Tenor Trombone/sus/tenortbn_sus_A#0_v1_1.wav	adf430c94439820bb8876f7208b8f1756eb101c4	44a23123a24d683e9423d5982157ffdc8b1bfb80bd9b4e4523bdff6d47adf461	CC0-1.0
sample	public/samples/levain/trombone/tenortbn_sus_A#0_v2_1.wav	Brass/Tenor Trombone/sus/tenortbn_sus_A#0_v2_1.wav	e81b27ce12cc7921533136f7c822ad66bde17b48	c8192572a34ba0c410cb77a33fe200a5850b334e1763b2ebc91ab5292978a0d4	CC0-1.0
sample	public/samples/levain/trombone/tenortbn_sus_A#1_v1_1.wav	Brass/Tenor Trombone/sus/tenortbn_sus_A#1_v1_1.wav	bebc48d3e9e0a15c375bfb331d8c0034d2bf3d52	0d87a1004cbfeff3786f72731731cda752ec6f99d3b2a2e50cdd9a574b23272a	CC0-1.0
sample	public/samples/levain/trombone/tenortbn_sus_A#1_v2_1.wav	Brass/Tenor Trombone/sus/tenortbn_sus_A#1_v2_1.wav	bfed422b95827132a8cd27cdf5f6bc3073dbc293	09d6fff28ec8d8a3ac83505c61cf4e2e95fce5b232f3ae4f7adfefddb7af56e1	CC0-1.0
sample	public/samples/levain/trombone/tenortbn_sus_A#1_v3_1.wav	Brass/Tenor Trombone/sus/tenortbn_sus_A#1_v3_1.wav	52f58161c3944d30fb5598144697650b29224947	9385dcf9b1a1b32db2d29b696d051fe8fe00aac9bfbd81270ff3570c57970d39	CC0-1.0
sample	public/samples/levain/trombone/tenortbn_sus_C#1_v1_1.wav	Brass/Tenor Trombone/sus/tenortbn_sus_C#1_v1_1.wav	ecf7830fd218e877e6c761ba755e57c3cad81ac5	924bbeffefd019a942bb38ff33100ef9bf0ae68a30ffb548e4ffd9c55a23fbf4	CC0-1.0
sample	public/samples/levain/trombone/tenortbn_sus_C#1_v2_1.wav	Brass/Tenor Trombone/sus/tenortbn_sus_C#1_v2_1.wav	232b246c39891a738c246a41685a2ed5a7c7470d	b957256f8057fef478fb8d713dd284ad9a1aa57f720ef9f18a4e0d1d59bbe65e	CC0-1.0
sample	public/samples/levain/trombone/tenortbn_sus_C#3_v1_1.wav	Brass/Tenor Trombone/sus/tenortbn_sus_C#3_v1_1.wav	4388462bb1234613e754ad798404cc6b3e0fa792	6ac439fe6933ffb0b0f1010a8767171449464bfb81b94ef53183b10d8b54aba1	CC0-1.0
sample	public/samples/levain/trombone/tenortbn_sus_C#3_v2_1.wav	Brass/Tenor Trombone/sus/tenortbn_sus_C#3_v2_1.wav	8e546c8995c15c63c856099030ae45c5abbc8924	2fbbd439a89cde570a6848c41b220d333a95995d0b935fd3973a197beb0f0674	CC0-1.0
sample	public/samples/levain/trombone/tenortbn_sus_C#3_v3_1.wav	Brass/Tenor Trombone/sus/tenortbn_sus_C#3_v3_1.wav	dfb869ad2e91b4fca51c017c7517c1bbf9958ce6	7d70f3324d34c2f1d34d210b11bc2b43158f47b7dc77fa2f65c7157f0d786404	CC0-1.0
sample	public/samples/levain/trombone/tenortbn_sus_C3_v1_1.wav	Brass/Tenor Trombone/sus/tenortbn_sus_C3_v1_1.wav	b61096af88a303b6acc983e8a6aa22c83f3a8233	a77fcd4bcdd66ae6a8c94045de492553b725a8b9b3489c9e817afb2ba08d1dc9	CC0-1.0
sample	public/samples/levain/trombone/tenortbn_sus_C3_v2_1.wav	Brass/Tenor Trombone/sus/tenortbn_sus_C3_v2_1.wav	dbb030c2fdcfddf56ec0cbd1cc9cc2c03eb3aa33	6858987188e6e87a24ea6b37d0f3c07921e8f891adafbdbd2c72bb8f7241e8ab	CC0-1.0
sample	public/samples/levain/trombone/tenortbn_sus_C3_v3_1.wav	Brass/Tenor Trombone/sus/tenortbn_sus_C3_v3_1.wav	a91b32be153b69d65c46f5be1e38310c70353661	ba3760e74edf6c25f96a0deb526bf87eba2bf74be94ba76bf31d0d6592efe687	CC0-1.0
sample	public/samples/levain/trombone/tenortbn_sus_D#1_v1_1.wav	Brass/Tenor Trombone/sus/tenortbn_sus_D#1_v1_1.wav	3ada83e7586270bb31bd388a0c8236adcc4aa5a4	c197b4c5e8c28a4160ff8665eb880abbe99e42ed2830a59707407b76ce225d60	CC0-1.0
sample	public/samples/levain/trombone/tenortbn_sus_D#1_v2_1.wav	Brass/Tenor Trombone/sus/tenortbn_sus_D#1_v2_1.wav	1ed2a84fb7bb34ab7cb80dd9e60adedf3e544a2b	eecd696f213cda2f402ca84eb1af244d29c6006fd3f4bb7853854ab892eaeaa7	CC0-1.0
sample	public/samples/levain/trombone/tenortbn_sus_D#1_v3_1.wav	Brass/Tenor Trombone/sus/tenortbn_sus_D#1_v3_1.wav	f40c52cd3f82d755429815e79e1541554ea5b48d	dd2e358d7994ae2b3fce9ccdc902f53f22393294d6b0408821a2a916f3c42d3a	CC0-1.0
sample	public/samples/levain/trombone/tenortbn_sus_D#3_v1_1.wav	Brass/Tenor Trombone/sus/tenortbn_sus_D#3_v1_1.wav	a40cbae87dab599f03cce9319cfcdac5b90293d7	f8506296062218d14899d8c74cfc32149de105d65520aafe7282d3fd07c206c2	CC0-1.0
sample	public/samples/levain/trombone/tenortbn_sus_D#3_v2_1.wav	Brass/Tenor Trombone/sus/tenortbn_sus_D#3_v2_1.wav	f328088a8745a2c01d1d39c78db9a65599f86bca	12df341a13615a9f1676a3b04cee91d1853649907243adbdd52675d833594394	CC0-1.0
sample	public/samples/levain/trombone/tenortbn_sus_D#3_v3_1.wav	Brass/Tenor Trombone/sus/tenortbn_sus_D#3_v3_1.wav	cb97ac413666687d63624c704e832b4196e0ddd6	289630ed8e777ff4f2542b010654e2aad372b8f4addb4635ef21ee1536eec615	CC0-1.0
sample	public/samples/levain/trombone/tenortbn_sus_D2_v1_1.wav	Brass/Tenor Trombone/sus/tenortbn_sus_D2_v1_1.wav	2721e50862bd57ada8245162917fc048e03b061a	44809d90ad88bcc42af6caa27749954886b7de5ea93c97dc490b2d52c627d853	CC0-1.0
sample	public/samples/levain/trombone/tenortbn_sus_D2_v2_1.wav	Brass/Tenor Trombone/sus/tenortbn_sus_D2_v2_1.wav	879dbfba0ad741de2c7b34688ce7a6c763b54da2	f71a6d3914ac0daa656553cbd2b50af560897fd31920fb578ac85313d2787b36	CC0-1.0
sample	public/samples/levain/trombone/tenortbn_sus_D2_v3_1.wav	Brass/Tenor Trombone/sus/tenortbn_sus_D2_v3_1.wav	eef36ce79c6497eacde16aca18edbfbd0418e837	aad670ae4e1c97487c000c7e8b47f90486d1b835e6244de4ddad18e06b70465b	CC0-1.0
sample	public/samples/levain/trombone/tenortbn_sus_F1_v1_1.wav	Brass/Tenor Trombone/sus/tenortbn_sus_F1_v1_1.wav	c9214a98d0743da8a396db3fdfa3c9cbdd07b5ce	a33428ce832fe0108e5399026bc8a7687b43c1503a4d19bb38fe24cdff071b25	CC0-1.0
sample	public/samples/levain/trombone/tenortbn_sus_F1_v2_1.wav	Brass/Tenor Trombone/sus/tenortbn_sus_F1_v2_1.wav	baabbbd2f72b8e34259cef60bde4b6c2f1fd554c	44939c24af3cc64bb5324830838d23ee2489ca90e4b679592e2535f86ec6418d	CC0-1.0
sample	public/samples/levain/trombone/tenortbn_sus_F1_v3_1.wav	Brass/Tenor Trombone/sus/tenortbn_sus_F1_v3_1.wav	81a07a374fad649fb6d2589cea8756b0af3fc8f2	7993b96b4a0643f413332cd1321ce992c31a883343a992511d343b9b6ff979b6	CC0-1.0
sample	public/samples/levain/trombone/tenortbn_sus_F2_v1_1.wav	Brass/Tenor Trombone/sus/tenortbn_sus_F2_v1_1.wav	7f98be760c0092deabe3026562d783b6473772bf	c9d6777e444e1076000b0dbbacce691739ce7f7f9968b410f29501e38214a764	CC0-1.0
sample	public/samples/levain/trombone/tenortbn_sus_F2_v2_1.wav	Brass/Tenor Trombone/sus/tenortbn_sus_F2_v2_1.wav	34359f397938e10a675d5906f21cd90392cad15b	9d4d0eeef23a823416724e150deebb141f85d5ff1a90226e947bc4ba13c00597	CC0-1.0
sample	public/samples/levain/trombone/tenortbn_sus_F2_v3_1.wav	Brass/Tenor Trombone/sus/tenortbn_sus_F2_v3_1.wav	f6c1025383f62db27083c3cb78d5046d748ada4c	675abd9954c0bb01bd6049cb7f5dcf908f627c673668ac9393226a09ba0fad2a	CC0-1.0
sample	public/samples/levain/trombone/tenortbn_sus_F3_v1_1.wav	Brass/Tenor Trombone/sus/tenortbn_sus_F3_v1_1.wav	4c6cd39dc8a64bf7517308616a6390cce1e190e5	c6b852da342f0afd5279b26b48d3d882d02bf52001f40c1b23542c61315ceeb6	CC0-1.0
sample	public/samples/levain/trombone/tenortbn_sus_F3_v2_1.wav	Brass/Tenor Trombone/sus/tenortbn_sus_F3_v2_1.wav	aad935618350cdffb0af783043d3b63e00b6092a	3ef29a754b2cfcaa8c27b5a8a3c807247d606c8cf95650941cee295e8011cfeb	CC0-1.0
sample	public/samples/levain/trombone/tenortbn_sus_F3_v3_1.wav	Brass/Tenor Trombone/sus/tenortbn_sus_F3_v3_1.wav	c6164474bad88e9d7718358a669ba076d825fff7	6f27199604f9f14254ae2fca7368b08cb17039f7401402fa95b9d9e2b7943420	CC0-1.0
sample	public/samples/levain/trumpet/Sum_SHTrumpet_stac_A#3_v1_rr1.wav	Brass/Trumpet/stac/Sum_SHTrumpet_stac_A#3_v1_rr1.wav	bf0e95a8fd3e63f12d208a946bfcd659b407e1bc	6f1d1f9c9c8a65d9c31af6bfc80b569b1d9f8a1f169f5d421054646fb6495e46	CC0-1.0
sample	public/samples/levain/trumpet/Sum_SHTrumpet_stac_A#3_v1_rr2.wav	Brass/Trumpet/stac/Sum_SHTrumpet_stac_A#3_v1_rr2.wav	199c5ac074304d2a3b0dc95a3b10cae790913396	47b12cfdde378455ae4c624b8b33973c02e1002b908689d40be45bf12f25314b	CC0-1.0
sample	public/samples/levain/trumpet/Sum_SHTrumpet_stac_A#3_v2_rr1.wav	Brass/Trumpet/stac/Sum_SHTrumpet_stac_A#3_v2_rr1.wav	2da16b369ecc935ce024f1250afc4fb2dc151eb6	d8cbce4381ae171e4ba19963da5c9d8c5a140164775e0c5ca0ec5afcdadd1d57	CC0-1.0
sample	public/samples/levain/trumpet/Sum_SHTrumpet_stac_A#3_v2_rr2.wav	Brass/Trumpet/stac/Sum_SHTrumpet_stac_A#3_v2_rr2.wav	eed06e0833c95cf381ec231b1d737e2eba82d14f	c6d7fcb0aca04e913d712c8e4e3d8dbad9f49fb6dee3ef36c6f8da9b77f6593e	CC0-1.0
sample	public/samples/levain/trumpet/Sum_SHTrumpet_stac_A#3_v3_rr1.wav	Brass/Trumpet/stac/Sum_SHTrumpet_stac_A#3_v3_rr1.wav	b7f76652558f4b2bc8065424e9e8b119859deb8d	24860bfae8f7825130698c1ea73e129c63d8c817edf59c57c99a9116fe11f024	CC0-1.0
sample	public/samples/levain/trumpet/Sum_SHTrumpet_stac_A#3_v3_rr2.wav	Brass/Trumpet/stac/Sum_SHTrumpet_stac_A#3_v3_rr2.wav	df3b1287a88e26172ef1c5d83f0b12a08cf30e07	59e1d452e4ad11beeb4416afc7200633efc2603c9b1a398364a2d3602f0105a2	CC0-1.0
sample	public/samples/levain/trumpet/Sum_SHTrumpet_stac_A2_v1_rr1.wav	Brass/Trumpet/stac/Sum_SHTrumpet_stac_A2_v1_rr1.wav	f37fbc8a9bec8ac95a28b359ae13f2db9d1259e5	3a7603098121be43c3080ce5d912bec119668c2c92ae2882093a1ac16d6dbd80	CC0-1.0
sample	public/samples/levain/trumpet/Sum_SHTrumpet_stac_A2_v1_rr2.wav	Brass/Trumpet/stac/Sum_SHTrumpet_stac_A2_v1_rr2.wav	1958d00def0a6e62ae72f959c1dd7773591e167d	9c1087b6046c18310e1c552ed9cec820b48a3823d8c838b5c0c0b0767ed7b47b	CC0-1.0
sample	public/samples/levain/trumpet/Sum_SHTrumpet_stac_A2_v2_rr1.wav	Brass/Trumpet/stac/Sum_SHTrumpet_stac_A2_v2_rr1.wav	24bd1d129ebf8af4b218699193be85f2d4fc0471	541fc8058d47837d0d71424eb103b933446ea8a3fab0616d249320a0b9a8a889	CC0-1.0
sample	public/samples/levain/trumpet/Sum_SHTrumpet_stac_A2_v2_rr2.wav	Brass/Trumpet/stac/Sum_SHTrumpet_stac_A2_v2_rr2.wav	e1ade182454040684d8689235d7182d268973bc7	25e03e28e9c97cad48dbbb8f1bb6430be293d3a9afbbb5e15afedb0b5176c57b	CC0-1.0
sample	public/samples/levain/trumpet/Sum_SHTrumpet_stac_A2_v3_rr1.wav	Brass/Trumpet/stac/Sum_SHTrumpet_stac_A2_v3_rr1.wav	3096788299a4fdbef104a517b885d0105b7cf9ac	cc991b1ef7e436ad472a118696dcb069127bae73733091c0bd358b5a99ddfe0f	CC0-1.0
sample	public/samples/levain/trumpet/Sum_SHTrumpet_stac_A2_v3_rr2.wav	Brass/Trumpet/stac/Sum_SHTrumpet_stac_A2_v3_rr2.wav	7411f2aa7ddf090f97d7477e737b70f7a8bbea9a	3264779a0c3bc85a18a4acacc8496fd5ead43f902a2f44ec1c9ed9fff24736d1	CC0-1.0
sample	public/samples/levain/trumpet/Sum_SHTrumpet_stac_A4_v1_rr1.wav	Brass/Trumpet/stac/Sum_SHTrumpet_stac_A4_v1_rr1.wav	4a7e8e27138b468aa8c4bdff2d14d29a73a4fdcc	f00daf7fdf1dde82dff7c81640f8f2a68b77fca1505e230f9b9753cf14165419	CC0-1.0
sample	public/samples/levain/trumpet/Sum_SHTrumpet_stac_A4_v1_rr2.wav	Brass/Trumpet/stac/Sum_SHTrumpet_stac_A4_v1_rr2.wav	33e4fb87dff994f4c98c5a49ecc06e91e1591cbf	61b2d381bd932da5084b8e73880fa0851b3960245a79a23ca0ad16ecd6aa9824	CC0-1.0
sample	public/samples/levain/trumpet/Sum_SHTrumpet_stac_A4_v2_rr1.wav	Brass/Trumpet/stac/Sum_SHTrumpet_stac_A4_v2_rr1.wav	e756e2573b1112d1c0a182ffedb71237006e8ff9	d28cae30c146c8df5da21ff31ebe2ee570b8f77f18793c11f05bdbc1b16b4d7f	CC0-1.0
sample	public/samples/levain/trumpet/Sum_SHTrumpet_stac_A4_v2_rr2.wav	Brass/Trumpet/stac/Sum_SHTrumpet_stac_A4_v2_rr2.wav	c0822dbc84bbecbf671165b3731b8afeccadf088	f44da529f373fd2fadf77d32364f324712409de9033fa752f0f73cb3fb686159	CC0-1.0
sample	public/samples/levain/trumpet/Sum_SHTrumpet_stac_A4_v3_rr1.wav	Brass/Trumpet/stac/Sum_SHTrumpet_stac_A4_v3_rr1.wav	756e786aeabfe7b27f1b66c212ce824d5608de4e	e73b02d4a76541915c2b4806659e6a5946bdba4a3ce2b43572cf4437aeb0d62e	CC0-1.0
sample	public/samples/levain/trumpet/Sum_SHTrumpet_stac_A4_v3_rr2.wav	Brass/Trumpet/stac/Sum_SHTrumpet_stac_A4_v3_rr2.wav	816cb43dc8f09ad900246dd00a4880a3d62c310c	ca41e4c7824a9103bdb6c2d48d0f6a655b27b58f1764d4083c023d7760eafdac	CC0-1.0
sample	public/samples/levain/trumpet/Sum_SHTrumpet_stac_C3_v1_rr1.wav	Brass/Trumpet/stac/Sum_SHTrumpet_stac_C3_v1_rr1.wav	73bc75a68458df9dac5946665c206be58e4f4899	37d5af0c1b0046a90275d4ed6f9c69d8a15e840aecdc1b8bc56c2d13947984a3	CC0-1.0
sample	public/samples/levain/trumpet/Sum_SHTrumpet_stac_C3_v1_rr2.wav	Brass/Trumpet/stac/Sum_SHTrumpet_stac_C3_v1_rr2.wav	c326617e07521b04cb6df3c4cdbc040e48fcfc74	ae5c4e7c4254bacb45df322bb449b4a5c41cb74c1566d9a02a4019b4abf3620e	CC0-1.0
sample	public/samples/levain/trumpet/Sum_SHTrumpet_stac_C3_v2_rr1.wav	Brass/Trumpet/stac/Sum_SHTrumpet_stac_C3_v2_rr1.wav	ab8da5c0a735702b45b8c4dada74f74abf816218	dcd3d370fe299ca76b222066d7facd0034a549a105051ed474f8dd1f478f1afa	CC0-1.0
sample	public/samples/levain/trumpet/Sum_SHTrumpet_stac_C3_v2_rr2.wav	Brass/Trumpet/stac/Sum_SHTrumpet_stac_C3_v2_rr2.wav	2e3fa81623f9d20872f3b6aab25fc423e8ea6636	6669483b585f9f3ef21bcacd9cad9eab0e2d3c784673634b4922f116d1932bf3	CC0-1.0
sample	public/samples/levain/trumpet/Sum_SHTrumpet_stac_C3_v3_rr1.wav	Brass/Trumpet/stac/Sum_SHTrumpet_stac_C3_v3_rr1.wav	2f50c4afc81b078ba9d67d75212d398b5115bfe6	6ee12d20bfc94165d3d900e40274c8d4343e683fed2fee64f1bfcb5e94d99aa4	CC0-1.0
sample	public/samples/levain/trumpet/Sum_SHTrumpet_stac_C3_v3_rr2.wav	Brass/Trumpet/stac/Sum_SHTrumpet_stac_C3_v3_rr2.wav	a1aaf39ce40739defd53021d08e00f8f3540bd2a	1796a2247243d7ec76dca6a30543e4a7c8e3f98ebfb6bebb9217abfbb9d91a2f	CC0-1.0
sample	public/samples/levain/trumpet/Sum_SHTrumpet_stac_C5_v1_rr1.wav	Brass/Trumpet/stac/Sum_SHTrumpet_stac_C5_v1_rr1.wav	234aa7a8f29ad31675b83baaff1c135fa190c04c	591c8153a0db640ddb647871fed7ef3a4f62a5b09c6e78e6e4c810927c60ae8d	CC0-1.0
sample	public/samples/levain/trumpet/Sum_SHTrumpet_stac_C5_v1_rr2.wav	Brass/Trumpet/stac/Sum_SHTrumpet_stac_C5_v1_rr2.wav	4277f766095fe63c2348352ef9d61f83b9165366	8a608773df286405ab8323b35f88aca3dfde4df34275f4667942918f8540ad76	CC0-1.0
sample	public/samples/levain/trumpet/Sum_SHTrumpet_stac_C5_v2_rr1.wav	Brass/Trumpet/stac/Sum_SHTrumpet_stac_C5_v2_rr1.wav	864e7856744bed4c94c9d2e50b74c02b0e5d4817	17dd7aad381f8663dbb5d5657319c9bece2ea4b6331ce2e8a233dc73de77be2d	CC0-1.0
sample	public/samples/levain/trumpet/Sum_SHTrumpet_stac_C5_v2_rr2.wav	Brass/Trumpet/stac/Sum_SHTrumpet_stac_C5_v2_rr2.wav	b5b2dcabc2a1f07a81b3605f8299f3244fb865dd	49f1e9eae6b4d8af01cc31b9c3ee1639bdab1d9b1fde769352074397001bae50	CC0-1.0
sample	public/samples/levain/trumpet/Sum_SHTrumpet_stac_C5_v3_rr1.wav	Brass/Trumpet/stac/Sum_SHTrumpet_stac_C5_v3_rr1.wav	059a10515dc4ed409dfea126cff0e0a1b46cd3a7	9a66e31c9417825230870e5de2668363a374d0780a06d23b388f096273ee237b	CC0-1.0
sample	public/samples/levain/trumpet/Sum_SHTrumpet_stac_C5_v3_rr2.wav	Brass/Trumpet/stac/Sum_SHTrumpet_stac_C5_v3_rr2.wav	371b3c89b59fa63405e0e1e8909ae473104a3049	7878d6ff852cea721355e7d168b400a22c191820bea90ee6dec861b368766a93	CC0-1.0
sample	public/samples/levain/trumpet/Sum_SHTrumpet_stac_D#3_v1_rr1.wav	Brass/Trumpet/stac/Sum_SHTrumpet_stac_D#3_v1_rr1.wav	0daa5f3026acbb9d2e71d1e93ce7af262e211875	8e32a727c0e1528ec8f25852a6ee32e673c3f5f0c11f293ee3b5ccf7fa703d59	CC0-1.0
sample	public/samples/levain/trumpet/Sum_SHTrumpet_stac_D#3_v1_rr2.wav	Brass/Trumpet/stac/Sum_SHTrumpet_stac_D#3_v1_rr2.wav	e54f1ee5338150b5ae9eb23f21adb28b1f13f427	98c099dfa2e9c2d76dafa6810e69f46a4cacaeb15a6003513a116f91f57c55b6	CC0-1.0
sample	public/samples/levain/trumpet/Sum_SHTrumpet_stac_D#3_v2_rr1.wav	Brass/Trumpet/stac/Sum_SHTrumpet_stac_D#3_v2_rr1.wav	a88c16c3a48afb44991c1b2d99fb1394195161f7	f032aa47913409ff845bdd521ced7f7275c83642edc94447f71cd0c4141af170	CC0-1.0
sample	public/samples/levain/trumpet/Sum_SHTrumpet_stac_D#3_v2_rr2.wav	Brass/Trumpet/stac/Sum_SHTrumpet_stac_D#3_v2_rr2.wav	2087047717d10850a622600ca73ac34799653413	6beb473258b317efbe6934de25f4b423aff4461f1fb288917625777c2006e420	CC0-1.0
sample	public/samples/levain/trumpet/Sum_SHTrumpet_stac_D#3_v3_rr1.wav	Brass/Trumpet/stac/Sum_SHTrumpet_stac_D#3_v3_rr1.wav	77d17d832af6f646de8b2cb2e2793f87e939076f	04d9ce75dcb30cd9ff32cf6b6cd1b4dcf756e6c99acfe9e4dbe3cdead7a1ac0c	CC0-1.0
sample	public/samples/levain/trumpet/Sum_SHTrumpet_stac_D#3_v3_rr2.wav	Brass/Trumpet/stac/Sum_SHTrumpet_stac_D#3_v3_rr2.wav	427677a8e7fe48b551ef171c64cfb1414a49550b	e138e254fb93df7dbe08835d40e41d92524b66e4478ba14b6e7d4310e0b2da29	CC0-1.0
sample	public/samples/levain/trumpet/Sum_SHTrumpet_stac_D4_v1_rr1.wav	Brass/Trumpet/stac/Sum_SHTrumpet_stac_D4_v1_rr1.wav	9362f406faf92752f69f81a3e64924850f4cb829	79f5a5c2a16e7b1be93d896b3eac0fdfc62fc520966172fb33677923deb1d16c	CC0-1.0
sample	public/samples/levain/trumpet/Sum_SHTrumpet_stac_D4_v1_rr2.wav	Brass/Trumpet/stac/Sum_SHTrumpet_stac_D4_v1_rr2.wav	7e804b845c8db49962a83a30a30f971270f9fd3f	2019fb74d6fe083fab5ebfa5540debdf0a07ec080c5908bff016877f3d8af1a3	CC0-1.0
sample	public/samples/levain/trumpet/Sum_SHTrumpet_stac_D4_v2_rr1.wav	Brass/Trumpet/stac/Sum_SHTrumpet_stac_D4_v2_rr1.wav	80d482935d4b79a80938c30dc6f083bfe206e9be	a817b4b11b818e04cf73197a382b380c5dd8576f1e7f7d1ee359559d0542eb8a	CC0-1.0
sample	public/samples/levain/trumpet/Sum_SHTrumpet_stac_D4_v2_rr2.wav	Brass/Trumpet/stac/Sum_SHTrumpet_stac_D4_v2_rr2.wav	282b1bf9c727c8a755daaedcd546e9fe887a6ba8	043cf7ce0c16474c077291f2eda7671fa89841c27646ce597c450f51b5e3f7fe	CC0-1.0
sample	public/samples/levain/trumpet/Sum_SHTrumpet_stac_D4_v3_rr1.wav	Brass/Trumpet/stac/Sum_SHTrumpet_stac_D4_v3_rr1.wav	f1fe8074459f0c37f6212f296f299ff4416da09c	7dcf2aec74e544c9cd139e2713c8a8bf358c26633b2fb3be254e998a0b010df9	CC0-1.0
sample	public/samples/levain/trumpet/Sum_SHTrumpet_stac_D4_v3_rr2.wav	Brass/Trumpet/stac/Sum_SHTrumpet_stac_D4_v3_rr2.wav	87e437363c9893fbbe10a70cf9edec17bce2907f	ed782dc33b9774aeb46feae6053c89ae22d9bb2ae648ff9f7b633043c4dfefa1	CC0-1.0
sample	public/samples/levain/trumpet/Sum_SHTrumpet_stac_F2_v1_rr1.wav	Brass/Trumpet/stac/Sum_SHTrumpet_stac_F2_v1_rr1.wav	e9f946ca06becd252fd6429ae3818c7ab215a915	5779d53d96b9755b516b64315ac314aaa3f036a4d80b7ae6991e59a59c347f69	CC0-1.0
sample	public/samples/levain/trumpet/Sum_SHTrumpet_stac_F2_v1_rr2.wav	Brass/Trumpet/stac/Sum_SHTrumpet_stac_F2_v1_rr2.wav	5df204d937199917741b314de99c0b660c386c47	7aeeda343b9d232995b5b53b65439716b742c9ef594abb3ca050e62aa325b92d	CC0-1.0
sample	public/samples/levain/trumpet/Sum_SHTrumpet_stac_F2_v2_rr1.wav	Brass/Trumpet/stac/Sum_SHTrumpet_stac_F2_v2_rr1.wav	b157118ffe94338901f32ff69944dfe63be915c4	4a76a421189667d815bef41a8719c50aa0491a18ff0719f3bf832647311e1503	CC0-1.0
sample	public/samples/levain/trumpet/Sum_SHTrumpet_stac_F2_v2_rr2.wav	Brass/Trumpet/stac/Sum_SHTrumpet_stac_F2_v2_rr2.wav	13ec72eb3c733b1b0a1be84d7ac76e958f7d23b4	09d4319e385f67b1a9e933c07b0d34669c98d33c1844a1adbbfca371ae300609	CC0-1.0
sample	public/samples/levain/trumpet/Sum_SHTrumpet_stac_F2_v3_rr1.wav	Brass/Trumpet/stac/Sum_SHTrumpet_stac_F2_v3_rr1.wav	845cbbe1d7ecaa358fba272dd1aea6cec12b6ad5	9a411dab4e2da66f2226bd848b7a037350d7275919f935580bd0ea60e0a100ad	CC0-1.0
sample	public/samples/levain/trumpet/Sum_SHTrumpet_stac_F2_v3_rr2.wav	Brass/Trumpet/stac/Sum_SHTrumpet_stac_F2_v3_rr2.wav	22e498b1af165faaf2ac794d7e72221a9f820056	fb5e11ca725100eebc3ca020984c33a147fb28a2f19a9548084ca7d4902ffc3e	CC0-1.0
sample	public/samples/levain/trumpet/Sum_SHTrumpet_stac_F3_v1_rr1.wav	Brass/Trumpet/stac/Sum_SHTrumpet_stac_F3_v1_rr1.wav	5265c95f043605ea4ade1d1d87f21382567519e4	57be16c841d51cce95c1176721aca610077d432659f85c8dd977d2b2d8ad3329	CC0-1.0
sample	public/samples/levain/trumpet/Sum_SHTrumpet_stac_F3_v1_rr2.wav	Brass/Trumpet/stac/Sum_SHTrumpet_stac_F3_v1_rr2.wav	b84b438a07e076a04fa239405afb4a0a3551da3b	be016e0b1c170fd7a5c91440375f37ebe06e0e1b618e4aa027c170da11962d30	CC0-1.0
sample	public/samples/levain/trumpet/Sum_SHTrumpet_stac_F3_v2_rr1.wav	Brass/Trumpet/stac/Sum_SHTrumpet_stac_F3_v2_rr1.wav	403be9ea239d244971f7bc0130a8756c88d28640	2c134b65498f84486690a2abb7f6dfe3af41e082d720096632ac702a98b9b9ba	CC0-1.0
sample	public/samples/levain/trumpet/Sum_SHTrumpet_stac_F3_v2_rr2.wav	Brass/Trumpet/stac/Sum_SHTrumpet_stac_F3_v2_rr2.wav	48a91912f81a27d4a474a360703ff3d8c4612280	8d91552ce28745d2f2d238f234c572e89c7750f97813c3b563dc75e2fe3928ab	CC0-1.0
sample	public/samples/levain/trumpet/Sum_SHTrumpet_stac_F3_v3_rr1.wav	Brass/Trumpet/stac/Sum_SHTrumpet_stac_F3_v3_rr1.wav	5b5082d93eade6e6b4307b6e0ab75fe4e27501e4	f7804f6694c8b0259337a03816de36540c1329d1e418001db65986060c35554c	CC0-1.0
sample	public/samples/levain/trumpet/Sum_SHTrumpet_stac_F3_v3_rr2.wav	Brass/Trumpet/stac/Sum_SHTrumpet_stac_F3_v3_rr2.wav	3e1d8c464a54b7a070d0ef7380a408fd06c5e0c9	d32fabbd40ff9ac7cc8605f62536f5c365fd45f11829ffc5eec9330af7d3a426	CC0-1.0
sample	public/samples/levain/trumpet/Sum_SHTrumpet_stac_F4_v1_rr1.wav	Brass/Trumpet/stac/Sum_SHTrumpet_stac_F4_v1_rr1.wav	53a406f4412eccb96f537ad3ade778aec190af3f	ed6a86034bc429acd388c6ee2810716ebb9a06bf3f1a9cbbabb29b312c235b2c	CC0-1.0
sample	public/samples/levain/trumpet/Sum_SHTrumpet_stac_F4_v1_rr2.wav	Brass/Trumpet/stac/Sum_SHTrumpet_stac_F4_v1_rr2.wav	7f646ed719647ffd08b30bf20d5a84fce8910ca6	7defc72bc7eb651fc65f4052157518283956c2637fb0eaa6f2fc856ca149e98a	CC0-1.0
sample	public/samples/levain/trumpet/Sum_SHTrumpet_stac_F4_v2_rr1.wav	Brass/Trumpet/stac/Sum_SHTrumpet_stac_F4_v2_rr1.wav	2cde793a0c0b3e1657ec07b7dc03395eb39d1c84	624f8ff3ba6845dd5acfaec1730d7bfcc6bf05fd2260bd4023d00a7dacffbaa2	CC0-1.0
sample	public/samples/levain/trumpet/Sum_SHTrumpet_stac_F4_v2_rr2.wav	Brass/Trumpet/stac/Sum_SHTrumpet_stac_F4_v2_rr2.wav	01719dfe7beb254f6f16dccb8d56a906c41316c4	90a6a74f3b3a56b50620a82d76e7e4372049983f1fb5909fa2413625c9ef7d5e	CC0-1.0
sample	public/samples/levain/trumpet/Sum_SHTrumpet_stac_F4_v3_rr1.wav	Brass/Trumpet/stac/Sum_SHTrumpet_stac_F4_v3_rr1.wav	0c64406f6cfacac35e83670215fe84988eb2862d	437da7831e11cab33263eadefc015b8eea4cd3fad81ebcdea6597b50198d4520	CC0-1.0
sample	public/samples/levain/trumpet/Sum_SHTrumpet_stac_F4_v3_rr2.wav	Brass/Trumpet/stac/Sum_SHTrumpet_stac_F4_v3_rr2.wav	e8363c0ab182b9eae55c3d79f855f67ca585b08f	9376f49083e30349c75d8a7d022607a9b847306ef725426070042432c7c2fbf3	CC0-1.0
sample	public/samples/levain/trumpet/Sum_SHTrumpet_stac_G3_v1_rr1.wav	Brass/Trumpet/stac/Sum_SHTrumpet_stac_G3_v1_rr1.wav	daadc87e3855aed3fd479ab3bd998a9ac144670a	4036f2ffa0e6b314940f96e45805ac80299a3f22fdf2b34b6444e6be2f289c18	CC0-1.0
sample	public/samples/levain/trumpet/Sum_SHTrumpet_stac_G3_v1_rr2.wav	Brass/Trumpet/stac/Sum_SHTrumpet_stac_G3_v1_rr2.wav	166a4fab909fc5def73d35f5c2c90e8243fa6e16	368663cd6b07b37d92ffdc4a1ae988cfec203fc089b35544f6af205a8909a498	CC0-1.0
sample	public/samples/levain/trumpet/Sum_SHTrumpet_stac_G3_v2_rr1.wav	Brass/Trumpet/stac/Sum_SHTrumpet_stac_G3_v2_rr1.wav	0b6142ebe63a7f86763391286ef44ec66f26ac7c	1819a3fab5c2c6ffb1eb76f7d3880886db4e4a3a713f8c323cdc10ad1332a128	CC0-1.0
sample	public/samples/levain/trumpet/Sum_SHTrumpet_stac_G3_v2_rr2.wav	Brass/Trumpet/stac/Sum_SHTrumpet_stac_G3_v2_rr2.wav	6ff7612abefebbfe086f87a843d89492b3c08d78	525ead627af5063a38981fb00fb5b6b2cae9694ff6ffb8bbbbac405470b0f9a3	CC0-1.0
sample	public/samples/levain/trumpet/Sum_SHTrumpet_stac_G3_v3_rr1.wav	Brass/Trumpet/stac/Sum_SHTrumpet_stac_G3_v3_rr1.wav	53ef5d48ac2c8263da2f6e70f73302e84e520227	fc88e87885839b5fb45e2fb63cc70afef0b3c0f13c129c7d0ee4aee3458f293d	CC0-1.0
sample	public/samples/levain/trumpet/Sum_SHTrumpet_stac_G3_v3_rr2.wav	Brass/Trumpet/stac/Sum_SHTrumpet_stac_G3_v3_rr2.wav	3e581ffda8f01a633c045f7181474368f100d11f	3176c42a66cde0fe21bd50166b31906c099f78710835f2b970e144e28e1ecac1	CC0-1.0
sample	public/samples/levain/trumpet/Sum_SHTrumpet_susvib_A#3_v1_rr1.wav	Brass/Trumpet/susvib/Sum_SHTrumpet_susvib_A#3_v1_rr1.wav	95a9cfcd1d74f641464840f7db150bc4e6050970	9abc3c1ff7d47aa2cc1d1a8beb8ea90434baf0f64f0b7647d08b2e1766b21e78	CC0-1.0
sample	public/samples/levain/trumpet/Sum_SHTrumpet_susvib_A#3_v2_rr1.wav	Brass/Trumpet/susvib/Sum_SHTrumpet_susvib_A#3_v2_rr1.wav	165691debf78d3fc3135a8c20a36cb00244fe604	5f04aaf28173c366687de84b75ff6d3de8527d2be5df61695268ff8b49258530	CC0-1.0
sample	public/samples/levain/trumpet/Sum_SHTrumpet_susvib_A2_v1_rr1.wav	Brass/Trumpet/susvib/Sum_SHTrumpet_susvib_A2_v1_rr1.wav	469357481da1f36ef27f7da01e2e28afffaf451a	b21075d7aa044959e66eb1c6b5dec1a8152d4bdc3835245c766ed4fb278fea44	CC0-1.0
sample	public/samples/levain/trumpet/Sum_SHTrumpet_susvib_A2_v2_rr1.wav	Brass/Trumpet/susvib/Sum_SHTrumpet_susvib_A2_v2_rr1.wav	c1426b74117537c0d900ee0f1a50abe9f80b826d	d44ea3011a075e2e528a488dab25e273159b7f02590476b10b82c1a8151fda63	CC0-1.0
sample	public/samples/levain/trumpet/Sum_SHTrumpet_susvib_A4_v1_rr1.wav	Brass/Trumpet/susvib/Sum_SHTrumpet_susvib_A4_v1_rr1.wav	51b9d3469da022896d379bd65931b5bb8aac8807	284e78caa27badd8b5cf9e276594c49b4f36dc85848c72ae056541e9e85793d4	CC0-1.0
sample	public/samples/levain/trumpet/Sum_SHTrumpet_susvib_A4_v2_rr1.wav	Brass/Trumpet/susvib/Sum_SHTrumpet_susvib_A4_v2_rr1.wav	b114ad315de41c67c290cf1fd94e6b7bbc30ba8e	ee7a3b4e37c98821923fa4910cb59c2de5548a864929e5a2a5b824d31e3430cf	CC0-1.0
sample	public/samples/levain/trumpet/Sum_SHTrumpet_susvib_C3_v1_rr1.wav	Brass/Trumpet/susvib/Sum_SHTrumpet_susvib_C3_v1_rr1.wav	c824ff5e042cf2c032a471af74873e9ded31c3c7	4f26e4251a742f01c4423cf5039af412117ba60118763c4fcc2dfe2c52b73986	CC0-1.0
sample	public/samples/levain/trumpet/Sum_SHTrumpet_susvib_C3_v2_rr1.wav	Brass/Trumpet/susvib/Sum_SHTrumpet_susvib_C3_v2_rr1.wav	316ddd83d62f71464691f55e695c9911baa74fde	a8bf991aaa2bbc8a0d2591c48fbf427f3c304c9f561c9fac4bec4c603a64bfbc	CC0-1.0
sample	public/samples/levain/trumpet/Sum_SHTrumpet_susvib_C5_v1_rr1.wav	Brass/Trumpet/susvib/Sum_SHTrumpet_susvib_C5_v1_rr1.wav	a25b35a4a77babd99940089f0a27177e411ee1e6	f02e2469b5310499232a0a677ed3bf9438b39ae52213ee3b7cbe52306f37e3f0	CC0-1.0
sample	public/samples/levain/trumpet/Sum_SHTrumpet_susvib_C5_v2_rr1.wav	Brass/Trumpet/susvib/Sum_SHTrumpet_susvib_C5_v2_rr1.wav	3647dd075a81747d559061dc15a0617e68c592da	e71cdea01469ef454be62b7b6aa95b0bd52fa16682c6f8ef8a49996f4286d1d6	CC0-1.0
sample	public/samples/levain/trumpet/Sum_SHTrumpet_susvib_D#3_v1_rr1.wav	Brass/Trumpet/susvib/Sum_SHTrumpet_susvib_D#3_v1_rr1.wav	42505ac38151f9c9d1079b2a265c3dfcfcb86b17	8c3b0580fe0a4f685e28a9fee7c421905d969c52a46bfb6a35195e31b5855e33	CC0-1.0
sample	public/samples/levain/trumpet/Sum_SHTrumpet_susvib_D#3_v2_rr1.wav	Brass/Trumpet/susvib/Sum_SHTrumpet_susvib_D#3_v2_rr1.wav	02b6e138b28395422cf5e17ed63b274dc6e11b20	c856a86f32530f99ebae671352875d9ae57f2d45b1035cdbbb3d7183c1558350	CC0-1.0
sample	public/samples/levain/trumpet/Sum_SHTrumpet_susvib_D4_v1_rr1.wav	Brass/Trumpet/susvib/Sum_SHTrumpet_susvib_D4_v1_rr1.wav	add78913445e51e8e02b0bb4c24811c0cc5cb44a	22b71e63e681fcb0c38d66a203bdf9a71f137757917f60bb573db83a603991c5	CC0-1.0
sample	public/samples/levain/trumpet/Sum_SHTrumpet_susvib_D4_v2_rr1.wav	Brass/Trumpet/susvib/Sum_SHTrumpet_susvib_D4_v2_rr1.wav	471319f79fe64718967d3692c5b353b79aff2d81	f0de028c0455e12af2e9f1e5897fa1486eca6803861be531f176ad43ee51d601	CC0-1.0
sample	public/samples/levain/trumpet/Sum_SHTrumpet_susvib_F2_v1_rr1.wav	Brass/Trumpet/susvib/Sum_SHTrumpet_susvib_F2_v1_rr1.wav	a5856816674701e7ebb4e2044c28a9b27dd097a1	01af629ade4d4a78042da39e4326c8647b69600e9ea3c95501cd0a64c2058ee5	CC0-1.0
sample	public/samples/levain/trumpet/Sum_SHTrumpet_susvib_F2_v2_rr1.wav	Brass/Trumpet/susvib/Sum_SHTrumpet_susvib_F2_v2_rr1.wav	a743ef5eb3b3363767d3c0d101a08ba698575b43	f2e0210140e1db4081474e85791e8c6e79a990d681d7794041bcdaf671dec27f	CC0-1.0
sample	public/samples/levain/trumpet/Sum_SHTrumpet_susvib_F3_v1_rr1.wav	Brass/Trumpet/susvib/Sum_SHTrumpet_susvib_F3_v1_rr1.wav	e5ec4e1cf7446cc9bdc1503b808f95e29c641130	974702efc96c9e66493071a5c39e3a11be2b44771bb18d1be1840ac534e5e87d	CC0-1.0
sample	public/samples/levain/trumpet/Sum_SHTrumpet_susvib_F3_v2_rr1.wav	Brass/Trumpet/susvib/Sum_SHTrumpet_susvib_F3_v2_rr1.wav	8d59a188e8e978e02aea926b0473af239cd72476	da060ac9624f0b7c0cdb8f4a0e0ba7b2c7580cc4611d1bf3be2dfabe50a0a5a6	CC0-1.0
sample	public/samples/levain/trumpet/Sum_SHTrumpet_susvib_F4_v1_rr1.wav	Brass/Trumpet/susvib/Sum_SHTrumpet_susvib_F4_v1_rr1.wav	7862ff26859605c3889416416edbbaca7fd5b1b7	4769f9b47e68b022eae31f3095d189df89cc84ea6f46b5518a6a98b6d04b7c3f	CC0-1.0
sample	public/samples/levain/trumpet/Sum_SHTrumpet_susvib_F4_v2_rr1.wav	Brass/Trumpet/susvib/Sum_SHTrumpet_susvib_F4_v2_rr1.wav	7efbcf69d646e70f8ea35df190235b4ad85290eb	5e48dabae95f3d6af276214e892ad8bfc5d179bf505310ef2d7c75077ab69af2	CC0-1.0
sample	public/samples/levain/trumpet/Sum_SHTrumpet_susvib_G3_v1_rr1.wav	Brass/Trumpet/susvib/Sum_SHTrumpet_susvib_G3_v1_rr1.wav	e7a06d5a23c4294d347f2048a49d595873e37b98	726f8ecb796d82ec59277152e5dac6125991155fe75e3bab347fded2c5034ceb	CC0-1.0
sample	public/samples/levain/trumpet/Sum_SHTrumpet_susvib_G3_v2_rr1.wav	Brass/Trumpet/susvib/Sum_SHTrumpet_susvib_G3_v2_rr1.wav	5fd67b87a2480ec65e1f5645147f47b516afee73	98b93773016fc327e8a4318f14040c220134d9ea933af0798bbd85daa858b87b	CC0-1.0
sample	public/samples/levain/tuba/Tuba3_stac_A#0_v1_rr1_Sum.wav	Brass/Tuba/stac/Tuba3_stac_A#0_v1_rr1_Sum.wav	7c22ee9e89d51c19e2930695746fa8835c35b5a4	50d7b0f4acf1fb92e056928ab724e333c3b8670ee6c73b3a044ab41484f43dad	CC0-1.0
sample	public/samples/levain/tuba/Tuba3_stac_A#0_v1_rr2_Sum.wav	Brass/Tuba/stac/Tuba3_stac_A#0_v1_rr2_Sum.wav	6aebba2034867dbf351ba819f8b0d47a5f59a037	49d696c4a448fe3c6179cfd810bd54cbded968b6190b91b47caf96692cbbdba0	CC0-1.0
sample	public/samples/levain/tuba/Tuba3_stac_A#0_v1_rr3_Sum.wav	Brass/Tuba/stac/Tuba3_stac_A#0_v1_rr3_Sum.wav	3d372755696ab7ae8733a0b6a11f8ae41e4ab5ce	dccd7d00970c4a2f3efad0500177ee9217c99ea7eafdf6dc33280dad8fc814e7	CC0-1.0
sample	public/samples/levain/tuba/Tuba3_stac_A#0_v1_rr4_Sum.wav	Brass/Tuba/stac/Tuba3_stac_A#0_v1_rr4_Sum.wav	5eb4e4daee898d7dd77115122f2b3e774c3abcac	c902b1558f88b9ef5e1184c806350868b7dde757e5d5d9993a14e8e845bb32dd	CC0-1.0
sample	public/samples/levain/tuba/Tuba3_stac_A#0_v2_rr1_Sum.wav	Brass/Tuba/stac/Tuba3_stac_A#0_v2_rr1_Sum.wav	a9165d8b01971e32a3185b50052d0cf34741e625	8ffdd2adcb4f77136461d437feda1f093920307fc83ea290c14b3664e0a5064b	CC0-1.0
sample	public/samples/levain/tuba/Tuba3_stac_A#0_v2_rr2_Sum.wav	Brass/Tuba/stac/Tuba3_stac_A#0_v2_rr2_Sum.wav	208f679bd7760d68a5c5dc396024122c3686fb83	011b97d0fc8031334a36d86782084748792d895365015736130bfb417c61cc78	CC0-1.0
sample	public/samples/levain/tuba/Tuba3_stac_A#0_v2_rr3_Sum.wav	Brass/Tuba/stac/Tuba3_stac_A#0_v2_rr3_Sum.wav	70812126dc697dfe0f6837a485c115c07dbd638f	7bdc61bb96ee6881d14abe5b59ed418b811d736de5c4b27565cae7527096a012	CC0-1.0
sample	public/samples/levain/tuba/Tuba3_stac_A#0_v2_rr4_Sum.wav	Brass/Tuba/stac/Tuba3_stac_A#0_v2_rr4_Sum.wav	c5b28a256c0f0cf63522a7d395f12f98f63c4e2b	712b001e5152f312f817f2e96102fc3ddd647e9a60ac516341c5ea2d771decab	CC0-1.0
sample	public/samples/levain/tuba/Tuba3_stac_A#1_v1_rr1_Sum.wav	Brass/Tuba/stac/Tuba3_stac_A#1_v1_rr1_Sum.wav	c55df0bc76a884932369b2feebbfae1d0d9ff7d5	77947f516bc14f3c5140e843bc35cfaef76829dcc8408c05189930d38e368683	CC0-1.0
sample	public/samples/levain/tuba/Tuba3_stac_A#1_v1_rr2_Sum.wav	Brass/Tuba/stac/Tuba3_stac_A#1_v1_rr2_Sum.wav	86358cdb41323cc288171bb0707333481ab33c28	7a012b67fe0ce438cace33a1e488debed62a62d77ce3b0be87ed97e196394b9e	CC0-1.0
sample	public/samples/levain/tuba/Tuba3_stac_A#1_v1_rr3_Sum.wav	Brass/Tuba/stac/Tuba3_stac_A#1_v1_rr3_Sum.wav	eb4b45fccfd783908e31a0adeb71153d9bef6c7c	639395e501fef9ae2afeda4528a3a8dc030d0bba85239f3877c5b5518a1c5cb2	CC0-1.0
sample	public/samples/levain/tuba/Tuba3_stac_A#1_v1_rr4_Sum.wav	Brass/Tuba/stac/Tuba3_stac_A#1_v1_rr4_Sum.wav	b59bd238c219a7ea1048ba226604fcaf57d28bb1	1ff5a0edf1e0501bd2c6d755ae663b6602ae9de2bd1ac9020691ed9b2b497870	CC0-1.0
sample	public/samples/levain/tuba/Tuba3_stac_A#1_v2_rr1_Sum.wav	Brass/Tuba/stac/Tuba3_stac_A#1_v2_rr1_Sum.wav	6f9f8d7fdba8779629970e0d86da143aa08c712e	15a09f4ccccd48c69ad6a3771a75e01c16b206fcfbf5bc925432d326c8480168	CC0-1.0
sample	public/samples/levain/tuba/Tuba3_stac_A#1_v2_rr2_Sum.wav	Brass/Tuba/stac/Tuba3_stac_A#1_v2_rr2_Sum.wav	f9cd9ddaf2dec7d23060ac268c4913e63306b193	9caab6e48f267888485fc4d6fd2329966be466b1db5070b7807529f9c5052e5a	CC0-1.0
sample	public/samples/levain/tuba/Tuba3_stac_A#1_v2_rr3_Sum.wav	Brass/Tuba/stac/Tuba3_stac_A#1_v2_rr3_Sum.wav	ccd37e6e9289545bc0e81ccf4289552885163681	c54063db0e70ee64947e245b877503d1bc13f00bda6271046566c60816e078c2	CC0-1.0
sample	public/samples/levain/tuba/Tuba3_stac_A#1_v2_rr4_Sum.wav	Brass/Tuba/stac/Tuba3_stac_A#1_v2_rr4_Sum.wav	677194bbc25372f1aae6360b9804f19dfa4b742d	03d13ac0fccb5655bbcd042ba70a1b274832699121bfd5b3ccf51aa4987d0a3d	CC0-1.0
sample	public/samples/levain/tuba/Tuba3_stac_A#2_v1_rr1_Sum.wav	Brass/Tuba/stac/Tuba3_stac_A#2_v1_rr1_Sum.wav	cb59b84d99d0140d00ff29e5548bfc83cecb688d	76db0d67565e1b92bc16d6021f8f7d039f86c0f0970af4e23aceb6b400f2eac2	CC0-1.0
sample	public/samples/levain/tuba/Tuba3_stac_A#2_v1_rr2_Sum.wav	Brass/Tuba/stac/Tuba3_stac_A#2_v1_rr2_Sum.wav	cebcdb351a754aced1d519cacf8fd52411d5db15	272b6a5d519def0a94b544647b07e1e36a1b61486e7d697daab2a4907582c409	CC0-1.0
sample	public/samples/levain/tuba/Tuba3_stac_A#2_v1_rr3_Sum.wav	Brass/Tuba/stac/Tuba3_stac_A#2_v1_rr3_Sum.wav	f15c6feae5049e534b962b906713f5e0b6dbb842	93ff50f74a3c190e922a78e78690562142398419f0fd4457c98abb14f30eaadc	CC0-1.0
sample	public/samples/levain/tuba/Tuba3_stac_A#2_v1_rr4_Sum.wav	Brass/Tuba/stac/Tuba3_stac_A#2_v1_rr4_Sum.wav	595c830ba9f1a4b09c3b173a4b3fa69bef054665	61d2f26cf61ce8a6160ef47980c92b1059058fa5aa72ab9187f0541e77122815	CC0-1.0
sample	public/samples/levain/tuba/Tuba3_stac_A#2_v2_rr1_Sum.wav	Brass/Tuba/stac/Tuba3_stac_A#2_v2_rr1_Sum.wav	6e010be66e35c4a7b1786651cf43a53c0fa71b03	ff8a307edd5af7efa2690d66ebf8dde0bb185d31ac3d0552bb90458c2118fc73	CC0-1.0
sample	public/samples/levain/tuba/Tuba3_stac_A#2_v2_rr2_Sum.wav	Brass/Tuba/stac/Tuba3_stac_A#2_v2_rr2_Sum.wav	ed320bda30a823e1e732375bfc232aa6d01c9d72	0eb1f9941717a2ba1756302b7f6cecf0f96fa82f692b8cd237ff7bb0f69cb079	CC0-1.0
sample	public/samples/levain/tuba/Tuba3_stac_A#2_v2_rr3_Sum.wav	Brass/Tuba/stac/Tuba3_stac_A#2_v2_rr3_Sum.wav	7fa5436ef134c1b3560ddc7de7e02c30136afc46	7bc8c17749c1d7de635eab4bf5bd51c885dfb50abd0e97814c7a92b647b7fe19	CC0-1.0
sample	public/samples/levain/tuba/Tuba3_stac_A#2_v2_rr4_Sum.wav	Brass/Tuba/stac/Tuba3_stac_A#2_v2_rr4_Sum.wav	e2d8d4326461b1ffcb5a4b46a8caf2470e4af03c	945f2a12a1bedf1b2e13a7f005f7815dfe6cdcee6637f6d0b79264872b60fdcd	CC0-1.0
sample	public/samples/levain/tuba/Tuba3_stac_D#1_v1_rr1_Sum.wav	Brass/Tuba/stac/Tuba3_stac_D#1_v1_rr1_Sum.wav	d66d2cd35d8937b1eee12773a0c1da3de9b4e4e2	1e5c84053d5f2b9e3b491a5a130b266dbc68850578e71fcb324402b659a594cf	CC0-1.0
sample	public/samples/levain/tuba/Tuba3_stac_D#1_v1_rr2_Sum.wav	Brass/Tuba/stac/Tuba3_stac_D#1_v1_rr2_Sum.wav	1d989b5ac1639d4c75b73eaa7f07e38a36dd57f7	b533a307768c562617e03c49a6d9782182b4e7744286938efc4ddfbfbfb9a5b4	CC0-1.0
sample	public/samples/levain/tuba/Tuba3_stac_D#1_v1_rr3_Sum.wav	Brass/Tuba/stac/Tuba3_stac_D#1_v1_rr3_Sum.wav	0057468932632473300e01a87efbfe8285566b72	1cfefb73cb4a98fd8f5d606ae2e9e99b9e6167b6e561496adc5c4150823c1788	CC0-1.0
sample	public/samples/levain/tuba/Tuba3_stac_D#1_v1_rr4_Sum.wav	Brass/Tuba/stac/Tuba3_stac_D#1_v1_rr4_Sum.wav	f86ceb2836476fff92b913c2953e583c996c1790	cc4bba9b69ee56158dadc87d1833937039b721fb913d5de32974b603bebe1e9d	CC0-1.0
sample	public/samples/levain/tuba/Tuba3_stac_D#1_v2_rr1_Sum.wav	Brass/Tuba/stac/Tuba3_stac_D#1_v2_rr1_Sum.wav	950438ecb7217d5a4a6d0c8af6d814a92ab5be0e	62450773c01a68affba727ae23539e09d43e760a2ecdf7192ba2dd2c3daae636	CC0-1.0
sample	public/samples/levain/tuba/Tuba3_stac_D#1_v2_rr2_Sum.wav	Brass/Tuba/stac/Tuba3_stac_D#1_v2_rr2_Sum.wav	5a2c37217f7cdb9125142ab5b05dcd41a20e5be2	6e4a95791ac5af718924d5b50f6d8462b072a5557a25d4038721b7baa8095c55	CC0-1.0
sample	public/samples/levain/tuba/Tuba3_stac_D#1_v2_rr3_Sum.wav	Brass/Tuba/stac/Tuba3_stac_D#1_v2_rr3_Sum.wav	aa54df144b4bc892fe68cf6fd8519d60898b5362	e8c4f85e4962f639886bfbc5f2ae18f3c492c783d6c941fadee6dd1d9228c9c4	CC0-1.0
sample	public/samples/levain/tuba/Tuba3_stac_D#1_v2_rr4_Sum.wav	Brass/Tuba/stac/Tuba3_stac_D#1_v2_rr4_Sum.wav	a3d2dce8d8334444818a2c7403f0964ea3aa5122	d9019237ca2cffcc57483c601c5ce85d1869643ec9fe9a5979bde72827fe43c2	CC0-1.0
sample	public/samples/levain/tuba/Tuba3_stac_D2_v1_rr1_Sum.wav	Brass/Tuba/stac/Tuba3_stac_D2_v1_rr1_Sum.wav	acb7dfa38c0b28c0861c81d5ba39cc62dff10d8b	60ab10563a779702305b80cee8cd6eeee73f834bb95f68db8a809bbc3fe26c1c	CC0-1.0
sample	public/samples/levain/tuba/Tuba3_stac_D2_v1_rr2_Sum.wav	Brass/Tuba/stac/Tuba3_stac_D2_v1_rr2_Sum.wav	35ba93540d47843324241a07706abacdacd5ea6b	156d76721bf0ec1c4e5af9855d277a6216f461fb4b76dc1f98579422217c1c75	CC0-1.0
sample	public/samples/levain/tuba/Tuba3_stac_D2_v1_rr3_Sum.wav	Brass/Tuba/stac/Tuba3_stac_D2_v1_rr3_Sum.wav	3910accd1dfeb1b104adad1ec2003adda18eecdf	3eef2cfa89bb9747e059db9d6cc054c71627883dccbebc510bf5dbc01ee0c865	CC0-1.0
sample	public/samples/levain/tuba/Tuba3_stac_D2_v1_rr4_Sum.wav	Brass/Tuba/stac/Tuba3_stac_D2_v1_rr4_Sum.wav	d40b01368cdb308895fa70837a2dd12e48811259	bcca21ed4756747e74840d139557b30749135f2150d2f2cebe5d8b8288cd26dd	CC0-1.0
sample	public/samples/levain/tuba/Tuba3_stac_D2_v2_rr1_Sum.wav	Brass/Tuba/stac/Tuba3_stac_D2_v2_rr1_Sum.wav	e7dd012d9016e608fad58edccb085bba73621a33	4ed9b5455e0c8b2532e9cac41e32a9218e96a4260a0104008b0a86083d3b7ce2	CC0-1.0
sample	public/samples/levain/tuba/Tuba3_stac_D2_v2_rr2_Sum.wav	Brass/Tuba/stac/Tuba3_stac_D2_v2_rr2_Sum.wav	1ad34440024d83f6f157ef48b11eb025759ed92b	5d38c8a95b96c3c9924388c74abd3137d78979e6f37193fbbd72a1187be9f37c	CC0-1.0
sample	public/samples/levain/tuba/Tuba3_stac_D2_v2_rr3_Sum.wav	Brass/Tuba/stac/Tuba3_stac_D2_v2_rr3_Sum.wav	afce238e76bb892386b1e01b28f189c913469852	0810cfbfb9878f1bc647f2ffc4715dcf64025616467e90e0cfdc323af95eda27	CC0-1.0
sample	public/samples/levain/tuba/Tuba3_stac_D2_v2_rr4_Sum.wav	Brass/Tuba/stac/Tuba3_stac_D2_v2_rr4_Sum.wav	5f0bdab9f64fb9a1bfc9119b95469c24d391cbf5	4c7c4efdacfe630f2702731092f27c22f423ad6105c1ee5c4bf37b7c403b9708	CC0-1.0
sample	public/samples/levain/tuba/Tuba3_stac_D3_v1_rr1_Sum.wav	Brass/Tuba/stac/Tuba3_stac_D3_v1_rr1_Sum.wav	473e4c38bfa355a81ec0e5dc32ffd8e410e57685	6dc4df0c33bee7f6d7ec6e487ed1367a5703fd452a553f09f5bc2a27addfe582	CC0-1.0
sample	public/samples/levain/tuba/Tuba3_stac_D3_v1_rr2_Sum.wav	Brass/Tuba/stac/Tuba3_stac_D3_v1_rr2_Sum.wav	15e9b5504e8aaeefc39e6aca64fd397d65cb4bd8	fd26e43a3da4ab2097f8dcc3cf7286a659ed7038f2f4dea47bb98b8894835151	CC0-1.0
sample	public/samples/levain/tuba/Tuba3_stac_D3_v1_rr3_Sum.wav	Brass/Tuba/stac/Tuba3_stac_D3_v1_rr3_Sum.wav	a4fe0f057b4ac41387bc42d4d05671d96c7786dd	a4a28fa08c276612e621a8f4863d89f12354af5520c1ea24b490802c1d68c6dc	CC0-1.0
sample	public/samples/levain/tuba/Tuba3_stac_D3_v1_rr4_Sum.wav	Brass/Tuba/stac/Tuba3_stac_D3_v1_rr4_Sum.wav	bbc908dea58926fb3d4cd6086099ad13f2eed359	d58fa76c31a856a299261c7ee079bd257656fb5541151c7e70768c8c36d8fbb4	CC0-1.0
sample	public/samples/levain/tuba/Tuba3_stac_D3_v2_rr1_Sum.wav	Brass/Tuba/stac/Tuba3_stac_D3_v2_rr1_Sum.wav	0e8fc0ae58311384c5c7caaca5ad98561d6d38c6	f00c8b0c259e6901e6f84f5151dfce61fce75a18dfc4748eea9b638db7d71041	CC0-1.0
sample	public/samples/levain/tuba/Tuba3_stac_D3_v2_rr2_Sum.wav	Brass/Tuba/stac/Tuba3_stac_D3_v2_rr2_Sum.wav	f57f4f3091230086dcea90f50893b840d8774658	9498d7012cbc86acb409464110115f8576b8dacf8a85d443a612f51bbca1881d	CC0-1.0
sample	public/samples/levain/tuba/Tuba3_stac_D3_v2_rr3_Sum.wav	Brass/Tuba/stac/Tuba3_stac_D3_v2_rr3_Sum.wav	b9d1d615626b0891a361fb5b6c26de6cbb3cc754	e56e296b9622ac70ab97c352b034cdcb2a85bad77a8f1030308bd8a3b8281dcf	CC0-1.0
sample	public/samples/levain/tuba/Tuba3_stac_D3_v2_rr4_Sum.wav	Brass/Tuba/stac/Tuba3_stac_D3_v2_rr4_Sum.wav	88b69826fcd02f6c61f0bd76d4d499bfdb1cd972	4c05ddce498db51d2b57bd797370ecb274340f737750ef510ca1cef4a760e7ed	CC0-1.0
sample	public/samples/levain/tuba/Tuba3_stac_F1_v1_rr1_Sum.wav	Brass/Tuba/stac/Tuba3_stac_F1_v1_rr1_Sum.wav	7fed15dfb84f947c91f5af42357730c3c3814cd8	a06d229e68373777aa0fe6902f152892a0447b20d1bf876351764e29579333e2	CC0-1.0
sample	public/samples/levain/tuba/Tuba3_stac_F1_v1_rr2_Sum.wav	Brass/Tuba/stac/Tuba3_stac_F1_v1_rr2_Sum.wav	50dd08f2c697fe7d8919f62f8881b2053bff97c2	610fd9a1d8de8be1f27c6ec0e7959b821928a050816566aa7ecff04881f90c1d	CC0-1.0
sample	public/samples/levain/tuba/Tuba3_stac_F1_v1_rr3_Sum.wav	Brass/Tuba/stac/Tuba3_stac_F1_v1_rr3_Sum.wav	f2eab297c859188643405eadbf19ebf470144c42	d6eb38865ca6e349d16aa79559b97ec6a34bb0c3159bb4bd9d7f8972132fbb41	CC0-1.0
sample	public/samples/levain/tuba/Tuba3_stac_F1_v1_rr4_Sum.wav	Brass/Tuba/stac/Tuba3_stac_F1_v1_rr4_Sum.wav	5813a1942b1f7be98f58f75d6307208723d9ebe6	bc338e911e022a9b3588d3f4f2f0c5018e27236cb7f5bd34c19a21c669f2d24d	CC0-1.0
sample	public/samples/levain/tuba/Tuba3_stac_F1_v2_rr1_Sum.wav	Brass/Tuba/stac/Tuba3_stac_F1_v2_rr1_Sum.wav	ee1eace963e4bceaa70c84b6a0f6cbd67cfacb21	d70368b6c3e3ae067f285201637860fc6c9f15fdc85e553feb5cd05e1585b102	CC0-1.0
sample	public/samples/levain/tuba/Tuba3_stac_F1_v2_rr2_Sum.wav	Brass/Tuba/stac/Tuba3_stac_F1_v2_rr2_Sum.wav	3e2525a304ec4894d7adb477d2e8134d46b6a3b1	e7cc81bfa1e421607005cdd927f3573e67612d8ec9b6ca398599b63152b18525	CC0-1.0
sample	public/samples/levain/tuba/Tuba3_stac_F1_v2_rr3_Sum.wav	Brass/Tuba/stac/Tuba3_stac_F1_v2_rr3_Sum.wav	30ccff6f19012dc772f805beb172f0dd7fabf2e6	8b41821161386c5f9cf0853d9f85ad9449fa446980f437d3ff6810288c747dc5	CC0-1.0
sample	public/samples/levain/tuba/Tuba3_stac_F1_v2_rr4_Sum.wav	Brass/Tuba/stac/Tuba3_stac_F1_v2_rr4_Sum.wav	5e3664e122ad9321309f2c4476ff9de4444c908b	a0a5684cf2797c863005dec90a503dbb60343c3d30bbf5f15843e3aa54dd6e69	CC0-1.0
sample	public/samples/levain/tuba/Tuba3_stac_F2_v1_rr1_Sum.wav	Brass/Tuba/stac/Tuba3_stac_F2_v1_rr1_Sum.wav	26caa2ef6070cdc02df9b63a12abeceab7091099	31cda8c55990ddc570ce617e21f0e2283978608ab4238b3bd93899055b845076	CC0-1.0
sample	public/samples/levain/tuba/Tuba3_stac_F2_v1_rr2_Sum.wav	Brass/Tuba/stac/Tuba3_stac_F2_v1_rr2_Sum.wav	62aa72ff55121007112354b5b2bc9444d8793a91	450c10b2a214c39201116d55356059f50af5e2f591a7356db1e0a110db35aa8b	CC0-1.0
sample	public/samples/levain/tuba/Tuba3_stac_F2_v1_rr3_Sum.wav	Brass/Tuba/stac/Tuba3_stac_F2_v1_rr3_Sum.wav	183c9dbfbe1dca134c768d6032281a3786e97dad	4ff31dd85a63324bf9e38cd206853113b49f5e9adb9924d93d93aebd4869c59f	CC0-1.0
sample	public/samples/levain/tuba/Tuba3_stac_F2_v1_rr4_Sum.wav	Brass/Tuba/stac/Tuba3_stac_F2_v1_rr4_Sum.wav	84acd34a0f1758e8e98de223f95a46f67b39a647	66fe48d2d2e6e9ce6d5ba8f303b7bd94b6e9107f9ce7d426c8ff58ab46bd4efa	CC0-1.0
sample	public/samples/levain/tuba/Tuba3_stac_F2_v2_rr1_Sum.wav	Brass/Tuba/stac/Tuba3_stac_F2_v2_rr1_Sum.wav	99f3b8910804b525fcd179c98554a2a4d9e66abb	85b1e4d289417593141ff062262a7ce11f1829db6d018d164d9df3e0fe16d830	CC0-1.0
sample	public/samples/levain/tuba/Tuba3_stac_F2_v2_rr2_Sum.wav	Brass/Tuba/stac/Tuba3_stac_F2_v2_rr2_Sum.wav	2810975d146076a48cef57b20af86cf350cc4f05	54b7fb533e17bc3d4610d226a4e6f4ce53bf60b532dafecbd14f2a70069c4798	CC0-1.0
sample	public/samples/levain/tuba/Tuba3_stac_F2_v2_rr3_Sum.wav	Brass/Tuba/stac/Tuba3_stac_F2_v2_rr3_Sum.wav	3eb5962e9a77933318eae621e4d57aa141bc509f	da52d59ea8af193d373ae3185f47ae5b73202e61638dc0861ec30cabba5de41e	CC0-1.0
sample	public/samples/levain/tuba/Tuba3_stac_F2_v2_rr4_Sum.wav	Brass/Tuba/stac/Tuba3_stac_F2_v2_rr4_Sum.wav	243e79ab51b1c72649cb9716f41c9c27132d9d5b	4594875ede8ea8eb32558041cbf0adcf94327bee1b1df9cdab73bdeaa304f4b7	CC0-1.0
sample	public/samples/levain/tuba/Tuba3_sus_A#0_v1_rr1_Mid.wav	Brass/Tuba/sus/Tuba3_sus_A#0_v1_rr1_Mid.wav	fd6140ff19959967e9b333df7701ffe8da4e104e	0a6738c9e6e1b0500b228baa6adbad9c1c77081eff020c9185bdade25928d0a2	CC0-1.0
sample	public/samples/levain/tuba/Tuba3_sus_A#0_v2_rr1_Mid.wav	Brass/Tuba/sus/Tuba3_sus_A#0_v2_rr1_Mid.wav	3a917152f57e9348c9dbbfaa3e072647bd76c5f7	044f31773953d600c2591b78132e7e839cf064c29fbe41b039241de83efce777	CC0-1.0
sample	public/samples/levain/tuba/Tuba3_sus_A#0_v3_rr1_Mid.wav	Brass/Tuba/sus/Tuba3_sus_A#0_v3_rr1_Mid.wav	3157184d97b6811922900c6810cc808889aa5a90	13617e024fcfc70d3b93430909d96e2a2c551505eb8c0a94b0de63b2612bc74d	CC0-1.0
sample	public/samples/levain/tuba/Tuba3_sus_A#1_v1_rr1_Mid.wav	Brass/Tuba/sus/Tuba3_sus_A#1_v1_rr1_Mid.wav	157be46107bde96c8e821d57035ed7c037d61dfd	cee95c4c80bb8673c37e757e21c4435df4796eacfbe7911a3efd1c0e0c35f7db	CC0-1.0
sample	public/samples/levain/tuba/Tuba3_sus_A#1_v2_rr1_Mid.wav	Brass/Tuba/sus/Tuba3_sus_A#1_v2_rr1_Mid.wav	64aaad3a1c8853c6b13138d496cba6e3e21b7276	64fba4c0bcdc36c82e48ec63d6820940b9c7074af096f4dac417147acd8d3a26	CC0-1.0
sample	public/samples/levain/tuba/Tuba3_sus_A#1_v3_rr1_Mid.wav	Brass/Tuba/sus/Tuba3_sus_A#1_v3_rr1_Mid.wav	4ad920dc5600f8d5cafa85cc2ac20d000e8603c5	b69c9899debceb9f37ada54bc85f5fba9df5e7c8dc85356e5c01091383b77a0a	CC0-1.0
sample	public/samples/levain/tuba/Tuba3_sus_A#2_v1_rr1_Mid.wav	Brass/Tuba/sus/Tuba3_sus_A#2_v1_rr1_Mid.wav	f740a33917689351ca9c9c120712ed28338810c0	4b199229056857d3b65b5da8a58b6844537c68ed02bb9aaa36517156b59bda28	CC0-1.0
sample	public/samples/levain/tuba/Tuba3_sus_A#2_v2_rr1_Mid.wav	Brass/Tuba/sus/Tuba3_sus_A#2_v2_rr1_Mid.wav	917db331de98546d72391faa46f6453375778397	8821818170c62d1f084104311ff0832e082a66c3899c3af5da1e8fc7a1f6815f	CC0-1.0
sample	public/samples/levain/tuba/Tuba3_sus_A#2_v3_rr1_Mid.wav	Brass/Tuba/sus/Tuba3_sus_A#2_v3_rr1_Mid.wav	4221387eb2611cc6bf3d373ddf8a1ad5ff986a61	6c527d8ded1c71114971b60c718fb3a533b4a66c75ebfe69519d36b0ec7bda05	CC0-1.0
sample	public/samples/levain/tuba/Tuba3_sus_D#1_v1_rr1_Mid.wav	Brass/Tuba/sus/Tuba3_sus_D#1_v1_rr1_Mid.wav	8d33af67acb2eb42166b206e957cd398761acc14	04bc8b6878adab4df91d14ad102372377e2d6da80e9b7d011120679a7e0b056e	CC0-1.0
sample	public/samples/levain/tuba/Tuba3_sus_D#1_v2_rr1_Mid.wav	Brass/Tuba/sus/Tuba3_sus_D#1_v2_rr1_Mid.wav	05b0d63ed94c2e597e954e94560b9ee8e7734769	f97bec1f3266319482635f19c3717a5d3b8579c7c2c62e3f5f0ea3ed58365744	CC0-1.0
sample	public/samples/levain/tuba/Tuba3_sus_D#1_v3_rr1_Mid.wav	Brass/Tuba/sus/Tuba3_sus_D#1_v3_rr1_Mid.wav	d46fa53c16a3add22369c3c07cc965eaaf583d71	c267f4e366f2521b4a00b3e99de648441928fa84998f882d31aa80be30f4a360	CC0-1.0
sample	public/samples/levain/tuba/Tuba3_sus_D2_v1_rr1_Mid.wav	Brass/Tuba/sus/Tuba3_sus_D2_v1_rr1_Mid.wav	63d67bccd8075dae3f0e31deea03eefc27bd5fea	20751d96684e69040d86f6714955ae40c5c2d42694c8b6a70fef1c4aef1d5157	CC0-1.0
sample	public/samples/levain/tuba/Tuba3_sus_D2_v2_rr1_Mid.wav	Brass/Tuba/sus/Tuba3_sus_D2_v2_rr1_Mid.wav	7a41908c8cfefea0f379f67857639f067f27879d	005cd575e2d12b54a5a8f305b859cb6ae89cdbc010027b32fa0091aad39fffab	CC0-1.0
sample	public/samples/levain/tuba/Tuba3_sus_D2_v3_rr1_Mid.wav	Brass/Tuba/sus/Tuba3_sus_D2_v3_rr1_Mid.wav	b44af5227c2021660757a4893398febc2897f582	714f93eab4ac32aaa88b1265ac12261d39bd97798cea0a81e7fd20afd977af81	CC0-1.0
sample	public/samples/levain/tuba/Tuba3_sus_D3_v1_rr1_Mid.wav	Brass/Tuba/sus/Tuba3_sus_D3_v1_rr1_Mid.wav	0376412b204d1bdb841d36bf4d9a1030f6b9cda0	8f2bc8f32c619d25955c397ed9bfa5b2bb78f702688d952ae48764bf6f8f68b1	CC0-1.0
sample	public/samples/levain/tuba/Tuba3_sus_F0_v1_rr1_Mid.wav	Brass/Tuba/sus/Tuba3_sus_F0_v1_rr1_Mid.wav	37e4efffdbe853674f4e351c2b8bf74d1b11df42	cfcf1705f2e5ead3e0e5a95a046b29412c7037865c823583285ff72541286d2c	CC0-1.0
sample	public/samples/levain/tuba/Tuba3_sus_F1_v1_rr1_Mid.wav	Brass/Tuba/sus/Tuba3_sus_F1_v1_rr1_Mid.wav	7963372deeb1e42a93f832bfd38f0691b1f8bfc1	ae5f0afd08dfd4439f60b647859ef1eb4897f12804d3a729b2f3d12096a0fdb5	CC0-1.0
sample	public/samples/levain/tuba/Tuba3_sus_F1_v2_rr1_Mid.wav	Brass/Tuba/sus/Tuba3_sus_F1_v2_rr1_Mid.wav	f27dc8f1744b21398611c102dbfea93f16ef5683	e31fda8c91f586ec2c873406efd4c67b0d052e2d82af154667cc0a17aaf91674	CC0-1.0
sample	public/samples/levain/tuba/Tuba3_sus_F1_v3_rr1_Mid.wav	Brass/Tuba/sus/Tuba3_sus_F1_v3_rr1_Mid.wav	73a0b9f07af11d3e2404a652e0d66c3a7c8aebab	f1e7a7834d7e1bc906cad605507d83876b52becc707cb0d77ef3dbd629ffe4cf	CC0-1.0
sample	public/samples/levain/tuba/Tuba3_sus_F2_v1_rr1_Mid.wav	Brass/Tuba/sus/Tuba3_sus_F2_v1_rr1_Mid.wav	ae229d0882e242b64e4b3318bb5262dd8a69e199	54dd19d0c35215f8b62cf10b5f4de52f869d506fc061bedabb1e6bfbe7c4e8e5	CC0-1.0
sample	public/samples/levain/tuba/Tuba3_sus_F2_v2_rr1_Mid.wav	Brass/Tuba/sus/Tuba3_sus_F2_v2_rr1_Mid.wav	21cb8dd2903fb4dc30911222417ca4168cc003c7	b521e56e3a7cdef1c65694b95dd843ea01d0b3cffa0cbcdd43276d71afc01a4a	CC0-1.0
sample	public/samples/levain/tuba/Tuba3_sus_F2_v3_rr1_Mid.wav	Brass/Tuba/sus/Tuba3_sus_F2_v3_rr1_Mid.wav	81cf9852f41b351a49ab2831f7cbb73fd283de3b	0d60f5d3dd72d4a1b79d6f1366249a1b834e19f38a87b04645cad3bbf5982c0a	CC0-1.0
sample	public/samples/levain/viola/ViolaEns_pizz_A3_v1_rr1.wav	Strings/Viola Section/pizz/ViolaEns_pizz_A3_v1_rr1.wav	9e79655db650ba68cb3d0394044bb01eb0625761	b90bbeee2427b90f8a9bd91e755d4b0265f6ef33d9dda8dacc696c72effc50cc	CC0-1.0
sample	public/samples/levain/viola/ViolaEns_pizz_A3_v1_rr2.wav	Strings/Viola Section/pizz/ViolaEns_pizz_A3_v1_rr2.wav	e74461d23a5310539d7abae002a43edff0ffd4b8	af663d1ffacd36e638bdc2742b21f3fcfbbcbb748b73e63363528b85089bd691	CC0-1.0
sample	public/samples/levain/viola/ViolaEns_pizz_A3_v2_rr1.wav	Strings/Viola Section/pizz/ViolaEns_pizz_A3_v2_rr1.wav	9de4d07c67de4dca6f27cf2327ebb6c08c1b94f3	146807f0308ced113c5c568a96d646267702d79e2d250e299da3af5f41f471ca	CC0-1.0
sample	public/samples/levain/viola/ViolaEns_pizz_A3_v2_rr2.wav	Strings/Viola Section/pizz/ViolaEns_pizz_A3_v2_rr2.wav	2ea6ad363b9163b72a912bee4d031c6744e78e4d	4479415dba05d82d32eb8c50d777b8dbd7cabd828f032688026f8c39c7aafb73	CC0-1.0
sample	public/samples/levain/viola/ViolaEns_pizz_B2_v1_rr1.wav	Strings/Viola Section/pizz/ViolaEns_pizz_B2_v1_rr1.wav	cb78e06a28de6cef9418c397ad888c9c0c08d44e	3114d2e9350a71196602d4fa7887b7cb4e4d8b3a01c4ee8d43394f22272a49e2	CC0-1.0
sample	public/samples/levain/viola/ViolaEns_pizz_B2_v1_rr2.wav	Strings/Viola Section/pizz/ViolaEns_pizz_B2_v1_rr2.wav	e5e9fc90bf58f608705e7946e2421ba3b9e78338	82af1a63240d194f0a9047797bc9afe666bf93c08c2e7e40ba1e23b754d3425b	CC0-1.0
sample	public/samples/levain/viola/ViolaEns_pizz_B2_v2_rr1.wav	Strings/Viola Section/pizz/ViolaEns_pizz_B2_v2_rr1.wav	f173ceb40736998973ab4337bbdd465eca7f56c7	5d4d547b983ddef69962a6b26e7d99fdc6850335b32ecac110a2af5ca74afd47	CC0-1.0
sample	public/samples/levain/viola/ViolaEns_pizz_B2_v2_rr2.wav	Strings/Viola Section/pizz/ViolaEns_pizz_B2_v2_rr2.wav	250c435360d6a963254fd57b01dbce0ba760ab2d	f8c6399a37dc6af9bbd72f43aa26c4abc60e3b15f1a554822dc3647e8207cda0	CC0-1.0
sample	public/samples/levain/viola/ViolaEns_pizz_B4_v1_rr1.wav	Strings/Viola Section/pizz/ViolaEns_pizz_B4_v1_rr1.wav	b77228684ce83c89167c923886308c6c10026aa3	13c6173490b9eb89acc9892ae3b920495744045369a33ecc7f2ccb3b5581aa99	CC0-1.0
sample	public/samples/levain/viola/ViolaEns_pizz_B4_v1_rr2.wav	Strings/Viola Section/pizz/ViolaEns_pizz_B4_v1_rr2.wav	b3378a46d3b8f9a52665beb77169087a5b705abd	12fdc327d5755e49e8ebaae13264552f1838802ee1183bbb5b1074e8f17056cd	CC0-1.0
sample	public/samples/levain/viola/ViolaEns_pizz_B4_v2_rr1.wav	Strings/Viola Section/pizz/ViolaEns_pizz_B4_v2_rr1.wav	f18ce2e445e9de37eb5eb378f15b6e51734096b4	8c18fa998cba0600086bf9e47170db92333fe7f5edaf52109796e6acda179b84	CC0-1.0
sample	public/samples/levain/viola/ViolaEns_pizz_B4_v2_rr2.wav	Strings/Viola Section/pizz/ViolaEns_pizz_B4_v2_rr2.wav	c36405bbd5564a0ab9a4890f7e5636f02528beed	0f75d9a604540cd789fd80fa7d7e54d062407d2b2153fbedb549f2584760dcb6	CC0-1.0
sample	public/samples/levain/viola/ViolaEns_pizz_C2_v1_rr1.wav	Strings/Viola Section/pizz/ViolaEns_pizz_C2_v1_rr1.wav	681e5aac2f7e7e79449609fd01edb99b9d7a9915	7c1486574972c944e0fd795869eb3dc5cc2678abc260a40fbeaa62a6759b07ba	CC0-1.0
sample	public/samples/levain/viola/ViolaEns_pizz_C2_v1_rr2.wav	Strings/Viola Section/pizz/ViolaEns_pizz_C2_v1_rr2.wav	9df0a42549a2dc6b107a876b3f130fba8c78c1da	20b30bc1c439a504bef2bb50168fbd9a3ad90c81733f9315cdb40f8031f29d97	CC0-1.0
sample	public/samples/levain/viola/ViolaEns_pizz_C2_v2_rr1.wav	Strings/Viola Section/pizz/ViolaEns_pizz_C2_v2_rr1.wav	42b07fe5c91fa44ce0c1a9708d9a2c31ed72d273	429885f184be27c2cd73859c38ff215330b2774a2b069ad592e3cf36a4344245	CC0-1.0
sample	public/samples/levain/viola/ViolaEns_pizz_C2_v2_rr2.wav	Strings/Viola Section/pizz/ViolaEns_pizz_C2_v2_rr2.wav	51ae8e702fb269b268d997c633e20c86d9ed2153	a6418135dd35419f0bc341951eff51ed3a955d89073e0cf3da466ba0f16500e6	CC0-1.0
sample	public/samples/levain/viola/ViolaEns_pizz_C4_v1_rr1.wav	Strings/Viola Section/pizz/ViolaEns_pizz_C4_v1_rr1.wav	e9f5427323653e6e4072f714d3525642d30a0c5c	ae794a92443243816ff91a9a2ed0f9010ea3a6ffcbf011c6c6cb91b8c8597d1b	CC0-1.0
sample	public/samples/levain/viola/ViolaEns_pizz_C4_v1_rr2.wav	Strings/Viola Section/pizz/ViolaEns_pizz_C4_v1_rr2.wav	024a6340cc8c13aa8712055db7a6e2008c3ba201	3443ba56275c2b160dac32a2e7a49aa68651a0d1846d9ced94c76e695f9625fe	CC0-1.0
sample	public/samples/levain/viola/ViolaEns_pizz_C4_v2_rr1.wav	Strings/Viola Section/pizz/ViolaEns_pizz_C4_v2_rr1.wav	925a67d46b76698778086c3654f89c75c4bea758	ebb1b1a698604b3e95964f30b50eedba4831bf35cd5440e4d87f4e65f6d7c391	CC0-1.0
sample	public/samples/levain/viola/ViolaEns_pizz_C4_v2_rr2.wav	Strings/Viola Section/pizz/ViolaEns_pizz_C4_v2_rr2.wav	aed00952457a473b3e40743267b26d8f729ea3ff	1af4eccc5d550e25ccb0e025c501cfabefa155cfc6223ca41f5ee7b097504d40	CC0-1.0
sample	public/samples/levain/viola/ViolaEns_pizz_D3_v1_rr1.wav	Strings/Viola Section/pizz/ViolaEns_pizz_D3_v1_rr1.wav	215c51dec2a5a182f19c652e82a5f7214f964f0d	411baec47dcad3627ec9f774e8a78c0a6c39ff8ec7a16fec9bbd4039b85ad765	CC0-1.0
sample	public/samples/levain/viola/ViolaEns_pizz_D3_v1_rr2.wav	Strings/Viola Section/pizz/ViolaEns_pizz_D3_v1_rr2.wav	b601b3f8cd8082bb32325a6eb0319019c6d0d8b2	e1d253bec46fe74fdca4be3f5283bf13d99d56ccfd2dde98ecada5a131647e95	CC0-1.0
sample	public/samples/levain/viola/ViolaEns_pizz_D3_v2_rr1.wav	Strings/Viola Section/pizz/ViolaEns_pizz_D3_v2_rr1.wav	d9f9a65a0bb7bea7a24b493277224189c88bd66d	6ca64317cb7708942ac6375a3fbb0e6152a92d6c70206bfaeea8abd7e50992ea	CC0-1.0
sample	public/samples/levain/viola/ViolaEns_pizz_D3_v2_rr2.wav	Strings/Viola Section/pizz/ViolaEns_pizz_D3_v2_rr2.wav	8d1b5d42631c2a617717b8a61b5a7411c83165b0	b30faad1302ef73eb527ba9323fff37bdfa8453072abd33cf2e78c198c700c5f	CC0-1.0
sample	public/samples/levain/viola/ViolaEns_pizz_D5_v1_rr1.wav	Strings/Viola Section/pizz/ViolaEns_pizz_D5_v1_rr1.wav	d923ff493d566981e5f7f20fb371aa009c809656	5b129fe18cc33a3fa9a1999d3a7461975179356c3d3345fa66ebb3815e3ea4dc	CC0-1.0
sample	public/samples/levain/viola/ViolaEns_pizz_D5_v1_rr2.wav	Strings/Viola Section/pizz/ViolaEns_pizz_D5_v1_rr2.wav	9a5f0c442d1c63ed2814f6049bce074515b82409	7bfe0b5391e8f3cda890bc0d66f8914151824ae00cc35a74f5fce3cc264c558e	CC0-1.0
sample	public/samples/levain/viola/ViolaEns_pizz_E2_v1_rr1.wav	Strings/Viola Section/pizz/ViolaEns_pizz_E2_v1_rr1.wav	0e6395ddd69d3181dc79d4e0d8892d5f87e25c60	bd8ef240cf0c1e8db5fe1ab5dba119346127a0cdcbc6fc4299517daf3aeab01e	CC0-1.0
sample	public/samples/levain/viola/ViolaEns_pizz_E2_v1_rr2.wav	Strings/Viola Section/pizz/ViolaEns_pizz_E2_v1_rr2.wav	fb8666c37d082e544aff209c312d6dd0ce64d155	2da89a78806c57209e709ada2821a7f0055e42d3f22dc9f6cf4b7fb24f78ff1c	CC0-1.0
sample	public/samples/levain/viola/ViolaEns_pizz_E2_v2_rr1.wav	Strings/Viola Section/pizz/ViolaEns_pizz_E2_v2_rr1.wav	44c2457a6e282d7c0e2a8599d82ad98d7a369c89	790ed29cf4f16ca6c5dad815db0aca303bda30d545eb2fd64f48525af821dd23	CC0-1.0
sample	public/samples/levain/viola/ViolaEns_pizz_E2_v2_rr2.wav	Strings/Viola Section/pizz/ViolaEns_pizz_E2_v2_rr2.wav	a5772b8121c095a178ee24f404dcceea9ce147fb	e4d4815320428c2fa30c2d18fba6588a09f8ca566180f6b9f073cc7e73604247	CC0-1.0
sample	public/samples/levain/viola/ViolaEns_pizz_E4_v1_rr1.wav	Strings/Viola Section/pizz/ViolaEns_pizz_E4_v1_rr1.wav	5de1e8f41bc35125422aa5493f5adebeb3eb462b	bca9df94ff9c05e4028ee345181acc0d42880da7661d2b9b96af32a0d9609972	CC0-1.0
sample	public/samples/levain/viola/ViolaEns_pizz_E4_v1_rr2.wav	Strings/Viola Section/pizz/ViolaEns_pizz_E4_v1_rr2.wav	fd07cdc2800f65b2d7da088d0097e52b5b80e6ff	57e5ea4b7fde710f630f2ee98c6afea75bb8a40b9c51faef7f16fc63ed2ae8d8	CC0-1.0
sample	public/samples/levain/viola/ViolaEns_pizz_E4_v2_rr1.wav	Strings/Viola Section/pizz/ViolaEns_pizz_E4_v2_rr1.wav	f5ef63b7ec6edf1878e8e27e4819e8faaec2b458	860cead1a1fe5d4119fad6a868d7d8531f5ae245c514172dbd3388b75fd42ece	CC0-1.0
sample	public/samples/levain/viola/ViolaEns_pizz_E4_v2_rr2.wav	Strings/Viola Section/pizz/ViolaEns_pizz_E4_v2_rr2.wav	3330871e68bb94abc55d8379b910bdd40b71d9f1	d89ab3a5d8d385c2fcdb4691fcbb63056145bf890429753b14744849cbb75d18	CC0-1.0
sample	public/samples/levain/viola/ViolaEns_pizz_F3_v1_rr1.wav	Strings/Viola Section/pizz/ViolaEns_pizz_F3_v1_rr1.wav	410d464cf9c4aaba28bc8f03209ff1381fb1122f	7ff4e7d2c5d311577ec4ee301248dc25464a5f971b3c31436134ebe8e8134c38	CC0-1.0
sample	public/samples/levain/viola/ViolaEns_pizz_F3_v1_rr2.wav	Strings/Viola Section/pizz/ViolaEns_pizz_F3_v1_rr2.wav	b03a32b1dcf0af32496cc8b8e27ad87cefd6e3a0	d00fbddf0426cff8d2d1865d321b34af94e5e792c6492def965929710fe2bd38	CC0-1.0
sample	public/samples/levain/viola/ViolaEns_pizz_F3_v2_rr1.wav	Strings/Viola Section/pizz/ViolaEns_pizz_F3_v2_rr1.wav	95611c06607f789e89326df5bc477b3f107889fd	fe2602711f7d9773e497e0d2fbf82c33da867fc77c2e570a0d2ed09a49ab8b5f	CC0-1.0
sample	public/samples/levain/viola/ViolaEns_pizz_F3_v2_rr2.wav	Strings/Viola Section/pizz/ViolaEns_pizz_F3_v2_rr2.wav	d21c0dfab81e4aa214b53f84dc00742b521b3891	41874ac58c46f7420feb9e0e4d913e63648c73869b7f26856d9608718f346b30	CC0-1.0
sample	public/samples/levain/viola/ViolaEns_pizz_G2_v1_rr1.wav	Strings/Viola Section/pizz/ViolaEns_pizz_G2_v1_rr1.wav	c6f1fcf03c6e58a8271de5241f9ebba587fde53f	ca80be7af88078d7f241020bb31a4cb0da4856e9bdd7d0b9d3a61f7549024855	CC0-1.0
sample	public/samples/levain/viola/ViolaEns_pizz_G2_v1_rr2.wav	Strings/Viola Section/pizz/ViolaEns_pizz_G2_v1_rr2.wav	363365ee2f9dbab59db11e75bf354a1b5d9df4bd	31b601bd3217bea300d72a6f08c28019eb739f60cdc85de6d2278e2318279418	CC0-1.0
sample	public/samples/levain/viola/ViolaEns_pizz_G2_v2_rr1.wav	Strings/Viola Section/pizz/ViolaEns_pizz_G2_v2_rr1.wav	848f66b586381b00db427ee53af6812c736ab633	bca57d39f5bd58fd9399ef3933f6a556b8ee48bb06d4b68bd361ebd6db12998a	CC0-1.0
sample	public/samples/levain/viola/ViolaEns_pizz_G2_v2_rr2.wav	Strings/Viola Section/pizz/ViolaEns_pizz_G2_v2_rr2.wav	7f03df3f840615771554d49f43af240c3ab2f1a8	09de88b0bf743424217420d9efe49a368b8ff18d2d4a80a031820b586af9fec1	CC0-1.0
sample	public/samples/levain/viola/ViolaEns_pizz_G4_v1_rr1.wav	Strings/Viola Section/pizz/ViolaEns_pizz_G4_v1_rr1.wav	9f0504d7ce462cc908885c87efec1115682ea4bc	0968449c4f94eb59d39d72ef1d80935dc9c9e2e8089f678abb5b693f6d14ec98	CC0-1.0
sample	public/samples/levain/viola/ViolaEns_pizz_G4_v1_rr2.wav	Strings/Viola Section/pizz/ViolaEns_pizz_G4_v1_rr2.wav	f16c3d2c5f3f2f5ea80a4599d3721231df2a0bf0	b01205abe0bf09574fae9138c7a98e5361990ba71abe5ced1ced7e1ec1f258b3	CC0-1.0
sample	public/samples/levain/viola/ViolaEns_pizz_G4_v2_rr1.wav	Strings/Viola Section/pizz/ViolaEns_pizz_G4_v2_rr1.wav	f965b64b0a3df20c90778abe2bc20be6f5eabb5a	93605065f172f147da8d932e3220563229520a5be1c5cd1b4f5527bed3b3e25b	CC0-1.0
sample	public/samples/levain/viola/ViolaEns_pizz_G4_v2_rr2.wav	Strings/Viola Section/pizz/ViolaEns_pizz_G4_v2_rr2.wav	c709c28a81da81ab639bf99aeb84bbabae64cd84	c11b38173dd90d8cf72a3b160594b8f8857c76a4e44978f0f525caa82e4887c4	CC0-1.0
sample	public/samples/levain/viola/ViolaEns_susvib_A3_v1_1.wav	Strings/Viola Section/susvib/ViolaEns_susvib_A3_v1_1.wav	a57d0e5e328257ef14a3dd09b1debea045671527	7cea6482a8f67536e3108f01b688d54d198e5820ffcd0ac5a49652d38f6ec065	CC0-1.0
sample	public/samples/levain/viola/ViolaEns_susvib_A3_v2_1.wav	Strings/Viola Section/susvib/ViolaEns_susvib_A3_v2_1.wav	b479361fe3bed076db011092b8d48bca54daf83f	35984c7bfffe781d8e33bee045f66427a827794ff5c53c3d3bb82baeee3272dd	CC0-1.0
sample	public/samples/levain/viola/ViolaEns_susvib_B2_v1_1.wav	Strings/Viola Section/susvib/ViolaEns_susvib_B2_v1_1.wav	86e2428bca77c49d795e5e3d5be7dd9b022fce65	ad96d747c5125adec8f069c49091ee3ba937efd4a5b909d3c4938f17e3c8513d	CC0-1.0
sample	public/samples/levain/viola/ViolaEns_susvib_B2_v2_1.wav	Strings/Viola Section/susvib/ViolaEns_susvib_B2_v2_1.wav	0f7bee6ccadc6e25a101cbd7be1c27ac6e896ea4	edc77038a83f47cf49296c0009fdac23cb5ade3133a2beabd0d2d1f591ccf3cb	CC0-1.0
sample	public/samples/levain/viola/ViolaEns_susvib_B4_v1_1.wav	Strings/Viola Section/susvib/ViolaEns_susvib_B4_v1_1.wav	66520dad5b544b8e93c48e0f3aa941b3e85bc633	abb1fe57a4a3175e1e243ceba0c0c0052ec5af5c3061e4f446266b9c832d6d02	CC0-1.0
sample	public/samples/levain/viola/ViolaEns_susvib_B4_v2_1.wav	Strings/Viola Section/susvib/ViolaEns_susvib_B4_v2_1.wav	818ac60340e41f1287024c738d43c5bf3cf7dc9d	cac7c5f73d9f7974156ef52c7b5202428271d8fcf9ceb11936e694c199be2f31	CC0-1.0
sample	public/samples/levain/viola/ViolaEns_susvib_C2_v1_1.wav	Strings/Viola Section/susvib/ViolaEns_susvib_C2_v1_1.wav	b1cfb66c1ab03bdb9adac7e347b427bc61524b94	8b4e0e0985d245ac9ddc39cdd06cec5bd74fa80056c074736d6eb38fdccfe636	CC0-1.0
sample	public/samples/levain/viola/ViolaEns_susvib_C2_v2_1.wav	Strings/Viola Section/susvib/ViolaEns_susvib_C2_v2_1.wav	7851268d881b226650cba4ef1d4e9578ae212099	09db4ed2c8eda02d1f6a27258a2292b56e65e94ecc0337265bbbac5d9978dc92	CC0-1.0
sample	public/samples/levain/viola/ViolaEns_susvib_C4_v1_1.wav	Strings/Viola Section/susvib/ViolaEns_susvib_C4_v1_1.wav	a88aa6006bbc4ad1b25e4f08eb2d8ac974a7097f	144ec7666be1b3b4da50937db4b1fc3675ca34bc2e871264707d83b8a0d526e6	CC0-1.0
sample	public/samples/levain/viola/ViolaEns_susvib_C4_v2_1.wav	Strings/Viola Section/susvib/ViolaEns_susvib_C4_v2_1.wav	4561f010d9b6de44b121246731042d1879d38ab7	81e1ef9109a1434974092c0165ffee44918b2553fd4afeeee42b91b8007ad263	CC0-1.0
sample	public/samples/levain/viola/ViolaEns_susvib_D2_v1_1.wav	Strings/Viola Section/susvib/ViolaEns_susvib_D2_v1_1.wav	d508161e1c7a255d291f1d32f9605a9c215357aa	49b09bcaec177f67382644913da5ca5582fe1d1d74a9f097edb6e0b5db43d35f	CC0-1.0
sample	public/samples/levain/viola/ViolaEns_susvib_D2_v2_1.wav	Strings/Viola Section/susvib/ViolaEns_susvib_D2_v2_1.wav	bf8a94de83b7d96375bef7c94e07d616f43f9c14	d3bf192cc03925a4da5ee626763287f85aad1dc498578abf612a97eb548736eb	CC0-1.0
sample	public/samples/levain/viola/ViolaEns_susvib_D3_v1_1.wav	Strings/Viola Section/susvib/ViolaEns_susvib_D3_v1_1.wav	9a3a65b93d871964a666d6a86deec4d29425d828	61ab4cfc0ea90c683433a7c50b3bb4fa86a81c9d4854589562707d54ed028349	CC0-1.0
sample	public/samples/levain/viola/ViolaEns_susvib_D3_v2_1.wav	Strings/Viola Section/susvib/ViolaEns_susvib_D3_v2_1.wav	2f6d74aa54f4f23889de311ff85d9f704fb600b9	f941028c5d5e854b4391669056f0f639799f80ac7c8da3939c7788b1a394d16c	CC0-1.0
sample	public/samples/levain/viola/ViolaEns_susvib_D5_v1_1.wav	Strings/Viola Section/susvib/ViolaEns_susvib_D5_v1_1.wav	57d1de0867673e6861f318c01ed3358ffbff2996	801bcea9c53c2521900cbbbe70ff2fe4f66a1c182f26744f608144905ec5f880	CC0-1.0
sample	public/samples/levain/viola/ViolaEns_susvib_D5_v2_1.wav	Strings/Viola Section/susvib/ViolaEns_susvib_D5_v2_1.wav	05a181827b7f6b3f339a92fa8eaf648f352651a5	d3c5d05da8f90533aa7587649f18f4e68147aa7abc7a5559d8741089bea32239	CC0-1.0
sample	public/samples/levain/viola/ViolaEns_susvib_E2_v1_1.wav	Strings/Viola Section/susvib/ViolaEns_susvib_E2_v1_1.wav	6401156b3518b6f39e95fdaefc74cc814d6aceb2	5c4c636583ce43b694583e8cbf7a14d1f3efcb0e871fe7dedff8a6b354c432bf	CC0-1.0
sample	public/samples/levain/viola/ViolaEns_susvib_E2_v2_1.wav	Strings/Viola Section/susvib/ViolaEns_susvib_E2_v2_1.wav	764698fba8db1da82ecc6b5ec54fe61c0036e4f2	bb31bed6936b5c855fceb94d829e2d3a0492f9af4ad7a2cee57e783719710ceb	CC0-1.0
sample	public/samples/levain/viola/ViolaEns_susvib_E4_v1_1.wav	Strings/Viola Section/susvib/ViolaEns_susvib_E4_v1_1.wav	c97e8f4eeffe3fd94afeb8a3d32099105ab270d2	b70d7b94014a9fc40f0e8cc12542fa85e0304386fe411ef4305b55b7f194afcb	CC0-1.0
sample	public/samples/levain/viola/ViolaEns_susvib_E4_v2_1.wav	Strings/Viola Section/susvib/ViolaEns_susvib_E4_v2_1.wav	c0e669461ba50854dd80e68767604a6f57471cc2	29899afd4513761c3f1e3a4cc56f5c11cdb4de2b204f9f1467946327362e4bd7	CC0-1.0
sample	public/samples/levain/viola/ViolaEns_susvib_F3_v1_1.wav	Strings/Viola Section/susvib/ViolaEns_susvib_F3_v1_1.wav	f9e0fa27802046cf9ed1e6b5625b6a815b3c09e8	7a37f00ecb58fcaa5c32427a5ffb30950787b40c247409a8e18cfe0880955fd8	CC0-1.0
sample	public/samples/levain/viola/ViolaEns_susvib_F3_v2_1.wav	Strings/Viola Section/susvib/ViolaEns_susvib_F3_v2_1.wav	e6b387021b4b98c926d737b2d451037aad087d0e	d281171e60b852451deecce57a6f5e9b623eea9632916336324c52c4ada6c750	CC0-1.0
sample	public/samples/levain/viola/ViolaEns_susvib_G2_v1_1.wav	Strings/Viola Section/susvib/ViolaEns_susvib_G2_v1_1.wav	7c6dbafbe1f5de539b5861515f1bf39987e354cb	557c2e033951015c30765bf18266bce0dd0412e3ca646dd1a225c32422c60662	CC0-1.0
sample	public/samples/levain/viola/ViolaEns_susvib_G2_v2_1.wav	Strings/Viola Section/susvib/ViolaEns_susvib_G2_v2_1.wav	e8b4cc651229723bc4dcb781d715d6b995b5589d	e3552ebd2d1ac5d089cd2424d31ea88be8d887643311cb23abf5b416838ce2ba	CC0-1.0
sample	public/samples/levain/viola/ViolaEns_susvib_G4_v1_1.wav	Strings/Viola Section/susvib/ViolaEns_susvib_G4_v1_1.wav	2f34fb8b8826e09cf0427d1710b650a5c3dd3010	624a70ef842744cb7847a07fba3115ace5689746a107da91f237bf2534d42b03	CC0-1.0
sample	public/samples/levain/viola/ViolaEns_susvib_G4_v2_1.wav	Strings/Viola Section/susvib/ViolaEns_susvib_G4_v2_1.wav	54255fd83b3bf242022e61ff6d9fe518401dc537	b09b8338945b814b9ce6dd8980a49323d10e55f89f1c4dcf6d58b04cd672d99c	CC0-1.0
sample	public/samples/levain/viola/Violas_spic_A3_v1_rr1.wav	Strings/Viola Section/spic/Violas_spic_A3_v1_rr1.wav	7e0fe9260ccaa6dc22332ff4b1e7ec376ac13a47	5a9ae72ce5801d3b95f8d6715fdaab8cc39ffe1d2e7166b104085e3488ba05d6	CC0-1.0
sample	public/samples/levain/viola/Violas_spic_A3_v1_rr2.wav	Strings/Viola Section/spic/Violas_spic_A3_v1_rr2.wav	7f071d51f17e778a57009ee5d7a9b008a8940196	df96886916772c378da692b7654981fd14808b19e70ccc39631021c64547f2ae	CC0-1.0
sample	public/samples/levain/viola/Violas_spic_A3_v2_rr1.wav	Strings/Viola Section/spic/Violas_spic_A3_v2_rr1.wav	44b2193506505200a49ada7a335d3d1032f6a5d0	f6baadc442ac3ae31076ff746ed2415f347e7260600ef05069ce7894cb147884	CC0-1.0
sample	public/samples/levain/viola/Violas_spic_A3_v2_rr2.wav	Strings/Viola Section/spic/Violas_spic_A3_v2_rr2.wav	354283e800b3fc5a4e2fd3dc078eb88fe700ffc4	e55ce26b701a574ef0800814abf1fa031cebaddaeed46961828a560b8dcdba13	CC0-1.0
sample	public/samples/levain/viola/Violas_spic_B2_v1_rr1.wav	Strings/Viola Section/spic/Violas_spic_B2_v1_rr1.wav	00b1eb7ef0e9bda09f47a722bf516cfa313a944a	385801a97a43b54fb1421721714057542cb05db89eda126a8f296984b4fc7803	CC0-1.0
sample	public/samples/levain/viola/Violas_spic_B2_v1_rr2.wav	Strings/Viola Section/spic/Violas_spic_B2_v1_rr2.wav	b5dafc0c0e8b185dbe682f73fff781d1df0fbc6e	4aa4c63406127fcf560967b4b95ad7ceba5ea5849458f5983fada0cb3d9d0b7e	CC0-1.0
sample	public/samples/levain/viola/Violas_spic_B2_v2_rr1.wav	Strings/Viola Section/spic/Violas_spic_B2_v2_rr1.wav	0ca70c1a4810a6b40e2a3724aa36b94e2fd661b1	1d9b8a9047d11b06750c24bb783c8925ac300135235a94ce64c6c78934eb712f	CC0-1.0
sample	public/samples/levain/viola/Violas_spic_B2_v2_rr2.wav	Strings/Viola Section/spic/Violas_spic_B2_v2_rr2.wav	284597f40065c6ed8816d1007d22abe362d19169	e69d80890f3b724b0981a80bd55a3f3b2811c7164b78479905481a07dfe61d07	CC0-1.0
sample	public/samples/levain/viola/Violas_spic_B4_v1_rr1.wav	Strings/Viola Section/spic/Violas_spic_B4_v1_rr1.wav	f43c8dfe6acb756a3e4b4af6f66543bc683db0d7	a772731bb91aaf43ea9345ac9c16e4c2ed4e12f06e9fddb316156a010f90c136	CC0-1.0
sample	public/samples/levain/viola/Violas_spic_B4_v1_rr2.wav	Strings/Viola Section/spic/Violas_spic_B4_v1_rr2.wav	303b63a9e49fbddb3f66d683f99f19b4229cb7aa	cdd23250950121e98f9d2d7af8e42980a0404484ec2c43e8d40c0c476184c225	CC0-1.0
sample	public/samples/levain/viola/Violas_spic_B4_v2_rr1.wav	Strings/Viola Section/spic/Violas_spic_B4_v2_rr1.wav	c0584aea529622c863396ab812e0c73a942de662	a633475a3e6d11d81cf80e8d9e3a0f9d80239a808ea5dc9c0e09c421df70fbda	CC0-1.0
sample	public/samples/levain/viola/Violas_spic_B4_v2_rr2.wav	Strings/Viola Section/spic/Violas_spic_B4_v2_rr2.wav	aed906fb05ccf322816d4c4cc91003a067f84d0f	18008084b4d1079a242193eaad619e3d20fec8b0439fa4f667263d0f2620676d	CC0-1.0
sample	public/samples/levain/viola/Violas_spic_C2_v1_rr1.wav	Strings/Viola Section/spic/Violas_spic_C2_v1_rr1.wav	26546725ea33650be2efb4bb83d9412ef3a7fc7b	cc3a55b3f75540945cfc28663b8c96a80f07ee27d64934762aa0ecad4d67a243	CC0-1.0
sample	public/samples/levain/viola/Violas_spic_C2_v1_rr2.wav	Strings/Viola Section/spic/Violas_spic_C2_v1_rr2.wav	367346aaa0d3c3a7619da8fdf720d4d16cb3fdbf	e4e72060d79072583a2edcebef9a4c3246bc5e1fdacfb1274d81efa170d0d55c	CC0-1.0
sample	public/samples/levain/viola/Violas_spic_C2_v2_rr1.wav	Strings/Viola Section/spic/Violas_spic_C2_v2_rr1.wav	1b8860fd1fc4a363b24ec7bbf6231059dc2e1eba	ca9f0a63b8ddeabd604ab9a572ea8fd87b35b27d5a940d9b6a7dfcde2092dd79	CC0-1.0
sample	public/samples/levain/viola/Violas_spic_C2_v2_rr2.wav	Strings/Viola Section/spic/Violas_spic_C2_v2_rr2.wav	4d57d8817155c6bf2a9886f8f4900145bf9b7fa3	247d254386effbd36e7ddbf00f677c4ae211a81b5f19f2d93a66a5fc2117cf89	CC0-1.0
sample	public/samples/levain/viola/Violas_spic_C4_v1_rr1.wav	Strings/Viola Section/spic/Violas_spic_C4_v1_rr1.wav	ddf5da12e45541bd16f2851ef2ed4c15647bec56	fa031c44b043313f858e1d732f0afda1ac791e5e44f9951daa9380308f799a7d	CC0-1.0
sample	public/samples/levain/viola/Violas_spic_C4_v1_rr2.wav	Strings/Viola Section/spic/Violas_spic_C4_v1_rr2.wav	25f23648a77f06b60c6e959d4a3da0f3795330e1	bc7e09a954f123131779644fbcccffe75749a6f6a7aac85917b7b40cb0a11182	CC0-1.0
sample	public/samples/levain/viola/Violas_spic_C4_v2_rr1.wav	Strings/Viola Section/spic/Violas_spic_C4_v2_rr1.wav	cceb73f75e0edd3f55a486c81f8afa818dc13b64	3b4c0644c38ec7d13e03e3de88bce2dad899eb3c94a6251ec2acc8e6531687a5	CC0-1.0
sample	public/samples/levain/viola/Violas_spic_C4_v2_rr2.wav	Strings/Viola Section/spic/Violas_spic_C4_v2_rr2.wav	51d8d5401812ca82f22c34af429bde2ab014481f	8a928fa6f67590c0a9c849997d2449ef3cbd40668f2d75ef3e2d315ace4dd645	CC0-1.0
sample	public/samples/levain/viola/Violas_spic_D3_v1_rr1.wav	Strings/Viola Section/spic/Violas_spic_D3_v1_rr1.wav	c805f017e5c979e5c75deac8395f7ec02c02afc4	f4ac6ccac34a62b862bc57d24939771c05800a2aaa06b8222eb822c88bfd9cc2	CC0-1.0
sample	public/samples/levain/viola/Violas_spic_D3_v1_rr2.wav	Strings/Viola Section/spic/Violas_spic_D3_v1_rr2.wav	90be2e3ad0eb2bb667235cd1607db0018f9fdf26	faec676a30463e622d00d2d15620f1c51b78223a845e0a802b8afb7511550712	CC0-1.0
sample	public/samples/levain/viola/Violas_spic_D3_v2_rr1.wav	Strings/Viola Section/spic/Violas_spic_D3_v2_rr1.wav	c9a87c2769b0d900c8dcbc1f9bd4f9bd521eed53	7eab07c87ffc99ffed8ce111ff297e6bde95350136cf93db706d4f658c96570c	CC0-1.0
sample	public/samples/levain/viola/Violas_spic_D3_v2_rr2.wav	Strings/Viola Section/spic/Violas_spic_D3_v2_rr2.wav	02632aa236013435dbd9485a7eaf0f9f05312d04	c500f1199fb2182adab4a7d67a0a687b02f0748736f0df973fbf4b7b93d801da	CC0-1.0
sample	public/samples/levain/viola/Violas_spic_D5_v1_rr1.wav	Strings/Viola Section/spic/Violas_spic_D5_v1_rr1.wav	b5c91075bf9267719d21c232bc3b6740463f4dbb	879d118103f749ff23190ee371b9535d99473f66d56864e0ab5aaf9713946020	CC0-1.0
sample	public/samples/levain/viola/Violas_spic_D5_v1_rr2.wav	Strings/Viola Section/spic/Violas_spic_D5_v1_rr2.wav	d5b32a7f72306872aecf34525512a46b588abbe9	950a6a6441563b5a274648f5f7477cb8749023c15f64e61d263f29c519703244	CC0-1.0
sample	public/samples/levain/viola/Violas_spic_D5_v2_rr1.wav	Strings/Viola Section/spic/Violas_spic_D5_v2_rr1.wav	4eb25b19317276dbcee9e5767144d4bda1c5034d	b4dfbd83b650796046d5b0f05e01ef1ccc564bd9f01523997fb7965de2c697f0	CC0-1.0
sample	public/samples/levain/viola/Violas_spic_D5_v2_rr2.wav	Strings/Viola Section/spic/Violas_spic_D5_v2_rr2.wav	d24469b8f8113af5fcae5ec0ddcc17ce3df3dfd7	85899fe74927489b33967c5dea07f2e8d60e57306ef6f39502deb92f34062f77	CC0-1.0
sample	public/samples/levain/viola/Violas_spic_E2_v1_rr1.wav	Strings/Viola Section/spic/Violas_spic_E2_v1_rr1.wav	3c273e443cec4eaab0087d572c7c991b163c5e64	19e736bd6d84c1721150609962682563d6270ff2de0e83d67543ec11b4a64dc3	CC0-1.0
sample	public/samples/levain/viola/Violas_spic_E2_v1_rr2.wav	Strings/Viola Section/spic/Violas_spic_E2_v1_rr2.wav	fed0ed515a247ef69543639d3768db59a42e9fe3	15fdfc563aff711d792d52f0c11b9dec747f0917c695a476f3858c29d11e6ca6	CC0-1.0
sample	public/samples/levain/viola/Violas_spic_E2_v2_rr1.wav	Strings/Viola Section/spic/Violas_spic_E2_v2_rr1.wav	6223e41ace2a4c3d1008d20793c6cbdb23e5f157	bb1336173a9640ffc6cc18ca4a18b7eeeb8d9128978e3ab337a863ac35a04d3b	CC0-1.0
sample	public/samples/levain/viola/Violas_spic_E2_v2_rr2.wav	Strings/Viola Section/spic/Violas_spic_E2_v2_rr2.wav	222008100682dbed82f52e914c5e8da38639c90b	3613f4aa65b65e32d8dea63cdcc1c508a67086f7509e017a14f2be19086240ed	CC0-1.0
sample	public/samples/levain/viola/Violas_spic_E4_v1_rr1.wav	Strings/Viola Section/spic/Violas_spic_E4_v1_rr1.wav	c002f9119b08ca33e4753b3138c5889552b74843	6a7f24f39802854516349ac188574ced8204a300dcf2d3ba5681a85eab5311f7	CC0-1.0
sample	public/samples/levain/viola/Violas_spic_E4_v1_rr2.wav	Strings/Viola Section/spic/Violas_spic_E4_v1_rr2.wav	02d309ba9380d73050699a1cbe979152961c9171	a3c2aedce1a6c34560410e098fa9a6ac389c2606919f8b2cb6c4eecdfd0f8191	CC0-1.0
sample	public/samples/levain/viola/Violas_spic_E4_v2_rr1.wav	Strings/Viola Section/spic/Violas_spic_E4_v2_rr1.wav	8674892c8fd5b3b767efff0384f7b510b00373aa	d66d31214f831ea6649d6b3584459a2ba855ed8eed8adeecbec7e7db99e882a0	CC0-1.0
sample	public/samples/levain/viola/Violas_spic_E4_v2_rr2.wav	Strings/Viola Section/spic/Violas_spic_E4_v2_rr2.wav	d4be5ef49af97700e1431e0fa9728b8ff9857e57	4faae262fc6d26d394e4ac4f06b892d3bdd3791802e246d3caebc80840c3900f	CC0-1.0
sample	public/samples/levain/viola/Violas_spic_F3_v1_rr1.wav	Strings/Viola Section/spic/Violas_spic_F3_v1_rr1.wav	4e3bbfc1ed1bddecbf15bb1ac15488c4d9363d4b	d7af73aacb19298f6dc2ea29c9c925d1384056dc63d065c51ec2cab23fc0396b	CC0-1.0
sample	public/samples/levain/viola/Violas_spic_F3_v1_rr2.wav	Strings/Viola Section/spic/Violas_spic_F3_v1_rr2.wav	91ecd239a51a8e05d2d3342e00cacc9d2723db76	751ec557a953b3a97d89ed7f819318c5416227d18ec2c2e3854478eb4ddbfbfb	CC0-1.0
sample	public/samples/levain/viola/Violas_spic_F3_v2_rr1.wav	Strings/Viola Section/spic/Violas_spic_F3_v2_rr1.wav	5c04487955ce47d9f6851fee9da6bbfbd9b95051	96f7e921c5c929d225d63a3615afa2aacd5c2901fc66ec79b26ddd56d832efb9	CC0-1.0
sample	public/samples/levain/viola/Violas_spic_F3_v2_rr2.wav	Strings/Viola Section/spic/Violas_spic_F3_v2_rr2.wav	6933ddcd167f333374c969c416119964b8b2cf7a	fd32cf80809378517941a24eac6bf9fefebd0a87405cbfac37eaf1b943c0f28f	CC0-1.0
sample	public/samples/levain/viola/Violas_spic_G2_v1_rr1.wav	Strings/Viola Section/spic/Violas_spic_G2_v1_rr1.wav	0abf00c92f84da56264333829fe382b9935850a9	d70fe8d86a36ae346e12ddaeac16027c4341f918175f9f553098a31501e67c5d	CC0-1.0
sample	public/samples/levain/viola/Violas_spic_G2_v1_rr2.wav	Strings/Viola Section/spic/Violas_spic_G2_v1_rr2.wav	d02d3ee8a41945ae40687f9850c4c00a81a8c6af	0c634882e1940f733bb73369a7eabba5455b8cc02879b596c26b1042628373a6	CC0-1.0
sample	public/samples/levain/viola/Violas_spic_G2_v2_rr1.wav	Strings/Viola Section/spic/Violas_spic_G2_v2_rr1.wav	93129efe05ce1337fde24d013057fa44a0ea831d	ebd5f73e697f3d68e263429c9ca62337bb20982316b959487c4f4c9efa44a5cf	CC0-1.0
sample	public/samples/levain/viola/Violas_spic_G2_v2_rr2.wav	Strings/Viola Section/spic/Violas_spic_G2_v2_rr2.wav	af42459a70f5b51345d79a6c4520add841c23c2c	c07030e1279a1d9affd9718491f280dc7b5d81a5022577e87080b8b659393e79	CC0-1.0
sample	public/samples/levain/viola/Violas_spic_G4_v1_rr1.wav	Strings/Viola Section/spic/Violas_spic_G4_v1_rr1.wav	c59252833699782fb9d27dcf24e39a5a2c336621	af42d7d5b077b9e59b05fb901db1119b7f79b93a84ba34b55a6c5dbbdd33e098	CC0-1.0
sample	public/samples/levain/viola/Violas_spic_G4_v1_rr2.wav	Strings/Viola Section/spic/Violas_spic_G4_v1_rr2.wav	d7ef4c9ff8ec51480b8fb42453bd6b09b320e5ed	215bfc8955a962ab7bde641d73f6170ff718c470737e1df82efc1d560a429265	CC0-1.0
sample	public/samples/levain/viola/Violas_spic_G4_v2_rr1.wav	Strings/Viola Section/spic/Violas_spic_G4_v2_rr1.wav	89ef2e483a61ff8533a811c82b07f6044e595701	67a6c39d014e1f630159a59e515d4c3552826114e64b1fc12e36f79cc87a5118	CC0-1.0
sample	public/samples/levain/viola/Violas_spic_G4_v2_rr2.wav	Strings/Viola Section/spic/Violas_spic_G4_v2_rr2.wav	a407057a4fec9d652b3c3564631e5c2783574d1a	2c5c48463c5c8f9398daa5c33a0a6cb46db44ac38b4c7f8409a42b6fb6079d0b	CC0-1.0
sample	public/samples/levain/violin-1/LLVln_ArcoVib_A3_f.wav	Strings/Solo Violin/Arco Vib/LLVln_ArcoVib_A3_f.wav	82964f15bb0ca3d34dbdfdd43ad0148f9d8767af	76934f3a85e4ba3b6518132c2fe6effa340c33fbb02f94e88c60b00073dc722f	CC0-1.0
sample	public/samples/levain/violin-1/LLVln_ArcoVib_A3_p.wav	Strings/Solo Violin/Arco Vib/LLVln_ArcoVib_A3_p.wav	7122b440f4dbd148a81319fca1d04a550710cef3	8daa4ca0eba8a834814435047e36b47826e730a7796c325966323f53debc9e46	CC0-1.0
sample	public/samples/levain/violin-1/LLVln_ArcoVib_A4_f.wav	Strings/Solo Violin/Arco Vib/LLVln_ArcoVib_A4_f.wav	3155c72c1f9ea1518ddb6c1a20eb5c0a094bd537	19e5374658351508a9e2c929e871a43caff41e62d5e3363ead6f88428a9ab863	CC0-1.0
sample	public/samples/levain/violin-1/LLVln_ArcoVib_A4_p.wav	Strings/Solo Violin/Arco Vib/LLVln_ArcoVib_A4_p.wav	e8667671328e1cfcd769a7624c26fac133ad7b0f	0d05607b46b78690893006d5aa7923ac304c7fb497df1e96536dc88ac5ac487f	CC0-1.0
sample	public/samples/levain/violin-1/LLVln_ArcoVib_A5_f.wav	Strings/Solo Violin/Arco Vib/LLVln_ArcoVib_A5_f.wav	eebb9f220dc2a93557acc849d5dd3273b8f0ff8f	0558d79d23db55c710e664e6283b62619f5a582ce261a5c082700a0d01536627	CC0-1.0
sample	public/samples/levain/violin-1/LLVln_ArcoVib_A5_p.wav	Strings/Solo Violin/Arco Vib/LLVln_ArcoVib_A5_p.wav	5eb8185d8ca9b3f34110654c2779e587de513921	204834bfb91ee62d53d3b2c9e9d37928617f643922f434323508a15a70ee591c	CC0-1.0
sample	public/samples/levain/violin-1/LLVln_ArcoVib_A6_f.wav	Strings/Solo Violin/Arco Vib/LLVln_ArcoVib_A6_f.wav	c296065592b8adf9e12f51af9d003b7259ecc6e2	37f6cc2f12b1b443a77d3ee370178da4a002a2ac3b6529663cc7ee002728ddcf	CC0-1.0
sample	public/samples/levain/violin-1/LLVln_ArcoVib_A6_p.wav	Strings/Solo Violin/Arco Vib/LLVln_ArcoVib_A6_p.wav	32e4646793f68c897271fb7f97887c95dbaf59fc	0f212759660b2fb0d645b2089adbf4222eebc829927c1e002caa434ecd804f0b	CC0-1.0
sample	public/samples/levain/violin-1/LLVln_ArcoVib_C4_f.wav	Strings/Solo Violin/Arco Vib/LLVln_ArcoVib_C4_f.wav	8a700075b7ae2f19c1c56108738324dfba6959e8	4169605b51a72454f11bc2c34efc66c1d9993fd2b7d5f097a025ef9d3a2dbdfa	CC0-1.0
sample	public/samples/levain/violin-1/LLVln_ArcoVib_C4_p.wav	Strings/Solo Violin/Arco Vib/LLVln_ArcoVib_C4_p.wav	9f876cafa572a8719e2e93fc994c5303992b8e62	592ebf4404ccafc7164c13cc543911ba9a2fe5f5e70dbb200807e2ae37b25035	CC0-1.0
sample	public/samples/levain/violin-1/LLVln_ArcoVib_C5_f.wav	Strings/Solo Violin/Arco Vib/LLVln_ArcoVib_C5_f.wav	93e9a2cf8106acc5e49ba18dab112c947473917f	af72f852ef2892233699851dacf5f8d97d446822d8eb4ce9e0ec27d5a721b118	CC0-1.0
sample	public/samples/levain/violin-1/LLVln_ArcoVib_C5_p.wav	Strings/Solo Violin/Arco Vib/LLVln_ArcoVib_C5_p.wav	71f0671d77cf8b79ce1a18ba20d9661e24f086fc	77a2133b5f97e1ec0edb759c0c552fc3efa7caf4ce1e0a4aa22625cf4c9da130	CC0-1.0
sample	public/samples/levain/violin-1/LLVln_ArcoVib_C6_f.wav	Strings/Solo Violin/Arco Vib/LLVln_ArcoVib_C6_f.wav	89f48f37313800df4c5901dc76b49b1c5c69e396	7ec8e0c2dde75282a4aaacccc713c84faa3e84daa9cf43df45ffc0e209964d46	CC0-1.0
sample	public/samples/levain/violin-1/LLVln_ArcoVib_C6_p.wav	Strings/Solo Violin/Arco Vib/LLVln_ArcoVib_C6_p.wav	33bc7e87816637462d6e174da9949eb9b5e45ef4	48039f28964328d0b8235b8d61e39b06f8d22f836a6940fa036fe7004fc58e6c	CC0-1.0
sample	public/samples/levain/violin-1/LLVln_ArcoVib_C7_f.wav	Strings/Solo Violin/Arco Vib/LLVln_ArcoVib_C7_f.wav	2348056e211ef9b6d309f3718d8e4e49471f65ce	f8223aed62911ef3f6937111bf3cdcc36fc25a636d4f99480b97029c4d28f393	CC0-1.0
sample	public/samples/levain/violin-1/LLVln_ArcoVib_C7_p.wav	Strings/Solo Violin/Arco Vib/LLVln_ArcoVib_C7_p.wav	bc1f4c13bb7c9693f7c5ef5a44bfe27463aa8cda	02b077cecc5002156fb439c5e0edfb75dbed94a97502a0252e57a76930415889	CC0-1.0
sample	public/samples/levain/violin-1/LLVln_ArcoVib_E4_f.wav	Strings/Solo Violin/Arco Vib/LLVln_ArcoVib_E4_f.wav	6b1bcdf57513dd089a2172adc0ddbac4a335b3a0	418512905f3294a23cf999f0587bf8e04d60192fe317ea8c80c150a85670eda2	CC0-1.0
sample	public/samples/levain/violin-1/LLVln_ArcoVib_E4_p.wav	Strings/Solo Violin/Arco Vib/LLVln_ArcoVib_E4_p.wav	99279ebc21258ab48aae6eb63d1eb7538f28d306	57c5aec0678a5d582d87ab33cd2f8954fea26ffd04c932eb6753d6a78e08736b	CC0-1.0
sample	public/samples/levain/violin-1/LLVln_ArcoVib_E5_f.wav	Strings/Solo Violin/Arco Vib/LLVln_ArcoVib_E5_f.wav	269658d510e82345227ac10d22f928cfae428c99	5c278e263fd59650190fc58294945cd291906eb1abd8293f728a96a878d1d478	CC0-1.0
sample	public/samples/levain/violin-1/LLVln_ArcoVib_E5_p.wav	Strings/Solo Violin/Arco Vib/LLVln_ArcoVib_E5_p.wav	670865e19772aceab538850ea7a0d1a86024d955	c60c3bcfc64ea00ebf8d97b16f2876c892393839a017a945c5e557359b6369a4	CC0-1.0
sample	public/samples/levain/violin-1/LLVln_ArcoVib_E6_f.wav	Strings/Solo Violin/Arco Vib/LLVln_ArcoVib_E6_f.wav	26855bca28a7be29386cbd6db56d2ae6f7c3b66c	8d1712f5659274a83aa90807132084559633e4817027c8a5b5f40826b3d9bc84	CC0-1.0
sample	public/samples/levain/violin-1/LLVln_ArcoVib_E6_p.wav	Strings/Solo Violin/Arco Vib/LLVln_ArcoVib_E6_p.wav	52407eb061956458643424aa623998ee43ce5136	f1f0f8062eda1af6147852bf61b39e6b8734d4b0236737810c9d660297a34f0c	CC0-1.0
sample	public/samples/levain/violin-1/LLVln_ArcoVib_G3_f.wav	Strings/Solo Violin/Arco Vib/LLVln_ArcoVib_G3_f.wav	a09b038528097878ad6b12d30da4ac1a227d5a98	80bae3776b0ccd3d4774f47429e829c7764f5fe6061ff844a8affc6ac68b7899	CC0-1.0
sample	public/samples/levain/violin-1/LLVln_ArcoVib_G3_p.wav	Strings/Solo Violin/Arco Vib/LLVln_ArcoVib_G3_p.wav	bc5f7d33610abbc3000f432562f36063f1d3d725	c52d8ef3e2882984c09da1b7c7ef40b82e997bc78cfdd380fe167bbcb94b03de	CC0-1.0
sample	public/samples/levain/violin-1/LLVln_ArcoVib_G4_f.wav	Strings/Solo Violin/Arco Vib/LLVln_ArcoVib_G4_f.wav	f9c1a5547a7e062eb34ee6bef09e559d3839f46e	14e3ea3d5172722d4d2686bae5da3d603800a7a474fa295d98275a9410913822	CC0-1.0
sample	public/samples/levain/violin-1/LLVln_ArcoVib_G4_p.wav	Strings/Solo Violin/Arco Vib/LLVln_ArcoVib_G4_p.wav	7324564c663bf239802020287c217b27c76b8142	ad1ba8442a6b40919093c9c831a8171c7030f7e651fbe075ab87764665deef88	CC0-1.0
sample	public/samples/levain/violin-1/LLVln_ArcoVib_G5_f.wav	Strings/Solo Violin/Arco Vib/LLVln_ArcoVib_G5_f.wav	f8745db337ebf8e82d59f90cea7c0f060a3615ce	b5bb27541d6187e6eeb20baf50625ca35fc9d44c7f113936a9369bc7ce490a68	CC0-1.0
sample	public/samples/levain/violin-1/LLVln_ArcoVib_G5_p.wav	Strings/Solo Violin/Arco Vib/LLVln_ArcoVib_G5_p.wav	a0ac97ce56dcbfb7b622abd2aa3c61678053f791	537df6072b0922a0231a6b3fad117e84bcaaa3e60ca68c665776a83c9bd9062d	CC0-1.0
sample	public/samples/levain/violin-1/LLVln_ArcoVib_G6_f.wav	Strings/Solo Violin/Arco Vib/LLVln_ArcoVib_G6_f.wav	9bd2b0d9d6e5505a0c0ce0722bd10db7913ee97d	68c49e55565810ea822866e3d39e51c1a5ad53cfa1a67bc25836ca7feac3fe0c	CC0-1.0
sample	public/samples/levain/violin-1/LLVln_ArcoVib_G6_p.wav	Strings/Solo Violin/Arco Vib/LLVln_ArcoVib_G6_p.wav	eca2508aa84cef89ee2002953d3b5f9867d53802	eb40e796d0e40ff4a729fd93dc9436ac08b30de308a8191e944351fee49aef9d	CC0-1.0
sample	public/samples/levain/violin-1/LLVln_Pizz_A3_f_RR1.wav	Strings/Solo Violin/Pizz/LLVln_Pizz_A3_f_RR1.wav	e73444b559e8f5cacde32568c1e5cd5916e64767	8f400b390219271d04eb9fc0247493d92089f2ca982b9a23be682bec18b7972d	CC0-1.0
sample	public/samples/levain/violin-1/LLVln_Pizz_A3_f_RR2.wav	Strings/Solo Violin/Pizz/LLVln_Pizz_A3_f_RR2.wav	035403d940005c8d8ec62fd185154e5d52aa76f7	f8aed0fad17c902ee245c556ee604f87222160f5fb273fe51caffd966cc69a0b	CC0-1.0
sample	public/samples/levain/violin-1/LLVln_Pizz_A3_p_RR1.wav	Strings/Solo Violin/Pizz/LLVln_Pizz_A3_p_RR1.wav	5a602ef63e0ec7598c5ddbe04dd47810f18e08d4	9a7cc4d7c6c848e6302f1a35e499781240ccf66c5acf72779f0da03b91bf73e9	CC0-1.0
sample	public/samples/levain/violin-1/LLVln_Pizz_A3_p_RR2.wav	Strings/Solo Violin/Pizz/LLVln_Pizz_A3_p_RR2.wav	2b583ba22edfa2412479560b44e62d473089a468	2ebc13ead350e7e70704d3c93a77d2931fa60754afc2e33ce623d0c6aa8ed9aa	CC0-1.0
sample	public/samples/levain/violin-1/LLVln_Pizz_A4_f_RR1.wav	Strings/Solo Violin/Pizz/LLVln_Pizz_A4_f_RR1.wav	0068a6bd084708b278b10b1e6880cf97ffd59245	bf68ed22022538e70f6b04098a03a224dc0acb7b35334bce3af0b3196bc24455	CC0-1.0
sample	public/samples/levain/violin-1/LLVln_Pizz_A4_f_RR2.wav	Strings/Solo Violin/Pizz/LLVln_Pizz_A4_f_RR2.wav	61c9f743fce95fdf5e820b8d3508dfb0a72dc726	4d74eb16c8c55e983ff86c1a9cb20b58675278132d560ac582f4f337dd191e78	CC0-1.0
sample	public/samples/levain/violin-1/LLVln_Pizz_A4_p_RR1.wav	Strings/Solo Violin/Pizz/LLVln_Pizz_A4_p_RR1.wav	e1edd9dec991f5e30ccfbea1e71e44a36cf3d037	43bc6f4e22da0bbb56de421f97f2c609df9193036b126c581df8e37303e795e0	CC0-1.0
sample	public/samples/levain/violin-1/LLVln_Pizz_A4_p_RR2.wav	Strings/Solo Violin/Pizz/LLVln_Pizz_A4_p_RR2.wav	2df344122ff2eae349af7b22648346044bfbf01e	434c0b38f8bed901de8bb1921b327421e7b15fa41c8adfa61c600e2d136ceaac	CC0-1.0
sample	public/samples/levain/violin-1/LLVln_Pizz_A5_f_RR1.wav	Strings/Solo Violin/Pizz/LLVln_Pizz_A5_f_RR1.wav	262a86433d8e1130483315af38c1f645076bf7cf	3eba1cba37e7bb60a879474b070a4d2bf0af03d65bee9f5f45d013c67fe0e5ae	CC0-1.0
sample	public/samples/levain/violin-1/LLVln_Pizz_A5_f_RR2.wav	Strings/Solo Violin/Pizz/LLVln_Pizz_A5_f_RR2.wav	eefa5108617b5f14aceeeaa8b46ae62ac0b708a6	e502977cadbe96d79910f5931885efd8a0d3e5b85d160bedb1ca3112eb2e9771	CC0-1.0
sample	public/samples/levain/violin-1/LLVln_Pizz_A5_p_RR1.wav	Strings/Solo Violin/Pizz/LLVln_Pizz_A5_p_RR1.wav	a40098f5d112f566074d41204a45192f199381c9	cd13bd60250ba2011651d54409791c05e7b2b16316d81155aaed5af775c53c38	CC0-1.0
sample	public/samples/levain/violin-1/LLVln_Pizz_A5_p_RR2.wav	Strings/Solo Violin/Pizz/LLVln_Pizz_A5_p_RR2.wav	37f7eb78ac0c7311edaaa75eacb8343530245997	9fc6088286632466955f3306a45c200594f6da3084cc128d528d6ef993a56105	CC0-1.0
sample	public/samples/levain/violin-1/LLVln_Pizz_A6_f_RR1.wav	Strings/Solo Violin/Pizz/LLVln_Pizz_A6_f_RR1.wav	6e74fd53eeb0bc387c63367b9813ad31afe411c9	667b41d61ec54a033ff1f7024cff95ba6162f4d4bdb8b595740f306fd8588460	CC0-1.0
sample	public/samples/levain/violin-1/LLVln_Pizz_A6_f_RR2.wav	Strings/Solo Violin/Pizz/LLVln_Pizz_A6_f_RR2.wav	046e2309074eebcd05d153d4edc66dd52e5a3b1a	f450315f1875b9054ed905c2168f4083ac961d64ebff42b24f4305c65b8e4796	CC0-1.0
sample	public/samples/levain/violin-1/LLVln_Pizz_C4_f_RR1.wav	Strings/Solo Violin/Pizz/LLVln_Pizz_C4_f_RR1.wav	6c869ff5041622f68dfdc242013f8be83584d585	f2836918ed710f19d1e63a6884409f1c9138cdb525d6295d9cdb473f0d56be95	CC0-1.0
sample	public/samples/levain/violin-1/LLVln_Pizz_C4_f_RR2.wav	Strings/Solo Violin/Pizz/LLVln_Pizz_C4_f_RR2.wav	06ab4b8f5891038d7b7c5b0a896827f42ac37553	ce9c5aef57a88446a0febeab6ce143317bacbaab3329e5f29c3cf24867b02ea0	CC0-1.0
sample	public/samples/levain/violin-1/LLVln_Pizz_C4_p_RR1.wav	Strings/Solo Violin/Pizz/LLVln_Pizz_C4_p_RR1.wav	1de8534ffd8027c438bf8e676c1d8bd619a51c05	95b9db0c0dafdabac63e18618b7d98b31ae41cdacf9e9a703850211113b6754a	CC0-1.0
sample	public/samples/levain/violin-1/LLVln_Pizz_C4_p_RR2.wav	Strings/Solo Violin/Pizz/LLVln_Pizz_C4_p_RR2.wav	3fbea8e8d9bca978a4b2808d8e6a26da39388942	975d64141752349499780e6509729d95c5718a3021bf4a4ba1b22c31ce3e3480	CC0-1.0
sample	public/samples/levain/violin-1/LLVln_Pizz_C5_f_RR1.wav	Strings/Solo Violin/Pizz/LLVln_Pizz_C5_f_RR1.wav	6b098e94523e710182b7ffdc9b61a6831b8bf956	df52150f00c233e6d270d7c557d90e741ef856577571f3a875b2868a5047b6a0	CC0-1.0
sample	public/samples/levain/violin-1/LLVln_Pizz_C5_f_RR2.wav	Strings/Solo Violin/Pizz/LLVln_Pizz_C5_f_RR2.wav	6d0e35664cac7fe32cef9ea7c35dee95f6089ab5	28046880d71a116098059dceb98c4973926a3c2134325368eddcdbbf0b66ee52	CC0-1.0
sample	public/samples/levain/violin-1/LLVln_Pizz_C5_p_RR1.wav	Strings/Solo Violin/Pizz/LLVln_Pizz_C5_p_RR1.wav	62e1847954dd5c8e979db5238fd36129c61d54dc	30e4c83fcb263c9ae3d92481083ebfdf84b2c8abed59a290b58d19084425c2da	CC0-1.0
sample	public/samples/levain/violin-1/LLVln_Pizz_C5_p_RR2.wav	Strings/Solo Violin/Pizz/LLVln_Pizz_C5_p_RR2.wav	1fcb0a0583690560c4991b6f4455b2637b10e423	d5348bd101d6596eaa4d2995601fd5659d2a313b54df4e32a9f16a61c33addbb	CC0-1.0
sample	public/samples/levain/violin-1/LLVln_Pizz_C7_f.wav	Strings/Solo Violin/Pizz/LLVln_Pizz_C7_f.wav	167fd12572f38700327585840479299286704019	fccd76254ab12434dd3e41958b8c9f6a5058102ed9b507e5a6e5df953dd04f02	CC0-1.0
sample	public/samples/levain/violin-1/LLVln_Pizz_E4_f_RR1.wav	Strings/Solo Violin/Pizz/LLVln_Pizz_E4_f_RR1.wav	ddd3aef5e50524c121d01dde12e026547d0c3b44	96e609d2d3ad1d01f898763ee1554ce69416238d9b2c598a89f0fad2b710eab9	CC0-1.0
sample	public/samples/levain/violin-1/LLVln_Pizz_E4_f_RR2.wav	Strings/Solo Violin/Pizz/LLVln_Pizz_E4_f_RR2.wav	fdf75c90e30fb70c9a1ac05b0e98601ccb0e05ee	b9816fe7508b46b4617bfbe47588f0b9b5bad07c7c6fa8156b1a372129a2bbf1	CC0-1.0
sample	public/samples/levain/violin-1/LLVln_Pizz_E4_p_RR1.wav	Strings/Solo Violin/Pizz/LLVln_Pizz_E4_p_RR1.wav	f8033df88e916726881994b8d7af8b1731358dc0	090cc6a411d0e37c4c524b54cd81f268d96f9ad58cd542f26f06dd824a35b7cd	CC0-1.0
sample	public/samples/levain/violin-1/LLVln_Pizz_E4_p_RR2.wav	Strings/Solo Violin/Pizz/LLVln_Pizz_E4_p_RR2.wav	1179a775b51c7842d0ad8e2d0ca9137ac71e1ef3	ea8fa4d781ecaf2f6d79a4d477b90d3dbb0b57cc57db9af6492dc7d39dbe1d6a	CC0-1.0
sample	public/samples/levain/violin-1/LLVln_Pizz_E5_f_RR1.wav	Strings/Solo Violin/Pizz/LLVln_Pizz_E5_f_RR1.wav	78fa76ba4c64ca8c9d93e201e3b3d53657118b6d	5704be5d372702464b44fecf10669c8181001ffc9ad29f63397f3634405d2f07	CC0-1.0
sample	public/samples/levain/violin-1/LLVln_Pizz_E5_f_RR2.wav	Strings/Solo Violin/Pizz/LLVln_Pizz_E5_f_RR2.wav	54f85086b5d772b993ae3b763b835aaab46e4402	b917c66686118628c23a997c7c25534644236d4ddf7df03ed6cbf3df9a22baae	CC0-1.0
sample	public/samples/levain/violin-1/LLVln_Pizz_E5_p_RR1.wav	Strings/Solo Violin/Pizz/LLVln_Pizz_E5_p_RR1.wav	1c2138383e304522c69019ba23bd9fe2682225ee	9590a957b38d05f1cab495b77a9a8895b8308c37a1a1077092cdf46f9dc57ffb	CC0-1.0
sample	public/samples/levain/violin-1/LLVln_Pizz_E5_p_RR2.wav	Strings/Solo Violin/Pizz/LLVln_Pizz_E5_p_RR2.wav	a100ec48192b0a6de1d7ee2c54e08fbf2454f917	30de38d27467d66af4a58da5f9ee0408d50491b865503c9f5c3a5d452032ef37	CC0-1.0
sample	public/samples/levain/violin-1/LLVln_Pizz_E6_f_RR1.wav	Strings/Solo Violin/Pizz/LLVln_Pizz_E6_f_RR1.wav	c772b62c24da878732b1c7aabe303569a2e04649	37a372a0a56301179b2dfc3e25ccf7b3b392617d512da57214ab8b85e66d264a	CC0-1.0
sample	public/samples/levain/violin-1/LLVln_Pizz_E6_f_RR2.wav	Strings/Solo Violin/Pizz/LLVln_Pizz_E6_f_RR2.wav	58f3916f60314b6e17e226f5d6e3cf07b3dad81d	4026da1bc8ebd09c7053c7e58a5de8c7d72fc5233942c36c2fade30fb687c069	CC0-1.0
sample	public/samples/levain/violin-1/LLVln_Pizz_G3_f_RR1.wav	Strings/Solo Violin/Pizz/LLVln_Pizz_G3_f_RR1.wav	3babfa3e843a8252100cad58d4931d5e9784c2c0	dc56b8193aaa29d9a0704aeee8672437a00bd12ec5e964e9a02765ead48fcdf6	CC0-1.0
sample	public/samples/levain/violin-1/LLVln_Pizz_G3_f_RR2.wav	Strings/Solo Violin/Pizz/LLVln_Pizz_G3_f_RR2.wav	463670173ba5e4a8104b325e74fa8fb8bad8eec0	75db2279cd1908e4187f04a1b1af43d8841d943d217e9d6b5a8a89374d122643	CC0-1.0
sample	public/samples/levain/violin-1/LLVln_Pizz_G3_p_RR1.wav	Strings/Solo Violin/Pizz/LLVln_Pizz_G3_p_RR1.wav	b00ffdca3db2879b00121f6948176d63ec46e89d	7bc900aa6b34b87d89ff035cd56066a9ecbdd584d12bafadcbd243b9e0a9bba1	CC0-1.0
sample	public/samples/levain/violin-1/LLVln_Pizz_G4_f_RR1.wav	Strings/Solo Violin/Pizz/LLVln_Pizz_G4_f_RR1.wav	b88cb207441bd8dd97220f849351a377d0df55ab	006bd7c4ae323a1b2076895ca74350a3cd7e2c82acfef3fcb1fb1b6f601c40dd	CC0-1.0
sample	public/samples/levain/violin-1/LLVln_Pizz_G4_f_RR2.wav	Strings/Solo Violin/Pizz/LLVln_Pizz_G4_f_RR2.wav	827b57fde631ce963509d12c1e9eea04fa6b1497	fed514fb316eda3691b2e11dd3ca89b9f64d28ca9863762fcfa609fefce8d475	CC0-1.0
sample	public/samples/levain/violin-1/LLVln_Pizz_G4_p_RR1.wav	Strings/Solo Violin/Pizz/LLVln_Pizz_G4_p_RR1.wav	0974949115e937fb8380bc6b1363da3c928a9524	8117f03620a33be4d6ee0f6d631cab022e035b222d7780e9d94cdcca843568cd	CC0-1.0
sample	public/samples/levain/violin-1/LLVln_Pizz_G4_p_RR2.wav	Strings/Solo Violin/Pizz/LLVln_Pizz_G4_p_RR2.wav	dccbd510dd1f858ae2f19f4bb9d51311c49b093c	ffc72d552ca2a86c8e3dc56c4f6f511ea5826e913994957ac508b4569ac62a03	CC0-1.0
sample	public/samples/levain/violin-1/LLVln_Pizz_G5_f_RR1.wav	Strings/Solo Violin/Pizz/LLVln_Pizz_G5_f_RR1.wav	56bbed3374d802c8a01634f8dbdb288c0fa54468	855b7dfd084573bd84189a539ffd08ce05d701d7a2fcf7df7a87ce81e90af738	CC0-1.0
sample	public/samples/levain/violin-1/LLVln_Pizz_G5_f_RR2.wav	Strings/Solo Violin/Pizz/LLVln_Pizz_G5_f_RR2.wav	8f481a3a43a2dcd2f13b42c047a9805df8e41be4	faeda347d3d85c5b6c90508dde61d88a2795f7caa4bc6a6ddd299e24dc9ca5c8	CC0-1.0
sample	public/samples/levain/violin-1/LLVln_Pizz_G5_p_RR1.wav	Strings/Solo Violin/Pizz/LLVln_Pizz_G5_p_RR1.wav	f5237bb8d72a272bf5b9ac6c4b5cc109559a77b8	1378f2083a3832529cd2bc3fa77d9dddaab6909d1b23f5261a6255ba8186040f	CC0-1.0
sample	public/samples/levain/violin-1/LLVln_Pizz_G5_p_RR2.wav	Strings/Solo Violin/Pizz/LLVln_Pizz_G5_p_RR2.wav	d697b47443ca17b5978a0a0f562011ee7b5efaf1	77fd229877c3b2e7f253a273192ed8099302aabdc1255cbd1f293bfc44517e90	CC0-1.0
sample	public/samples/levain/violin-1/LLVln_spic_A2_v1_rr1.wav	Strings/Solo Violin/spic/LLVln_spic_A2_v1_rr1.wav	211254adc1095c5cd07ffe446cab03d13d199f4e	5317473e0c3acd60eac63cf641e3947dcd3ab8f99b8fa5d4c7b1e7806f33cbae	CC0-1.0
sample	public/samples/levain/violin-1/LLVln_spic_A2_v1_rr2.wav	Strings/Solo Violin/spic/LLVln_spic_A2_v1_rr2.wav	70f2c40b11103c2b500051f590a906c75731674b	ef40155b657e6b13bf73e3035b51c146fea267abf5e8ba5378a82c58b6385303	CC0-1.0
sample	public/samples/levain/violin-1/LLVln_spic_A2_v2_rr1.wav	Strings/Solo Violin/spic/LLVln_spic_A2_v2_rr1.wav	eca9436681313234882a4c17c3082d9343f27808	4d7f9520bbde4f43324554b53bf147d2b5ea1a8c1234a7375793420f8a29f1d6	CC0-1.0
sample	public/samples/levain/violin-1/LLVln_spic_A2_v2_rr2.wav	Strings/Solo Violin/spic/LLVln_spic_A2_v2_rr2.wav	42f611e564b7b69f886f522cc6e547ee4f06ccfc	d3579f437be1f0c713a0407fada47f75e26b18da1f4984a365356382bc6618f9	CC0-1.0
sample	public/samples/levain/violin-1/LLVln_spic_A3_v1_rr1.wav	Strings/Solo Violin/spic/LLVln_spic_A3_v1_rr1.wav	908f547bf41f4c96f563a477d49729837512a21e	1f21dc936b765b7e9e0ceb65949f3b22205a61a43af21cb7a0307aabcb654cbb	CC0-1.0
sample	public/samples/levain/violin-1/LLVln_spic_A3_v1_rr2.wav	Strings/Solo Violin/spic/LLVln_spic_A3_v1_rr2.wav	62e4007089ee95bc0bb6d7564b25d7db5bde43f3	6cfe01a4c8f753c13a7be78be6cfd14b0d21c0a8956d41cd462ca5c936d7215e	CC0-1.0
sample	public/samples/levain/violin-1/LLVln_spic_A3_v2_rr1.wav	Strings/Solo Violin/spic/LLVln_spic_A3_v2_rr1.wav	1dea32d696864337efef8d8c6b0cd28adf1161d5	cda80f0f3d2deebc97d313581f810cb1b42b516cd26d617252e62e12ea205a1b	CC0-1.0
sample	public/samples/levain/violin-1/LLVln_spic_A3_v2_rr2.wav	Strings/Solo Violin/spic/LLVln_spic_A3_v2_rr2.wav	decce7ea868ddf499e2e611f9814f0865cdf7a2a	7b1025869c74c8a937ecbed90636f25c2adcfe94d3751879a4b9177a07b19fd4	CC0-1.0
sample	public/samples/levain/violin-1/LLVln_spic_A4_v1_rr1.wav	Strings/Solo Violin/spic/LLVln_spic_A4_v1_rr1.wav	944b32b43f491ffdbc799411fc1835023c5c7468	13477c70ee092b81f2537a6624546b1eea1ffaba0cbe0a93797003ba6d862bc6	CC0-1.0
sample	public/samples/levain/violin-1/LLVln_spic_A4_v1_rr2.wav	Strings/Solo Violin/spic/LLVln_spic_A4_v1_rr2.wav	d795873816e42fa52865482d0e0dfe261c61e3b3	9fa515ac27ad4354826560feec06502ae993ffc5bb41ed922c34e792d5eca1c8	CC0-1.0
sample	public/samples/levain/violin-1/LLVln_spic_A4_v2_rr1.wav	Strings/Solo Violin/spic/LLVln_spic_A4_v2_rr1.wav	9d34ba95a4f5e3d57cf41a9c4e70ed743e9763bb	6c506b5fccacbbbadb70993ff00d77c68a185af79febb35dc7101eb616046650	CC0-1.0
sample	public/samples/levain/violin-1/LLVln_spic_A4_v2_rr2.wav	Strings/Solo Violin/spic/LLVln_spic_A4_v2_rr2.wav	5cbe11816807f935d8c622fe093502c4be99ce04	c7a1418539041e1428f6aff88f66aa184e9dfff61857b725acdefff4993c1435	CC0-1.0
sample	public/samples/levain/violin-1/LLVln_spic_A5_v1_rr1.wav	Strings/Solo Violin/spic/LLVln_spic_A5_v1_rr1.wav	9fa3c1afc57721aca459f95ba62e7a4f2a8c44f0	b45eef0c35bfd1a213f23d5f992b8569e5dc4e12814c05e2bb0e5f61ec79b8f6	CC0-1.0
sample	public/samples/levain/violin-1/LLVln_spic_A5_v1_rr2.wav	Strings/Solo Violin/spic/LLVln_spic_A5_v1_rr2.wav	f9b0e3f8b5f9c6d08a026a3c6e48f7746f0921a0	b2eb0ffbf6133f352d7479562cde60174f21a4adb43d7c32d35f01b70c2bb120	CC0-1.0
sample	public/samples/levain/violin-1/LLVln_spic_A5_v2_rr1.wav	Strings/Solo Violin/spic/LLVln_spic_A5_v2_rr1.wav	59f6e7795b71e1b8a669bc6d649eef49bb4a5f6c	c5e2925c08a55dd4329c74bc9f0b832dac4e405d04da7a19fd790bff71f02162	CC0-1.0
sample	public/samples/levain/violin-1/LLVln_spic_A5_v2_rr2.wav	Strings/Solo Violin/spic/LLVln_spic_A5_v2_rr2.wav	fc5dc7e25d856634d4176a97d5c1a82cc95edee7	ed2da319deea36dc872cfb3c09828d51fc0ba02bf4626a8bc43b8075e59cfd14	CC0-1.0
sample	public/samples/levain/violin-1/LLVln_spic_C3_v1_rr1.wav	Strings/Solo Violin/spic/LLVln_spic_C3_v1_rr1.wav	c9abfda176f7c980a813cab215d8c7d9a7202702	9ed4ccbf955d179b4b1791e09cc4e18caf79934d769880ac55530a927426a3d9	CC0-1.0
sample	public/samples/levain/violin-1/LLVln_spic_C3_v1_rr2.wav	Strings/Solo Violin/spic/LLVln_spic_C3_v1_rr2.wav	7296148d638da5a13dc7869e4c698447b0754f27	83e0736736771534a986994e66fe0712df677db0a4c049d341fbc6457e906672	CC0-1.0
sample	public/samples/levain/violin-1/LLVln_spic_C3_v2_rr1.wav	Strings/Solo Violin/spic/LLVln_spic_C3_v2_rr1.wav	2db2c5caa332b7f80ce3db072751ffb261e02507	004ab9c49db15533ee5f47d626138a5af3f044f19131827a0911ec3648c0e68e	CC0-1.0
sample	public/samples/levain/violin-1/LLVln_spic_C3_v2_rr2.wav	Strings/Solo Violin/spic/LLVln_spic_C3_v2_rr2.wav	604935c00648d3cf3de3812d058116a2fea2e2b9	0910dd0f25c3455cd8164de1037d35053164fe7b0b640be219fef281a415b2c7	CC0-1.0
sample	public/samples/levain/violin-1/LLVln_spic_C4_v1_rr1.wav	Strings/Solo Violin/spic/LLVln_spic_C4_v1_rr1.wav	e28743348f83c23fbacba710f2d0ca1efe1732be	6d75b28586d150dce0f9cd4ccf649dbc125afaf43762a2f5676f3d916289963e	CC0-1.0
sample	public/samples/levain/violin-1/LLVln_spic_C4_v1_rr2.wav	Strings/Solo Violin/spic/LLVln_spic_C4_v1_rr2.wav	c4a85464d54132ebd749a4478e0eb0aebb105434	b24d6b61e64d27aa6ccddbb56e9c64aea2ed504078d0f2b9e13ef8bec3c923a8	CC0-1.0
sample	public/samples/levain/violin-1/LLVln_spic_C4_v2_rr1.wav	Strings/Solo Violin/spic/LLVln_spic_C4_v2_rr1.wav	9ba721d1e32ea23a21668fb93a20b8c7baba8552	0071c0e2cf8ee18b6502f392015dc89ed39a6320f8a430779a50c48b1cb37f42	CC0-1.0
sample	public/samples/levain/violin-1/LLVln_spic_C4_v2_rr2.wav	Strings/Solo Violin/spic/LLVln_spic_C4_v2_rr2.wav	7a236b75693dcf3334b0cbe315492b478a14a8d6	bde86277c2a400799bd7bd15500b10a8f9249d9fdf7929a9499977fe39d0e625	CC0-1.0
sample	public/samples/levain/violin-1/LLVln_spic_C5_v1_rr1.wav	Strings/Solo Violin/spic/LLVln_spic_C5_v1_rr1.wav	b668b7180e25f0220c67ebb42737441085d307fb	72e3baa8e22c1797dbda56f4665c7808a44e6f2561bddfbb10a5171e19752015	CC0-1.0
sample	public/samples/levain/violin-1/LLVln_spic_C5_v1_rr2.wav	Strings/Solo Violin/spic/LLVln_spic_C5_v1_rr2.wav	e06665c7ebac0cf00495643eb80199fb3cb5afba	a7d040d9a36369aa9c1f3a9ced12c4f30deeca81eaa67230abfc940cc86b4094	CC0-1.0
sample	public/samples/levain/violin-1/LLVln_spic_C5_v2_rr1.wav	Strings/Solo Violin/spic/LLVln_spic_C5_v2_rr1.wav	f99aa8b70b2853d7eb18b33d61f3636a1a09aa3e	28788d5a97438d739403627aea0f8aa42fa6582d75c4e8f4f2431cfae1cd4738	CC0-1.0
sample	public/samples/levain/violin-1/LLVln_spic_C5_v2_rr2.wav	Strings/Solo Violin/spic/LLVln_spic_C5_v2_rr2.wav	5515bc6f34bfdb6576f818d2233992d8097c54b3	2c9a17f8848c55c3fd94ac8b742e5e552a9815b417ccf2ff0696accd0c566c35	CC0-1.0
sample	public/samples/levain/violin-1/LLVln_spic_C6_v1_rr1.wav	Strings/Solo Violin/spic/LLVln_spic_C6_v1_rr1.wav	1effead1f870eda3d8df49149fa6f8e1a1cc6f91	5322bc5235a2c1433a2fb00e0dea8f33620bfa37ebad3198398f119eaa8c0fbf	CC0-1.0
sample	public/samples/levain/violin-1/LLVln_spic_C6_v1_rr2.wav	Strings/Solo Violin/spic/LLVln_spic_C6_v1_rr2.wav	e58b7f8a952a0c811f3aeb5ea31b32818c281bb6	348a34eb4a954ad56554a1e03d5d2e78d1420b76099f914af99f4eba65517345	CC0-1.0
sample	public/samples/levain/violin-1/LLVln_spic_C6_v2_rr1.wav	Strings/Solo Violin/spic/LLVln_spic_C6_v2_rr1.wav	b5394fffeb1e8a094446ae606a6d0411c7f02ec9	4e854001e15c23bb42e1f9dd8ca276e54d279423c6dd94db9bab6385cd9641c2	CC0-1.0
sample	public/samples/levain/violin-1/LLVln_spic_C6_v2_rr2.wav	Strings/Solo Violin/spic/LLVln_spic_C6_v2_rr2.wav	e508cc8e810ea18466f7024c5945e54e0970bec9	46796f4235be0817e2106b9e20ec626092db29808937e0c957eb325da8893905	CC0-1.0
sample	public/samples/levain/violin-1/LLVln_spic_E3_v1_rr1.wav	Strings/Solo Violin/spic/LLVln_spic_E3_v1_rr1.wav	8fa7ec4ed3489504ed74b6d93d5ae9d0f5ddb81c	a6b5f0bff98ac81134f6ac53e3d639944e3d5d4d008e9757d56951b58163b239	CC0-1.0
sample	public/samples/levain/violin-1/LLVln_spic_E3_v1_rr2.wav	Strings/Solo Violin/spic/LLVln_spic_E3_v1_rr2.wav	e6fb2b1addc8baf3136fcb76b43e8f554da64020	293f6dfd8be16c2319ef704c5841cd7bb60d218411ee15b76a7ab33089489e34	CC0-1.0
sample	public/samples/levain/violin-1/LLVln_spic_E3_v2_rr1.wav	Strings/Solo Violin/spic/LLVln_spic_E3_v2_rr1.wav	9b62458ed0cf1d75d3f8b9c81d0a2bdb306ceee1	b4a9d9a85016a0ee4db54256d3a7384288823821b866df4bd1cd226a05cf2396	CC0-1.0
sample	public/samples/levain/violin-1/LLVln_spic_E3_v2_rr2.wav	Strings/Solo Violin/spic/LLVln_spic_E3_v2_rr2.wav	77290d529a4f0d9618df5edeaed1fd33a08cee99	31ec1ba3c100ff966464f532baab9303e3cfe58c27367fba912ec01a5967de90	CC0-1.0
sample	public/samples/levain/violin-1/LLVln_spic_E4_v1_rr1.wav	Strings/Solo Violin/spic/LLVln_spic_E4_v1_rr1.wav	253fda64fb563265822d6b4ba01aa3611e77607f	635445fb882ea6988a9a17fdfb4b1f461316a882475e48877e2dae9c3f57a2ab	CC0-1.0
sample	public/samples/levain/violin-1/LLVln_spic_E4_v1_rr2.wav	Strings/Solo Violin/spic/LLVln_spic_E4_v1_rr2.wav	9958739b6962455e04cd091ed5f2c5abcf5a14dc	b55073fdcc7c410e735f0d20692b2e3ba1bd4a7e76bb4c1be8950e8716cea75d	CC0-1.0
sample	public/samples/levain/violin-1/LLVln_spic_E4_v2_rr1.wav	Strings/Solo Violin/spic/LLVln_spic_E4_v2_rr1.wav	92f3ec662cf22a853c7742fc75a003239915eebc	365e59e228e7af42d9277381d16bbd088983d99190e746da6ae81f9b10cb48fe	CC0-1.0
sample	public/samples/levain/violin-1/LLVln_spic_E4_v2_rr2.wav	Strings/Solo Violin/spic/LLVln_spic_E4_v2_rr2.wav	b603d34101e30c725aaa4d13086c8e5fbee053cb	02a5a5b7a5f88258059d2b4af2596eb974060968a5c8033b4d53465e8f43daa8	CC0-1.0
sample	public/samples/levain/violin-1/LLVln_spic_E5_v1_rr1.wav	Strings/Solo Violin/spic/LLVln_spic_E5_v1_rr1.wav	92076286dd7dce51640594b504164cb0fcbb389b	0b1887a463b3a0506fe2193ba5d6086849a603cd30dc761f5c77ff6bce658338	CC0-1.0
sample	public/samples/levain/violin-1/LLVln_spic_E5_v1_rr2.wav	Strings/Solo Violin/spic/LLVln_spic_E5_v1_rr2.wav	8482e37b5318476932bb79ce8e876bff9a2b43dc	6d6c9490e5ebc4f1eb0b548b3ff48659628b094d784d2fe9d570c0b4923c9bdc	CC0-1.0
sample	public/samples/levain/violin-1/LLVln_spic_E5_v2_rr1.wav	Strings/Solo Violin/spic/LLVln_spic_E5_v2_rr1.wav	d5f86ab47c85be60cad90a3c1762a252ddd4ec27	3c440d43b09b1a152fdf9308f4773ec8c55cea05b97ed06e50dbce1a9d2a2256	CC0-1.0
sample	public/samples/levain/violin-1/LLVln_spic_E5_v2_rr2.wav	Strings/Solo Violin/spic/LLVln_spic_E5_v2_rr2.wav	6928fc3785ee468048421b64cf1fbeaffcedef91	76a1aff68c93f1d0607b348536967de3fb5baa2775bbc9527172ee5a99eaed73	CC0-1.0
sample	public/samples/levain/violin-1/LLVln_spic_G2_v1_rr1.wav	Strings/Solo Violin/spic/LLVln_spic_G2_v1_rr1.wav	ba70f44254bcb8e29d70bc183fda36fde930d6d8	0826f0c0c1b6cd850deefdcd3376a16c1ad2cb19a0ee81b71141529dcdbbf5b8	CC0-1.0
sample	public/samples/levain/violin-1/LLVln_spic_G2_v1_rr2.wav	Strings/Solo Violin/spic/LLVln_spic_G2_v1_rr2.wav	d1f02c01501100bd249169ef28d2c7a0db7cced5	12b59cd786b629aba2fbae9138ad60b2cbff9491d5eb1523be8c060f8f0d18f3	CC0-1.0
sample	public/samples/levain/violin-1/LLVln_spic_G2_v2_rr1.wav	Strings/Solo Violin/spic/LLVln_spic_G2_v2_rr1.wav	db74dd3455da835f2a32cf260cbb02fa26d0f0b7	3bcd4edde6d9c9882ad16d3ba8d1999b6190581cb4af77df6b0d6606d7b4a60e	CC0-1.0
sample	public/samples/levain/violin-1/LLVln_spic_G2_v2_rr2.wav	Strings/Solo Violin/spic/LLVln_spic_G2_v2_rr2.wav	275e8c8daf0b552de0750fccefedc05d040513e8	72b722d23d17719c85602d152bdc1b80894f3564f6b53262c953d4ec3a7d5985	CC0-1.0
sample	public/samples/levain/violin-1/LLVln_spic_G3_v1_rr1.wav	Strings/Solo Violin/spic/LLVln_spic_G3_v1_rr1.wav	cbd6597be4125472c37149341bba7864adb6c2bc	b9c82d49a3575fa514586b89de6f10c735dcb8a2e1c3b1408aa0715298479365	CC0-1.0
sample	public/samples/levain/violin-1/LLVln_spic_G3_v1_rr2.wav	Strings/Solo Violin/spic/LLVln_spic_G3_v1_rr2.wav	51e5e0a2c564d4b2ff1ad9bcb04e33b23d610806	b7ea30516346a214f22a9ed07e17e3e1ad1044513dc035fe2a44b3d8b8137878	CC0-1.0
sample	public/samples/levain/violin-1/LLVln_spic_G3_v2_rr1.wav	Strings/Solo Violin/spic/LLVln_spic_G3_v2_rr1.wav	48c6b41928f6b676c4b3372ef3bf7e271370566f	af5163b8b919a07cb85abeb1fbb2f1f124889f9b0417e4f41571f6d7588f5665	CC0-1.0
sample	public/samples/levain/violin-1/LLVln_spic_G3_v2_rr2.wav	Strings/Solo Violin/spic/LLVln_spic_G3_v2_rr2.wav	46a505b3aaf448ae9849d015f84daeabffc02da4	bada8ff79015d7d9129e205925331d3663b592e194ced971cf44c499c1cc0b7f	CC0-1.0
sample	public/samples/levain/violin-1/LLVln_spic_G4_v1_rr1.wav	Strings/Solo Violin/spic/LLVln_spic_G4_v1_rr1.wav	2ffdb43df271a27a189ac6cdd94f4becdfcfd5c5	4859b51dc4a991898f637454a63f81a80f3b45c141cd5feba9dd3a0f06e6330d	CC0-1.0
sample	public/samples/levain/violin-1/LLVln_spic_G4_v1_rr2.wav	Strings/Solo Violin/spic/LLVln_spic_G4_v1_rr2.wav	f762c40bb3f095821fb74b8601c729711830f943	804a09eb742a8eeec6a66173ca107de11686b9b6f2dd4669569c63f90a1bf8e5	CC0-1.0
sample	public/samples/levain/violin-1/LLVln_spic_G4_v2_rr1.wav	Strings/Solo Violin/spic/LLVln_spic_G4_v2_rr1.wav	2ab520fa524a0d3599ae6cc08ee2645cf3482efc	acfee187b8d0e781aaae2c2f68250c42e1d8f410a595673502fb96f1469a789e	CC0-1.0
sample	public/samples/levain/violin-1/LLVln_spic_G4_v2_rr2.wav	Strings/Solo Violin/spic/LLVln_spic_G4_v2_rr2.wav	bf2c7c53c19cae414f6b775ea6993513c0fd1bb6	fe962a6aa6e8c01de0e5d9cf2e498d3f2f9be66f944152ca8e4e73726d71c512	CC0-1.0
sample	public/samples/levain/violin-1/LLVln_spic_G5_v1_rr1.wav	Strings/Solo Violin/spic/LLVln_spic_G5_v1_rr1.wav	bf88ecd7cd28778614588177c8acf2e99f155fbf	3deba0200c7d0fbb5428b4771ba675223d05f193cce70ac19fe536769e30d538	CC0-1.0
sample	public/samples/levain/violin-1/LLVln_spic_G5_v1_rr2.wav	Strings/Solo Violin/spic/LLVln_spic_G5_v1_rr2.wav	fc3457d5b420ea7771069f7e9f68d34dd4cb095c	0d58953ef25096583d6553b4ad69ed118e3d238297cacd63445e06f2df0f7d00	CC0-1.0
sample	public/samples/levain/violin-1/LLVln_spic_G5_v2_rr1.wav	Strings/Solo Violin/spic/LLVln_spic_G5_v2_rr1.wav	6b66264e9aac4b2b7e59eee940843a93a2343e96	f83bc69d68304da0f24d042ce01f5e8c9f824cc70fe19eea8b11e8fc6131df99	CC0-1.0
sample	public/samples/levain/violin-1/LLVln_spic_G5_v2_rr2.wav	Strings/Solo Violin/spic/LLVln_spic_G5_v2_rr2.wav	be48f20e235522dfbec184da6f4ccbd5c1514f99	5b6a703c73566b5f3f18656902369e4434bd223dc01cb6abd2ba373361ea1db7	CC0-1.0
sample	public/samples/levain/violin-1/LLVln_trem_A2_v1_rr1.wav	Strings/Solo Violin/Trem/LLVln_trem_A2_v1_rr1.wav	a2a34e7d4e11c786102489b9edecd897914b5f1e	fe010776f8724749465bf9f136164870b3234c7d27c213ee713c280599d04fc3	CC0-1.0
sample	public/samples/levain/violin-1/LLVln_trem_A2_v2_rr1.wav	Strings/Solo Violin/Trem/LLVln_trem_A2_v2_rr1.wav	0e6cf170a98fa2d6cd87c9b0f3b742e8a1d96948	de42f26ee9a7ef124a63d161076d11532bbbca4fa8f6a9809b546e9d65807849	CC0-1.0
sample	public/samples/levain/violin-1/LLVln_trem_A3_v1_rr1.wav	Strings/Solo Violin/Trem/LLVln_trem_A3_v1_rr1.wav	b05e9f2e63db6447bd91165f4777244b719db259	1ec8588ff79e6d9e4d4203ad58d35b7a90317dcb3901f0d1b1a3d8ff1a0aa29d	CC0-1.0
sample	public/samples/levain/violin-1/LLVln_trem_A3_v2_rr1.wav	Strings/Solo Violin/Trem/LLVln_trem_A3_v2_rr1.wav	b790de6a30af1a6b735a400a6bb2789e46058ca8	18d686151114a52c334019694bb216f48c811faab28660d608a6a0de948093a0	CC0-1.0
sample	public/samples/levain/violin-1/LLVln_trem_A4_v1_rr1.wav	Strings/Solo Violin/Trem/LLVln_trem_A4_v1_rr1.wav	d92aca7f77f5288c47954fa15d1a58fc1dafbf17	92ef887f011ede53a9771fc1e9c50a8f53b3547695f268c3223fce0f2893a48e	CC0-1.0
sample	public/samples/levain/violin-1/LLVln_trem_A4_v2_rr1.wav	Strings/Solo Violin/Trem/LLVln_trem_A4_v2_rr1.wav	dfb62d47ec80c9733ed938ac79cc9c5166371b53	8b16f91a40de749788d400b9c31ead5cb47bde6e00343138afb6b3a8582be0c5	CC0-1.0
sample	public/samples/levain/violin-1/LLVln_trem_C3_v1_rr1.wav	Strings/Solo Violin/Trem/LLVln_trem_C3_v1_rr1.wav	7d15239eb5e1bcde2bce8e21091f301938de5fd1	2eaac72dde26d26dac3738fc828e9741d22e45cbeb83b0ab63fa4bccc0d0932f	CC0-1.0
sample	public/samples/levain/violin-1/LLVln_trem_C3_v2_rr1.wav	Strings/Solo Violin/Trem/LLVln_trem_C3_v2_rr1.wav	88815cd35151089b3e19e115a85968497f51e761	517c2b9e2b5f46416bde88d732cd69fabe8a4cf2c3cef3873620f66a5166dfe8	CC0-1.0
sample	public/samples/levain/violin-1/LLVln_trem_C4_v1_rr1.wav	Strings/Solo Violin/Trem/LLVln_trem_C4_v1_rr1.wav	eb9aa85e53c57bdff184d9d7825a7a04ee1e8ac1	0f54c1a9ddc014871828146aaa53aea2e2b12f5c59f08f12b846dedeb10eb60e	CC0-1.0
sample	public/samples/levain/violin-1/LLVln_trem_C4_v2_rr1.wav	Strings/Solo Violin/Trem/LLVln_trem_C4_v2_rr1.wav	5dd7adb8a15a05794a0f9b94933e388a6aae0183	e047a8a4cf8a4668cde2490ccbbc0532af2df1afb2a72a2e205dce3303c09d9a	CC0-1.0
sample	public/samples/levain/violin-1/LLVln_trem_C5_v1_rr1.wav	Strings/Solo Violin/Trem/LLVln_trem_C5_v1_rr1.wav	6b2a0edb3b53bfb4c1bfe953c7b56399c1c3ffd3	c6d2bf86329435006532e5e5afdc89808db4c28599675dd3218c7402b887f6bd	CC0-1.0
sample	public/samples/levain/violin-1/LLVln_trem_C5_v2_rr1.wav	Strings/Solo Violin/Trem/LLVln_trem_C5_v2_rr1.wav	a0ba87d9f4f462c5a5dc66f53c33b3db738ff310	cad9537e5a89258546021e75e3907e9359c34696b7afc4c4845e83268718f76f	CC0-1.0
sample	public/samples/levain/violin-1/LLVln_trem_C6_v2_rr1.wav	Strings/Solo Violin/Trem/LLVln_trem_C6_v2_rr1.wav	3360e3637e8d367f1cdf21c8e302eb25bfe9846c	53faf1a9b503ce710f977175eecbd15abb06d8a1ba32ca9e83eb3abc87861d16	CC0-1.0
sample	public/samples/levain/violin-1/LLVln_trem_E3_v1_rr1.wav	Strings/Solo Violin/Trem/LLVln_trem_E3_v1_rr1.wav	4c6b97372045f0ebbaecee30381d251b98a91b9d	99ebaf1666d05d45e7e5e1c39535545433d7c64472bb6721d4bc98c9e6b09474	CC0-1.0
sample	public/samples/levain/violin-1/LLVln_trem_E3_v2_rr1.wav	Strings/Solo Violin/Trem/LLVln_trem_E3_v2_rr1.wav	9607e5bbcc8907beeb26665ce7e09442ffbde4c1	9adb581924e9502d305e573a41997f914edab8b7a56ebfa02f136d9342e6923b	CC0-1.0
sample	public/samples/levain/violin-1/LLVln_trem_E4_v1_rr1.wav	Strings/Solo Violin/Trem/LLVln_trem_E4_v1_rr1.wav	aae3b51f5c62478f5d68c1d93a99252118e19fcc	20dca8ab716c68fc8445e31dbac57ff69bfeaee45335712d1418dbf40de37d9e	CC0-1.0
sample	public/samples/levain/violin-1/LLVln_trem_E4_v2_rr1.wav	Strings/Solo Violin/Trem/LLVln_trem_E4_v2_rr1.wav	ae6d11a641c974641950744334b6b1a5626ac411	aa1b1923f469f8718c005f4f65c91967c1c7cada96f92f9426fac3d6316c60ae	CC0-1.0
sample	public/samples/levain/violin-1/LLVln_trem_E5_v1_rr1.wav	Strings/Solo Violin/Trem/LLVln_trem_E5_v1_rr1.wav	6e6cdf7eb24559c735fe9a511ce00496da76314b	40307288922d7fd2ce86e43816b089ce2e0f50a66a561d3285a0b7c714815e88	CC0-1.0
sample	public/samples/levain/violin-1/LLVln_trem_E5_v2_rr1.wav	Strings/Solo Violin/Trem/LLVln_trem_E5_v2_rr1.wav	6ac89880fb68aeb4e27a16cb8f1469c1784c247f	49cdf4a1e96dcd7800174c7f565897fe05fe19b23e9e97be302cb594094c4791	CC0-1.0
sample	public/samples/levain/violin-1/LLVln_trem_G2_v1_rr1.wav	Strings/Solo Violin/Trem/LLVln_trem_G2_v1_rr1.wav	4533a387820f4a07e0c52c2d76d3562681cbd6e0	b924e25d576d64a76c7adb4e1a05aba25db4917c18b754c34c669104d0470c1e	CC0-1.0
sample	public/samples/levain/violin-1/LLVln_trem_G2_v2_rr1.wav	Strings/Solo Violin/Trem/LLVln_trem_G2_v2_rr1.wav	cb3127b3ca2cbe3395b4ea678a45ea54fc9a2c3c	d18c1ece6b2170cc721fec7df6e93d88605817c835ee9e64cc2bbde12a2c86b2	CC0-1.0
sample	public/samples/levain/violin-1/LLVln_trem_G3_v1_rr1.wav	Strings/Solo Violin/Trem/LLVln_trem_G3_v1_rr1.wav	5b869ae9e77b61b88e5a518c0691991c0d48d986	0225a017e47470c944a2931bb9df8441824895c5ab152f5b19f409cc724f3aa2	CC0-1.0
sample	public/samples/levain/violin-1/LLVln_trem_G3_v2_rr1.wav	Strings/Solo Violin/Trem/LLVln_trem_G3_v2_rr1.wav	8f3a5c5da8931c33bad473054079347f195a3e71	c4b0206ef3bb7dd6889172e1b38ebc47ae6f8c438056523b5b556392367e9895	CC0-1.0
sample	public/samples/levain/violin-1/LLVln_trem_G4_v1_rr1.wav	Strings/Solo Violin/Trem/LLVln_trem_G4_v1_rr1.wav	4137625c50acb02b0355d6ef27caeeee5f75346a	82460e41596463e64e0106efabc2767043067d16c84274b49ab169e8e50d8d2a	CC0-1.0
sample	public/samples/levain/violin-1/LLVln_trem_G4_v2_rr1.wav	Strings/Solo Violin/Trem/LLVln_trem_G4_v2_rr1.wav	4962ef0da4b1cf48385377496f7311c3cfa84e04	93990f54d3a2ab64c97c35cbe81b60260681dc65a56c3aa10de723b6e1ab3dcc	CC0-1.0
sample	public/samples/levain/violin-1/LLVln_trem_G5_v1_rr1.wav	Strings/Solo Violin/Trem/LLVln_trem_G5_v1_rr1.wav	6796c2947c47697125e52b5f89ada2742193c6e5	f3299b48f8c082c2c0d2bf7fcb8e84f69df44e7de55a713b897f2365b911f372	CC0-1.0
sample	public/samples/levain/violin-1/LLVln_trem_G5_v2_rr1.wav	Strings/Solo Violin/Trem/LLVln_trem_G5_v2_rr1.wav	39feb64ebd20a227e445b42bd6f77240a5a7b6ca	4bad7f2518e4b40771fc7535c3dda0ea3036304dcb2c37d2555f390e0c61301f	CC0-1.0
sample	public/samples/levain/violin-2/VlnEns_Pizz_A2_v1_rr1.wav	Strings/Violin Section/Pizz/VlnEns_Pizz_A2_v1_rr1.wav	93b98c5260e23178abca15764e43b2d61f0ee86a	056e2e28e989446da8cdda21f62211a7a30699ea03f4ea074045e85c708a0ea8	CC0-1.0
sample	public/samples/levain/violin-2/VlnEns_Pizz_A2_v1_rr2.wav	Strings/Violin Section/Pizz/VlnEns_Pizz_A2_v1_rr2.wav	dbdb03af973cfbadefe9c6493dd37d3affaba346	3f795534c596db359e7675f99b877a3b05bf8475e0a392cc1dc258e16c75e282	CC0-1.0
sample	public/samples/levain/violin-2/VlnEns_Pizz_A2_v2_rr1.wav	Strings/Violin Section/Pizz/VlnEns_Pizz_A2_v2_rr1.wav	67424af2bfc19cbac72eee6a8fdba6acebbf735e	75a9bbd0120e03affffe89dd711e5a088507917362e0a197019ff9eff8101340	CC0-1.0
sample	public/samples/levain/violin-2/VlnEns_Pizz_A2_v2_rr2.wav	Strings/Violin Section/Pizz/VlnEns_Pizz_A2_v2_rr2.wav	537e430bb5d41680acb11848e489708bd6070b82	da100ff90d5c4568b9d1787627ecf2114fc08f140f2d8481e547572ff5404a42	CC0-1.0
sample	public/samples/levain/violin-2/VlnEns_Pizz_A3_v1_rr1.wav	Strings/Violin Section/Pizz/VlnEns_Pizz_A3_v1_rr1.wav	06793268b9279f7cac16e997732515851e619173	6807c9f8a2b8851e866e1f9bb92e9809982693e3593882673d0fe6dedf9b7a96	CC0-1.0
sample	public/samples/levain/violin-2/VlnEns_Pizz_A3_v1_rr2.wav	Strings/Violin Section/Pizz/VlnEns_Pizz_A3_v1_rr2.wav	e9e5a1ce6277be3cee527230e50923ec043d1bdc	aa4d92ddd001ca80737ffcd3aa6a10f6e1b27192bb47a184c05f183475343385	CC0-1.0
sample	public/samples/levain/violin-2/VlnEns_Pizz_A3_v2_rr1.wav	Strings/Violin Section/Pizz/VlnEns_Pizz_A3_v2_rr1.wav	251db5f874e4d431601a5f76b7a780cc1e5ef489	631720219cbd7b11718b393bdacf04eb512ef5071f9e5d0d73d74b3f17179ec2	CC0-1.0
sample	public/samples/levain/violin-2/VlnEns_Pizz_A3_v2_rr2.wav	Strings/Violin Section/Pizz/VlnEns_Pizz_A3_v2_rr2.wav	9e489802b42cd46908eb4244fa8383c287a29bc0	aa6e4d7c84536837e6b9b19203b701a83263b2f4005fc44bd0959321e80c91a5	CC0-1.0
sample	public/samples/levain/violin-2/VlnEns_Pizz_B2_v1_rr1.wav	Strings/Violin Section/Pizz/VlnEns_Pizz_B2_v1_rr1.wav	3c5e8e9cc23e4832f7cd6e3b467e05edc8375761	6c6e279b3013700f7b0d47042b58679c5d4788637860f6a4788ee6ae7fa25940	CC0-1.0
sample	public/samples/levain/violin-2/VlnEns_Pizz_B2_v1_rr2.wav	Strings/Violin Section/Pizz/VlnEns_Pizz_B2_v1_rr2.wav	aafef0e36416a366a75565897e7355b842814194	f01036c3a58c277e487070603c81658ff07e9e1ca8bdfa0e22dd1c9f65c2b432	CC0-1.0
sample	public/samples/levain/violin-2/VlnEns_Pizz_B2_v2_rr1.wav	Strings/Violin Section/Pizz/VlnEns_Pizz_B2_v2_rr1.wav	13603a872baf1c825d6f1adea446033872b3995e	71aaf7c111d427e76d91a58efc4cf661880cae85ec91123f8f57d421fe36cd06	CC0-1.0
sample	public/samples/levain/violin-2/VlnEns_Pizz_B2_v2_rr2.wav	Strings/Violin Section/Pizz/VlnEns_Pizz_B2_v2_rr2.wav	1d3f09cec45d4ca9ffe3cde92a7122e05a805faa	4b9b81daa260704f90fb5883263a9fdbe4cb3c74389346b0592ef85f479d5e1c	CC0-1.0
sample	public/samples/levain/violin-2/VlnEns_Pizz_B4_v1_rr1.wav	Strings/Violin Section/Pizz/VlnEns_Pizz_B4_v1_rr1.wav	a05d57ce0a3cf310aed9d9349c122a89e5394a0f	69296888a511f280644945ac4aa2890ed90913308a12e7e1f5b7a1cabeffbd6a	CC0-1.0
sample	public/samples/levain/violin-2/VlnEns_Pizz_B4_v1_rr2.wav	Strings/Violin Section/Pizz/VlnEns_Pizz_B4_v1_rr2.wav	0fd7442a37efe97c44185386554bd03a9a980b03	f737d67995a452003352e9d85eb1357c99354b7e040a44cb6c4ac5b57a0d1d20	CC0-1.0
sample	public/samples/levain/violin-2/VlnEns_Pizz_B4_v2_rr1.wav	Strings/Violin Section/Pizz/VlnEns_Pizz_B4_v2_rr1.wav	521e295e499f4b578c6f31f5a26968b03beb77d5	ec6f6320f9403a5e0bbb1d0c534abe667a6a2093654343a389b26cf083d513d2	CC0-1.0
sample	public/samples/levain/violin-2/VlnEns_Pizz_B4_v2_rr2.wav	Strings/Violin Section/Pizz/VlnEns_Pizz_B4_v2_rr2.wav	27fcda44d85a84c72ceb69e29260457b6c19bee0	a316a9761252799f7d5aa64987076432e57b2b4ba31a572e390c4f294ff114f2	CC0-1.0
sample	public/samples/levain/violin-2/VlnEns_Pizz_C4_v1_rr1.wav	Strings/Violin Section/Pizz/VlnEns_Pizz_C4_v1_rr1.wav	435b07a8821b1ce9bc2c3347faa2304e0075b4c7	7002bd5b93f26bb773ff77e349fbb3b5aa059404889706ddda9673da7488886c	CC0-1.0
sample	public/samples/levain/violin-2/VlnEns_Pizz_C4_v1_rr2.wav	Strings/Violin Section/Pizz/VlnEns_Pizz_C4_v1_rr2.wav	9c30ba07f8c7f032ffe9b385fa4f6c15a2f9338a	738c073c13a365f5dcc75f07ef5c540eb15c228e493dc406b9467168af894421	CC0-1.0
sample	public/samples/levain/violin-2/VlnEns_Pizz_C4_v2_rr1.wav	Strings/Violin Section/Pizz/VlnEns_Pizz_C4_v2_rr1.wav	2321eac4b4d5b26823a89e56a98e232fc143e121	909eb79fc2c9076909680fa3c2dabdbbd15870f674a883ddab33bbcd0dac965a	CC0-1.0
sample	public/samples/levain/violin-2/VlnEns_Pizz_C4_v2_rr2.wav	Strings/Violin Section/Pizz/VlnEns_Pizz_C4_v2_rr2.wav	f5123c18b79f336e52489f57edf792768598d70d	f7ca78a98e4d7dae1ad0a1e1d7f20d9696aedb22751748a3b28f5c4ec2df7de2	CC0-1.0
sample	public/samples/levain/violin-2/VlnEns_Pizz_D3_v1_rr1.wav	Strings/Violin Section/Pizz/VlnEns_Pizz_D3_v1_rr1.wav	81edb847a315aaab80bcb96b0531554e5dcd7683	fb8819b3626d141393a6bd25daaba728dade39b9f611e6ec449d9018fb3f699c	CC0-1.0
sample	public/samples/levain/violin-2/VlnEns_Pizz_D3_v1_rr2.wav	Strings/Violin Section/Pizz/VlnEns_Pizz_D3_v1_rr2.wav	823cdc568bb895512620b025abd456f33e720e21	82cca3cf7e1d9893cedc42b23c5ee4cfcfce1f9d764936e5f72977857c998e13	CC0-1.0
sample	public/samples/levain/violin-2/VlnEns_Pizz_D3_v2_rr1.wav	Strings/Violin Section/Pizz/VlnEns_Pizz_D3_v2_rr1.wav	72d0589858c7bcd1e8c616c9ae5e384dd53851be	772b8e3bf0f0143cd9aa73dbf64607a41776c0f124c62ef3fecb835f3510ce6a	CC0-1.0
sample	public/samples/levain/violin-2/VlnEns_Pizz_D3_v2_rr2.wav	Strings/Violin Section/Pizz/VlnEns_Pizz_D3_v2_rr2.wav	d4af565c80bcc9b5946eef87efc94040c3e2922d	386de13448544594429d903be5603ff6b302b2582a6734ec0d754c3cbf284efd	CC0-1.0
sample	public/samples/levain/violin-2/VlnEns_Pizz_D5_v1_rr1.wav	Strings/Violin Section/Pizz/VlnEns_Pizz_D5_v1_rr1.wav	c5757bfbc85366ee0fb73137a51f36bedbdb3503	47e1b6e331e8fd51f820f3676ecbd046b194a240334009d891fe183b32613ab7	CC0-1.0
sample	public/samples/levain/violin-2/VlnEns_Pizz_D5_v1_rr2.wav	Strings/Violin Section/Pizz/VlnEns_Pizz_D5_v1_rr2.wav	fd683dfdf89fb6ba82366ebf7758a8164b9bd8fe	e9ac949d9d0e90cd98e00b6ace9e66ea42352920b6de744ae8ae1816cd0e20ee	CC0-1.0
sample	public/samples/levain/violin-2/VlnEns_Pizz_D5_v2_rr1.wav	Strings/Violin Section/Pizz/VlnEns_Pizz_D5_v2_rr1.wav	85833b67611f3bb3e1c082721d62269f305e0afa	50445c5f94fe25272ed98dd03d5af1c34b555f24aa2a7803653aa3b51ed929fc	CC0-1.0
sample	public/samples/levain/violin-2/VlnEns_Pizz_D5_v2_rr2.wav	Strings/Violin Section/Pizz/VlnEns_Pizz_D5_v2_rr2.wav	e39ebc0f6a7a69115a1ebd1e123766ae1addb2d7	cbb872a715f93bba14d7913000015e89aefd477e3c1a7535c8e864e8fa6c0583	CC0-1.0
sample	public/samples/levain/violin-2/VlnEns_Pizz_E4_v1_rr1.wav	Strings/Violin Section/Pizz/VlnEns_Pizz_E4_v1_rr1.wav	c365d0d634fe675af05e97a90f427c8ed2152d26	415fce1c81bcaad3a0eac27d328f0c9c0963f7a639823faba9f430bf6d8d5f81	CC0-1.0
sample	public/samples/levain/violin-2/VlnEns_Pizz_E4_v1_rr2.wav	Strings/Violin Section/Pizz/VlnEns_Pizz_E4_v1_rr2.wav	158eb24a6e312d10ba81a15de1b8c5e71277aa72	93ca0b47eb68569f71ab6c9506f776014d05fc5d88763eec64e7b2704a623231	CC0-1.0
sample	public/samples/levain/violin-2/VlnEns_Pizz_E4_v2_rr1.wav	Strings/Violin Section/Pizz/VlnEns_Pizz_E4_v2_rr1.wav	34adeb666686974d1a7c2eab5ff6109014b96908	1e1dcef99c3961a601ed0c8336fbf4819fd432ab783445fe4f44fc488e598993	CC0-1.0
sample	public/samples/levain/violin-2/VlnEns_Pizz_E4_v2_rr2.wav	Strings/Violin Section/Pizz/VlnEns_Pizz_E4_v2_rr2.wav	466e0a071c8a3e00baabda9db655447b30dab2aa	7d30e264bdb4884d9d6fe1e6a36e87ada920fa9c630576208510e27f3b2cd22b	CC0-1.0
sample	public/samples/levain/violin-2/VlnEns_Pizz_F#3_v1_rr1.wav	Strings/Violin Section/Pizz/VlnEns_Pizz_F#3_v1_rr1.wav	d8da392b5c5b778897eb9bc4e1e3ccb9cef06941	a4b60e0fe3090df0282dfd78eb74ac0a4977d8029ed69dd1d67d736e76d33362	CC0-1.0
sample	public/samples/levain/violin-2/VlnEns_Pizz_F#3_v1_rr2.wav	Strings/Violin Section/Pizz/VlnEns_Pizz_F#3_v1_rr2.wav	b8876db06c7edbbbb828247458e79cb3e659e870	bfbdce2c919c8959ec11b49224736af943253b31427577ff6e073f0a20f90b74	CC0-1.0
sample	public/samples/levain/violin-2/VlnEns_Pizz_F#3_v2_rr1.wav	Strings/Violin Section/Pizz/VlnEns_Pizz_F#3_v2_rr1.wav	db2ec270d423f9c4ef156bb11ad96c9d23a36883	2c6093daad3f6f7a977ac9775660b57227429651d35d489d6f98e617067e8ea6	CC0-1.0
sample	public/samples/levain/violin-2/VlnEns_Pizz_F#3_v2_rr2.wav	Strings/Violin Section/Pizz/VlnEns_Pizz_F#3_v2_rr2.wav	13050c58147c0ade173a32e1167d5c85cef1e082	fef269022693eef0b318c1db1a03658f1063ee4d7e3b3bb25e29add97bad6cdc	CC0-1.0
sample	public/samples/levain/violin-2/VlnEns_Pizz_G2_v1_rr1.wav	Strings/Violin Section/Pizz/VlnEns_Pizz_G2_v1_rr1.wav	4078199c3a83b088af2374801bf02a69a34e2692	7e424e4d35016be590f352eb9961e9175d6ecfceb31c010dd9f38d5905e518f6	CC0-1.0
sample	public/samples/levain/violin-2/VlnEns_Pizz_G2_v1_rr2.wav	Strings/Violin Section/Pizz/VlnEns_Pizz_G2_v1_rr2.wav	ecdd5249b71aaf4147e9ee80f9f3e1221c6c46e1	80df42a5f496d3f41a13345239baa41ab454bf000c95272eb1690e1a2905a3a7	CC0-1.0
sample	public/samples/levain/violin-2/VlnEns_Pizz_G2_v2_rr1.wav	Strings/Violin Section/Pizz/VlnEns_Pizz_G2_v2_rr1.wav	3ec99d0f2abd24e4fc18cf5ce5db320d7974b0ba	8de544d9df9ced1fc296d8c4589d354112339802f722361f8625a604ccfd556b	CC0-1.0
sample	public/samples/levain/violin-2/VlnEns_Pizz_G2_v2_rr2.wav	Strings/Violin Section/Pizz/VlnEns_Pizz_G2_v2_rr2.wav	a8787f3fd98f15b518fd21fb9a0d51e0ac0c397d	85f4cdeff82491f0c6d1b881f5403aa178ac08b538498ba5179fd2c9c7004157	CC0-1.0
sample	public/samples/levain/violin-2/VlnEns_Pizz_G4_v1_rr1.wav	Strings/Violin Section/Pizz/VlnEns_Pizz_G4_v1_rr1.wav	6854ee3feb04c2ad33290768f4704dee8d73edc1	5e3c5dad3385efc081975f7fc76b7574699d836fe01a714afffa2ef1054f8ef8	CC0-1.0
sample	public/samples/levain/violin-2/VlnEns_Pizz_G4_v1_rr2.wav	Strings/Violin Section/Pizz/VlnEns_Pizz_G4_v1_rr2.wav	99ac3b68d02d9fec1d569132977d5954bca20b5c	2071d0fc7be9b89ad20f646e02acfe6c8fb9aa93f105cfd224c496669adf0ebe	CC0-1.0
sample	public/samples/levain/violin-2/VlnEns_Pizz_G4_v2_rr1.wav	Strings/Violin Section/Pizz/VlnEns_Pizz_G4_v2_rr1.wav	9a723d81746d3241c1adcea38fc925fed558c735	46d42acdbfe83337f6c6775e03fa99ac99275fd357bdd2d4fa73702c4c7be542	CC0-1.0
sample	public/samples/levain/violin-2/VlnEns_Pizz_G4_v2_rr2.wav	Strings/Violin Section/Pizz/VlnEns_Pizz_G4_v2_rr2.wav	bb9a2169ec4e0aae4645ca6009f94d16503ba1a0	ac6f949c0f4882274371c49aecc29cf2e91c7e8d741c559dee60107bd25829ab	CC0-1.0
sample	public/samples/levain/violin-2/VlnEns_Spic_A2_v1_rr1.wav	Strings/Violin Section/Spic/VlnEns_Spic_A2_v1_rr1.wav	a794cbe840ac88a90b2b23faee573f71e9ef1d91	6f2e19935c0a9d57df4a28ba99e700aacc01fbfa605855851c142f36a1bf0c8f	CC0-1.0
sample	public/samples/levain/violin-2/VlnEns_Spic_A2_v1_rr2.wav	Strings/Violin Section/Spic/VlnEns_Spic_A2_v1_rr2.wav	ac8c4f4a4b596ff63600781a9356a94505391577	686c2300b47a54df419a0d69ec2e914b3c61f9b5e461ef73f5515bc06b60676d	CC0-1.0
sample	public/samples/levain/violin-2/VlnEns_Spic_A2_v2_rr1.wav	Strings/Violin Section/Spic/VlnEns_Spic_A2_v2_rr1.wav	c1cfa82aa2b930acbacb8b1cbffc3a1158a3a0ad	e90695e2a2a3d6ba9a043c8cfa9317fb6a9e6273f50e1fabdd40f55c4b137eba	CC0-1.0
sample	public/samples/levain/violin-2/VlnEns_Spic_A2_v2_rr2.wav	Strings/Violin Section/Spic/VlnEns_Spic_A2_v2_rr2.wav	b2f9297553bb58fdbc99b8119935d6fa215397d9	72f7fac30e46c9ce76a5386f621b6783b9c998e724f708108e7db693193750e7	CC0-1.0
sample	public/samples/levain/violin-2/VlnEns_Spic_A3_v1_rr1.wav	Strings/Violin Section/Spic/VlnEns_Spic_A3_v1_rr1.wav	073f359ff4708b93240798353c79b98c7ba92833	63ac2de6113b1f12822ea84a30a49c4a326e89027139b8a5e0369542ce6f74ad	CC0-1.0
sample	public/samples/levain/violin-2/VlnEns_Spic_A3_v1_rr2.wav	Strings/Violin Section/Spic/VlnEns_Spic_A3_v1_rr2.wav	4cd283726571e71438974e88361f6b0bc3c05746	bbbd7d67ea45c17958828efe4c3a5059d85e67be80bbdb637031bcce01bc412c	CC0-1.0
sample	public/samples/levain/violin-2/VlnEns_Spic_A3_v2_rr1.wav	Strings/Violin Section/Spic/VlnEns_Spic_A3_v2_rr1.wav	fb4ac5e085c3d9e4a0623247a74004cbd8881f9b	ce5d025e7c2ac71e220a3f6487c5a2ce431a150e808c93276570f19536568a5e	CC0-1.0
sample	public/samples/levain/violin-2/VlnEns_Spic_A3_v2_rr2.wav	Strings/Violin Section/Spic/VlnEns_Spic_A3_v2_rr2.wav	c93c24bab8ebc7573a91f8763a665876f81febe0	f64465f4248514f785abab573a3b1440ee016b525f6550612c0fcb189e67ba47	CC0-1.0
sample	public/samples/levain/violin-2/VlnEns_Spic_B2_v1_rr1.wav	Strings/Violin Section/Spic/VlnEns_Spic_B2_v1_rr1.wav	21f5bd5721f3e9aa124ad55164127ef80d0caddb	1fce12df9044e8d1d297d1da19f4e51c46bdbdf980523063bb338cd06b6ecc1f	CC0-1.0
sample	public/samples/levain/violin-2/VlnEns_Spic_B2_v1_rr2.wav	Strings/Violin Section/Spic/VlnEns_Spic_B2_v1_rr2.wav	367ddae427eb9a12a3a09a432cf6e09ecf941d11	1afaa65435782188b63357bfa355cc79a93d63f7255da427523ac4562d71ed1d	CC0-1.0
sample	public/samples/levain/violin-2/VlnEns_Spic_B2_v2_rr1.wav	Strings/Violin Section/Spic/VlnEns_Spic_B2_v2_rr1.wav	11b255c4b3c717ce345ecf3eb0d98638d75e1b1d	ee4aa779919171e33053b71c02691f026fd0b13c299da86f84c066e52ce3a4ec	CC0-1.0
sample	public/samples/levain/violin-2/VlnEns_Spic_B2_v2_rr2.wav	Strings/Violin Section/Spic/VlnEns_Spic_B2_v2_rr2.wav	a1aab1c6b72d88849f17c5ad5372f090f33ff8b9	a67bd97acd98c3e22c70b1ec2ff9090ab4355ddc76bae87dcdf1a4adf1c2208f	CC0-1.0
sample	public/samples/levain/violin-2/VlnEns_Spic_B4_v1_rr1.wav	Strings/Violin Section/Spic/VlnEns_Spic_B4_v1_rr1.wav	47b96870f42bcba7ce40bf38d330f5a9a04ca580	353576c3522c85181ecb77fb116580553f4b49c0851afc6bb4ae1eb655b743a4	CC0-1.0
sample	public/samples/levain/violin-2/VlnEns_Spic_B4_v1_rr2.wav	Strings/Violin Section/Spic/VlnEns_Spic_B4_v1_rr2.wav	f7d7acb3ee6c33acd24cf0712507a14cc33beecb	18321d0b6be58012b9b3fc50f3a334d37deeb67ad33c853ea58c3567ccf6444d	CC0-1.0
sample	public/samples/levain/violin-2/VlnEns_Spic_B4_v2_rr1.wav	Strings/Violin Section/Spic/VlnEns_Spic_B4_v2_rr1.wav	d91c54ffcecbef31708a0a9439907945f9843a08	d1495f4eaff7b3e4bd8d86b886dc81ccb52b113fb93630e8f68792ed452dc822	CC0-1.0
sample	public/samples/levain/violin-2/VlnEns_Spic_B4_v2_rr2.wav	Strings/Violin Section/Spic/VlnEns_Spic_B4_v2_rr2.wav	3e8898b02d05583d87fdd634266f034ddb583acd	94f256b01d2c37eb429336d32385d8b05072e4e896f387731178d2a33a7a9b78	CC0-1.0
sample	public/samples/levain/violin-2/VlnEns_Spic_C4_v1_rr1.wav	Strings/Violin Section/Spic/VlnEns_Spic_C4_v1_rr1.wav	70a464d3dd61d21e36b209573475345f4e36b46b	b734950875dff1dd7cda7c4721901516560b99f5655c3ffd40b6dc43c16e9c2f	CC0-1.0
sample	public/samples/levain/violin-2/VlnEns_Spic_C4_v1_rr2.wav	Strings/Violin Section/Spic/VlnEns_Spic_C4_v1_rr2.wav	6b6d5f9f694f94f6023e85d295d6fff6837373a7	ba73270a400a25b78ff59b5ad15cd9ba1dc2b010f32ef8913a223518bc327cc0	CC0-1.0
sample	public/samples/levain/violin-2/VlnEns_Spic_C4_v2_rr1.wav	Strings/Violin Section/Spic/VlnEns_Spic_C4_v2_rr1.wav	ae3b8629fbbdb12ca1c6627ecdc5c0228ecb9ed0	a14e9795677e0c418f1e18f7b640bc27b8cb3aef4cfef766e18caf38549ffe56	CC0-1.0
sample	public/samples/levain/violin-2/VlnEns_Spic_C4_v2_rr2.wav	Strings/Violin Section/Spic/VlnEns_Spic_C4_v2_rr2.wav	8ce6ba371c35d70704829e8923a0aab4621b1aa1	a6dbe1a0118aceb93665afb4d8bf1fab249d0842c75801745bf9d3526bddcf73	CC0-1.0
sample	public/samples/levain/violin-2/VlnEns_Spic_D3_v1_rr1.wav	Strings/Violin Section/Spic/VlnEns_Spic_D3_v1_rr1.wav	f23740af6543f553cf2e4483d6177f600bc6730d	d94e088560784d6ecd6a927e8101d7e460e6d79168ab9eb52842c58891fae8da	CC0-1.0
sample	public/samples/levain/violin-2/VlnEns_Spic_D3_v1_rr2.wav	Strings/Violin Section/Spic/VlnEns_Spic_D3_v1_rr2.wav	a487a679c85544f696c2bec7e1915dbfb0503913	bb8a8c6661e060c3fddf5d66880c6789c16139747caaa121133f2a03a27fe605	CC0-1.0
sample	public/samples/levain/violin-2/VlnEns_Spic_D3_v2_rr1.wav	Strings/Violin Section/Spic/VlnEns_Spic_D3_v2_rr1.wav	4894f893f93143180d5234212d0440110dac0b8f	36105c7bc208181a10b41a468aab1e8ca4f31a9eae43834dd90d8d533a48e650	CC0-1.0
sample	public/samples/levain/violin-2/VlnEns_Spic_D3_v2_rr2.wav	Strings/Violin Section/Spic/VlnEns_Spic_D3_v2_rr2.wav	ec4376833eaffafb05c1895ed2f31b0f22552f57	d456becd26000dce6e7b9551f4d2b0ce6160f823d49a21d1580a26ad260d5a71	CC0-1.0
sample	public/samples/levain/violin-2/VlnEns_Spic_D5_v1_rr1.wav	Strings/Violin Section/Spic/VlnEns_Spic_D5_v1_rr1.wav	c54eb32ceef868f25e37af20d9c22c2ee9017443	32775e9472faeb816701b633949ce7870a405b7ef24ff6ec28023eb441f2b9c6	CC0-1.0
sample	public/samples/levain/violin-2/VlnEns_Spic_D5_v1_rr2.wav	Strings/Violin Section/Spic/VlnEns_Spic_D5_v1_rr2.wav	f186358c67a144532926b5c3c44ca559436b14dd	806aa46d43684b33e0e608c439ecf5f6d25617558b17ab8789d40ea7947f5053	CC0-1.0
sample	public/samples/levain/violin-2/VlnEns_Spic_D5_v2_rr1.wav	Strings/Violin Section/Spic/VlnEns_Spic_D5_v2_rr1.wav	8eb20bdd3d40ecfc18e2e9c3e59a299710e86d60	959a93165a9271657b4bc97c75eded62deab37b03128f71f0f1f4c8903e50b84	CC0-1.0
sample	public/samples/levain/violin-2/VlnEns_Spic_D5_v2_rr2.wav	Strings/Violin Section/Spic/VlnEns_Spic_D5_v2_rr2.wav	828f82b17a84757411474bcd781897b2d42353a9	703d7eda8a0e6502a95eee3a1f3bbdcdea28a74211762a0a409525482b44009d	CC0-1.0
sample	public/samples/levain/violin-2/VlnEns_Spic_E4_v1_rr1.wav	Strings/Violin Section/Spic/VlnEns_Spic_E4_v1_rr1.wav	2449f9d5cd6337530ae52c06b92c0f99b5f81a7d	67314bb58fcf351654874664f253257c66d5d4e0ef5a3f36d7249c472faf85d3	CC0-1.0
sample	public/samples/levain/violin-2/VlnEns_Spic_E4_v1_rr2.wav	Strings/Violin Section/Spic/VlnEns_Spic_E4_v1_rr2.wav	31306b62cd518bbe0d4e793c2c9eb598c06e9e73	28ddf685682bda79004708c2edf7d60df4a9830b2962e2356b6f6e2efec53b38	CC0-1.0
sample	public/samples/levain/violin-2/VlnEns_Spic_E4_v2_rr1.wav	Strings/Violin Section/Spic/VlnEns_Spic_E4_v2_rr1.wav	f95512f43f61703daa2c436071627ef6b7bb6a9d	db063e7e21abb2d3271d0e96068601fbb48a91f2f0bfde8dea773ce1a6bacfb0	CC0-1.0
sample	public/samples/levain/violin-2/VlnEns_Spic_E4_v2_rr2.wav	Strings/Violin Section/Spic/VlnEns_Spic_E4_v2_rr2.wav	c9b02904df2283cf50b765e9b16c6ccfb4c78042	4acf30d89e77aedaa2c69d0ae8a475abe98539134c8b72985f860658daa8630d	CC0-1.0
sample	public/samples/levain/violin-2/VlnEns_Spic_F#3_v1_rr1.wav	Strings/Violin Section/Spic/VlnEns_Spic_F#3_v1_rr1.wav	a1440411347da6c7ea3e2ea5e23d4ed5c65b5b98	ea4dca06c96de2c0f5fd88c4dcd75ecc505898b648b2847810bf1a0817333de8	CC0-1.0
sample	public/samples/levain/violin-2/VlnEns_Spic_F#3_v1_rr2.wav	Strings/Violin Section/Spic/VlnEns_Spic_F#3_v1_rr2.wav	48ae2a53909309538a65e40184f4d0885b3dbe53	ce6cb6f8fe7be4d70e602e38f5cf3dd85390ef7d0e9522d76ed5c62ae5176c31	CC0-1.0
sample	public/samples/levain/violin-2/VlnEns_Spic_F#3_v2_rr1.wav	Strings/Violin Section/Spic/VlnEns_Spic_F#3_v2_rr1.wav	f08c57a675190d1f562d4055b8fda58064f69cdc	b24b5f833660b73c9ea8beade5faa73989a7016916cf5f1bece93bdb4938b221	CC0-1.0
sample	public/samples/levain/violin-2/VlnEns_Spic_F#3_v2_rr2.wav	Strings/Violin Section/Spic/VlnEns_Spic_F#3_v2_rr2.wav	2e51e90cf6031974c73c1045a7c97f1e6587140b	c310364866ff7e0c15a442bf23ba2d4b2bc874682d35a44817d1b00d19e215a7	CC0-1.0
sample	public/samples/levain/violin-2/VlnEns_Spic_G2_v1_rr1.wav	Strings/Violin Section/Spic/VlnEns_Spic_G2_v1_rr1.wav	df1b9212691c50ed94ad3b04c6c06d4c3d72bbd9	3b0784e5d90da698df7b02cfb312b87ff0090ed503f85c125dc7017683c0a447	CC0-1.0
sample	public/samples/levain/violin-2/VlnEns_Spic_G2_v1_rr2.wav	Strings/Violin Section/Spic/VlnEns_Spic_G2_v1_rr2.wav	3f58d27e4b2f99a20170a580412eb0199c08aea9	79b19927e7189fa0a51bca73d4f7f02d50da99861a28b70c05a6d91343736f97	CC0-1.0
sample	public/samples/levain/violin-2/VlnEns_Spic_G2_v2_rr1.wav	Strings/Violin Section/Spic/VlnEns_Spic_G2_v2_rr1.wav	617e0e35885885eced13fb75f1d25603e52852ea	a6bee065f0a171d3fabc42b218e941f66916a6de53a55809da724eeefeae2653	CC0-1.0
sample	public/samples/levain/violin-2/VlnEns_Spic_G2_v2_rr2.wav	Strings/Violin Section/Spic/VlnEns_Spic_G2_v2_rr2.wav	8f35c6ad7e74d6f48fb8d2fab89490f080b7b8c9	287b66d9a215ce5ea1787a8b691f61d58a482eef0320eea9cf792a6f1ff8f7e8	CC0-1.0
sample	public/samples/levain/violin-2/VlnEns_Spic_G4_v1_rr1.wav	Strings/Violin Section/Spic/VlnEns_Spic_G4_v1_rr1.wav	6756b5aed1346ee2a4e775906977ef684e8a3627	ae748a8421f32e0e490fbf298b6bc32ec5534c2210ba2d6d9f65fd77726e1107	CC0-1.0
sample	public/samples/levain/violin-2/VlnEns_Spic_G4_v1_rr2.wav	Strings/Violin Section/Spic/VlnEns_Spic_G4_v1_rr2.wav	3bcc89bc715de8f6f17feccfb98cc5bb024e142e	17fed4ff1985b556e9153fe0b00c6e8650b84f7249ff720d58dc1aa770212dde	CC0-1.0
sample	public/samples/levain/violin-2/VlnEns_Spic_G4_v2_rr1.wav	Strings/Violin Section/Spic/VlnEns_Spic_G4_v2_rr1.wav	59f932de2ed91cb8148b600a2a1a4fd0e0914421	3345451be62b9bdfbbf6bb03f22f410484abb75585992336d530215fc4df7141	CC0-1.0
sample	public/samples/levain/violin-2/VlnEns_Spic_G4_v2_rr2.wav	Strings/Violin Section/Spic/VlnEns_Spic_G4_v2_rr2.wav	56f44b7808cbb5570dbdc90487f1dc1a5b398326	f41d60066c6d0fa7d21308e97f237a34d6ac2765e477cc330ffb7e8821e4cc3c	CC0-1.0
sample	public/samples/levain/violin-2/VlnEns_Trem_A2_v1.wav	Strings/Violin Section/Trem/VlnEns_Trem_A2_v1.wav	b28d43995483f64a32dfaddbdd8769f8fd35ad89	c007f31f00120c20ffb2b76689d39855341710b264024e02687aa440b5b16bc4	CC0-1.0
sample	public/samples/levain/violin-2/VlnEns_Trem_A2_v2.wav	Strings/Violin Section/Trem/VlnEns_Trem_A2_v2.wav	2a6c4a738e82fe0c29715a1ad23c4605b0bd13f6	846f4bec0a473e590b87d2e9cc046a2aa441e66a2aa085fa2b95623c7e64f41d	CC0-1.0
sample	public/samples/levain/violin-2/VlnEns_Trem_A3_v1.wav	Strings/Violin Section/Trem/VlnEns_Trem_A3_v1.wav	6ca230c6b393661456b0bd423171698ed0e6961e	5c9d8ec551a3b871de7825a98422dbf085e558edf315c1679f9cc7c392fb3265	CC0-1.0
sample	public/samples/levain/violin-2/VlnEns_Trem_A3_v2.wav	Strings/Violin Section/Trem/VlnEns_Trem_A3_v2.wav	66d1023bfd02f10777084846c854141139e7db6d	700fa95668f04d64657fafe69303310f9066661bb35d48db75c35922e6783c6e	CC0-1.0
sample	public/samples/levain/violin-2/VlnEns_Trem_B2_v1.wav	Strings/Violin Section/Trem/VlnEns_Trem_B2_v1.wav	79681a92f03713cd267d3960e9523b42fb3525bd	9d3520156d7763af167739b4c086969891f6468503532139a6422f68af618e20	CC0-1.0
sample	public/samples/levain/violin-2/VlnEns_Trem_B2_v2.wav	Strings/Violin Section/Trem/VlnEns_Trem_B2_v2.wav	636136978b92eb10217260588dfd7e70f1c7334c	b3c06c8d2e40fdce1843453b18f42d37d0ad376b1d60c649bc89fe313f9cf452	CC0-1.0
sample	public/samples/levain/violin-2/VlnEns_Trem_B4_v1.wav	Strings/Violin Section/Trem/VlnEns_Trem_B4_v1.wav	e65a4bd927527566921ab8bf848dd2d93823c8e3	24c3f2efd0951cdae7c3844a2ecbfbd542636220b0ab17aadd1ad01122310d26	CC0-1.0
sample	public/samples/levain/violin-2/VlnEns_Trem_B4_v2.wav	Strings/Violin Section/Trem/VlnEns_Trem_B4_v2.wav	2ef3f2574e116829c9a76ddfb8969a63971052f0	0be5eecaf793395eba23acb8926a2e3568d6d2cac2f2cc8f7ae59a3833c46b74	CC0-1.0
sample	public/samples/levain/violin-2/VlnEns_Trem_C4_v1.wav	Strings/Violin Section/Trem/VlnEns_Trem_C4_v1.wav	09557ef0aacba149134d4d2a002810521040645d	5131207ccce04e0e0869efdac89bf2caa33a19aa75c40f51e4a91a67849afaa5	CC0-1.0
sample	public/samples/levain/violin-2/VlnEns_Trem_C4_v2.wav	Strings/Violin Section/Trem/VlnEns_Trem_C4_v2.wav	1e3ff9d3bfbada89c199fed5ec2ce59f00161d9c	fb63b02651cf1f08c103f192e6c4783a6c469c4ed953d069949e9b0fe92bd9f0	CC0-1.0
sample	public/samples/levain/violin-2/VlnEns_Trem_D3_v1.wav	Strings/Violin Section/Trem/VlnEns_Trem_D3_v1.wav	2e8354f7829d070b6a974c36c56bcc3544678ee4	85d95f10f7a4f7a5bf37b876c3747df3c51e5d20ec92465dc9a7c6ee688c791e	CC0-1.0
sample	public/samples/levain/violin-2/VlnEns_Trem_D3_v2.wav	Strings/Violin Section/Trem/VlnEns_Trem_D3_v2.wav	49809c75b1bc8a2aaf2ff41a258676a43de1ee20	bf2f899ebb276989a6a7903e616b89f6aec4d49bf1ef7f9e2dc40411ee22c0cf	CC0-1.0
sample	public/samples/levain/violin-2/VlnEns_Trem_D5_v1.wav	Strings/Violin Section/Trem/VlnEns_Trem_D5_v1.wav	3f0242daabc16c55a28ff270861583a2b7318fc0	76e614bfc224b8b53d2d31e35e5657d242059a5f69378efcc0b476a9e0d77657	CC0-1.0
sample	public/samples/levain/violin-2/VlnEns_Trem_D5_v2.wav	Strings/Violin Section/Trem/VlnEns_Trem_D5_v2.wav	2cc6241c28707d5b7628347f0d49bd5d2311acec	e1d0fb1f01a2c9c7d4a6b19bf3988534b1a0c0c321d6066af143f50d54f3fd82	CC0-1.0
sample	public/samples/levain/violin-2/VlnEns_Trem_E4_v1.wav	Strings/Violin Section/Trem/VlnEns_Trem_E4_v1.wav	79a43accef11a57dde4a39b6b7aef0d291834661	9cccda56045581dce0f325cb62379d088b210eebe6ae252f72634caada264062	CC0-1.0
sample	public/samples/levain/violin-2/VlnEns_Trem_E4_v2.wav	Strings/Violin Section/Trem/VlnEns_Trem_E4_v2.wav	d5c2c00f2317e4bab5b30052f0e0090371ffae93	4b0e7479cd0029c93046e90abd687ff8073ecab5d4af91430ac67fab5ef7056a	CC0-1.0
sample	public/samples/levain/violin-2/VlnEns_Trem_F#3_v1.wav	Strings/Violin Section/Trem/VlnEns_Trem_F#3_v1.wav	1384eeefa5ddd8423f47f492cdef76d3b0197e48	d6e58dc498d520ca1a8e2a487c83722bf80c59f11e3d919daf01485ba7cbe644	CC0-1.0
sample	public/samples/levain/violin-2/VlnEns_Trem_G2_v1.wav	Strings/Violin Section/Trem/VlnEns_Trem_G2_v1.wav	45da6cab10e5cc2581319f99f64f18cfbe6f35ed	6503a4a0a8115d75a30457587b0eb150dc43660f314c6bdc1e4efee1efdee1bf	CC0-1.0
sample	public/samples/levain/violin-2/VlnEns_Trem_G2_v2.wav	Strings/Violin Section/Trem/VlnEns_Trem_G2_v2.wav	c33077784fb76dc501a7957af7f0d5e387de368c	12ad1792a6a60015e8b223e527bed575607b3b6370934d6fc35912d8396f6c3f	CC0-1.0
sample	public/samples/levain/violin-2/VlnEns_Trem_G4_v1.wav	Strings/Violin Section/Trem/VlnEns_Trem_G4_v1.wav	7383ee7406104a63393ea279a73305b60b2e88fa	a3196a9c61fcb5d1460641d7410a977cafb679a6b07b600b0d5779f05683d216	CC0-1.0
sample	public/samples/levain/violin-2/VlnEns_Trem_G4_v2.wav	Strings/Violin Section/Trem/VlnEns_Trem_G4_v2.wav	773928f8f54d93b099250e1c70901928b8681f83	e20f6d61f4d4db7637d25f7aebab6873eb5083b9c5f4d1e10b946552110fb05d	CC0-1.0
sample	public/samples/levain/violin-2/VlnEns_susVib_A2_v1.wav	Strings/Violin Section/susVib/VlnEns_susVib_A2_v1.wav	b86c2e7000da2a80466196acca2ddbdf6cf83fe8	5b3ff9f991642a6dc2fdad56a7d94f581077d2c4082cc1ed89156737716ff22c	CC0-1.0
sample	public/samples/levain/violin-2/VlnEns_susVib_A2_v2.wav	Strings/Violin Section/susVib/VlnEns_susVib_A2_v2.wav	5960b46c4678a146834594031d0bba1048855102	db6bad06c78577a105f6c2a5dc5c7ac0643c36e6904742411f0506dd9d6fa84b	CC0-1.0
sample	public/samples/levain/violin-2/VlnEns_susVib_A3_v1.wav	Strings/Violin Section/susVib/VlnEns_susVib_A3_v1.wav	ec84b89a4b93ecdc7e23d0c023b897b6f151bca7	72817a53dfd2eb61eca94658c14e1cab6017629ca2f27bab8e394c6675bfaad7	CC0-1.0
sample	public/samples/levain/violin-2/VlnEns_susVib_A3_v2.wav	Strings/Violin Section/susVib/VlnEns_susVib_A3_v2.wav	401653718e521b65712da594a53d22184f4a207a	3fc4a9e22037643fce11e755da72c61c664893f83e637c24a7b5c2d3824ab986	CC0-1.0
sample	public/samples/levain/violin-2/VlnEns_susVib_B2_v1.wav	Strings/Violin Section/susVib/VlnEns_susVib_B2_v1.wav	c2bdf89eed02c0e7fbb11b52799ac62276787ff8	1a873970a86da78ed8c9aa068303958496c34eee6fa94fcab39d499dbdfb7826	CC0-1.0
sample	public/samples/levain/violin-2/VlnEns_susVib_B2_v2.wav	Strings/Violin Section/susVib/VlnEns_susVib_B2_v2.wav	4f54ea9180f4c11ec3d0e92f556003be59cb0f0c	a822fd195e60881afac5e0801d8d494b782a8f6787a08f3c711f5e00290b3fb6	CC0-1.0
sample	public/samples/levain/violin-2/VlnEns_susVib_B4_v1.wav	Strings/Violin Section/susVib/VlnEns_susVib_B4_v1.wav	8e22cb66ba5bccb4df68decf98139b3008733e8a	ec4cea41ac77f251bf5f4158fe9cbeeae13755e3785106e505808de18fdddc0d	CC0-1.0
sample	public/samples/levain/violin-2/VlnEns_susVib_B4_v2.wav	Strings/Violin Section/susVib/VlnEns_susVib_B4_v2.wav	598c11bd6fb25e33c599836428e03336ad5a5031	bdb85532f47e4ebd681f9617a415116e7e5aeb786dce2eeab5ab9b93c1b31644	CC0-1.0
sample	public/samples/levain/violin-2/VlnEns_susVib_C4_v1.wav	Strings/Violin Section/susVib/VlnEns_susVib_C4_v1.wav	6d81fcafba04ca992a8b85665a56e60337929ce0	c07edd5b2119fa1da2207aba996961b50dd616f69bbcf2300ab271bc6c16239f	CC0-1.0
sample	public/samples/levain/violin-2/VlnEns_susVib_C4_v2.wav	Strings/Violin Section/susVib/VlnEns_susVib_C4_v2.wav	1c8e05059b270f870342a03e19b93882d6dd1e1b	5857387b40c412f756ef281c1171247664432a4e5078c98142d595d15cd92ef9	CC0-1.0
sample	public/samples/levain/violin-2/VlnEns_susVib_D3_v1.wav	Strings/Violin Section/susVib/VlnEns_susVib_D3_v1.wav	e47f9a53d487475fb049039ca7846e11c1ff830a	583e660bc5daa4e094aef5fc014fbb92751040be8741ed7a16847306a1fe0a99	CC0-1.0
sample	public/samples/levain/violin-2/VlnEns_susVib_D3_v2.wav	Strings/Violin Section/susVib/VlnEns_susVib_D3_v2.wav	31143ae1a31ddd57baa38b3e79a4415b108a0007	77893dbf1ea1be8c40ad756d16b916298e6b1b0742495e9853e020375592357c	CC0-1.0
sample	public/samples/levain/violin-2/VlnEns_susVib_D5_v1.wav	Strings/Violin Section/susVib/VlnEns_susVib_D5_v1.wav	fa455a7f8fe8c5c00b36c8e131bbc340204ae1c8	f8d870457826c94270b9c3ead8e8ec02cb7e6c4a3481cded055641b7fab7df62	CC0-1.0
sample	public/samples/levain/violin-2/VlnEns_susVib_D5_v2.wav	Strings/Violin Section/susVib/VlnEns_susVib_D5_v2.wav	804a72a49c07eed754e377b354f8e54a4805476d	0c2ca9de723bed0a0968e32126b934f778cd678b367a29e7fde91004daf84daf	CC0-1.0
sample	public/samples/levain/violin-2/VlnEns_susVib_E4_v1.wav	Strings/Violin Section/susVib/VlnEns_susVib_E4_v1.wav	838b43d3c9e763898817869d411ab26463b7464f	787fb4bcfb47d5c88ee1573c8db15f32d345386301be4a8eea6a825847413ae2	CC0-1.0
sample	public/samples/levain/violin-2/VlnEns_susVib_E4_v2.wav	Strings/Violin Section/susVib/VlnEns_susVib_E4_v2.wav	2c33cc296b9b3654fd08fc9e9887042eabee738d	030c09a631ebbc7304fc0b47bb5c346cd646e7451d9fdc531870f2534c60d9e9	CC0-1.0
sample	public/samples/levain/violin-2/VlnEns_susVib_F#3_v1.wav	Strings/Violin Section/susVib/VlnEns_susVib_F#3_v1.wav	996ca7e6b1d9541d2f2fd7f53ba88294693893e7	8dc13d197373f0d1fe1b0744de57796800bde372906d3667398c55d473a383ea	CC0-1.0
sample	public/samples/levain/violin-2/VlnEns_susVib_F#3_v2.wav	Strings/Violin Section/susVib/VlnEns_susVib_F#3_v2.wav	33a19df9d89a5dbb174b9f72e6ae79a07327b2b6	d7bc6b4c259b9543de4fe66228ee107205b8f539c8d7c1de71f5781d45a14fc7	CC0-1.0
sample	public/samples/levain/violin-2/VlnEns_susVib_G2_v1.wav	Strings/Violin Section/susVib/VlnEns_susVib_G2_v1.wav	e2de84e8b912dbfb8df3efe7b8ee241e2bcfa027	feb96c5064fbef43087c495d61a9cab9f70ff1be5b22905147c1f86d5f89547c	CC0-1.0
sample	public/samples/levain/violin-2/VlnEns_susVib_G2_v2.wav	Strings/Violin Section/susVib/VlnEns_susVib_G2_v2.wav	b7693eb5c9d104fc01e130ee2552dac546ee85f7	c0b06a23f0245c042f0609dc0db704adc14bfc9ea8a34cb5c97d80096715a0e6	CC0-1.0
sample	public/samples/levain/violin-2/VlnEns_susVib_G4_v1.wav	Strings/Violin Section/susVib/VlnEns_susVib_G4_v1.wav	81d3994ebbf467cbbc88bb2d2ad0dd94d96e7e04	ed2a89cf254432d2af073699fa43ebfa16cfbc5552c7fc964a184fc434eaaa39	CC0-1.0
sample	public/samples/levain/violin-2/VlnEns_susVib_G4_v2.wav	Strings/Violin Section/susVib/VlnEns_susVib_G4_v2.wav	c36674326c6d0b6ae8bf5d20b52b6ddd005719bb	a1d6d5a0397541692e2f88a0cd9820eabe90407784ee631aa3bfa74772637a65	CC0-1.0
sample	public/samples/levain/violin-sustain/violin_sustain_C4_f.wav	Strings/Solo Violin/Arco Vib/LLVln_ArcoVib_C4_f.wav	8a700075b7ae2f19c1c56108738324dfba6959e8	4169605b51a72454f11bc2c34efc66c1d9993fd2b7d5f097a025ef9d3a2dbdfa	CC0-1.0
sample	public/samples/levain/violin-sustain/violin_sustain_C5_f.wav	Strings/Solo Violin/Arco Vib/LLVln_ArcoVib_C5_f.wav	93e9a2cf8106acc5e49ba18dab112c947473917f	af72f852ef2892233699851dacf5f8d97d446822d8eb4ce9e0ec27d5a721b118	CC0-1.0
sample	public/samples/levain/violin-sustain/violin_sustain_E4_f.wav	Strings/Solo Violin/Arco Vib/LLVln_ArcoVib_E4_f.wav	6b1bcdf57513dd089a2172adc0ddbac4a335b3a0	418512905f3294a23cf999f0587bf8e04d60192fe317ea8c80c150a85670eda2	CC0-1.0
sample	public/samples/levain/violin-sustain/violin_sustain_E5_f.wav	Strings/Solo Violin/Arco Vib/LLVln_ArcoVib_E5_f.wav	269658d510e82345227ac10d22f928cfae428c99	5c278e263fd59650190fc58294945cd291906eb1abd8293f728a96a878d1d478	CC0-1.0
sample	public/samples/levain/violin-sustain/violin_sustain_G3_f.wav	Strings/Solo Violin/Arco Vib/LLVln_ArcoVib_G3_f.wav	a09b038528097878ad6b12d30da4ac1a227d5a98	80bae3776b0ccd3d4774f47429e829c7764f5fe6061ff844a8affc6ac68b7899	CC0-1.0
sample	public/samples/levain/violin-sustain/violin_sustain_G4_f.wav	Strings/Solo Violin/Arco Vib/LLVln_ArcoVib_G4_f.wav	f9c1a5547a7e062eb34ee6bef09e559d3839f46e	14e3ea3d5172722d4d2686bae5da3d603800a7a474fa295d98275a9410913822	CC0-1.0
generated	public/samples/levain/bassoon/manifest.json	git:b2a407e96fae9e1f1668ac322a8d442023310585	-	6bd0a4abace62422c2172a09d3f07833b6908bbb95bcb080441a69b0c1b908fd	Apache-2.0
generated	public/samples/levain/cello/manifest.json	git:b2a407e96fae9e1f1668ac322a8d442023310585	-	22adcfaf596ac585aad049e2570ee85bad2f8fb31cb630c830c8d6d65ea83d66	Apache-2.0
generated	public/samples/levain/clarinet/manifest.json	git:b2a407e96fae9e1f1668ac322a8d442023310585	-	93ed30dabe26f92e6873a864f8cb9b9880fd273f77e4a4cb0291d3cda6a8d377	Apache-2.0
generated	public/samples/levain/double-bass/manifest.json	git:b2a407e96fae9e1f1668ac322a8d442023310585	-	37f3a98a6cdb6afac25d8237cb35707b5ba197734108b2c22321f2ce193562f5	Apache-2.0
generated	public/samples/levain/flute/manifest.json	git:b2a407e96fae9e1f1668ac322a8d442023310585	-	619ed67cbe1ee05b3406b5964eb22e6aeb4a91963a5d8724b9cb9e7765803346	Apache-2.0
generated	public/samples/levain/glockenspiel/manifest.json	git:b2a407e96fae9e1f1668ac322a8d442023310585	-	6acc6fec79f041775564914000457825070c306a32f0651902b40362c5776d77	Apache-2.0
generated	public/samples/levain/horn/manifest.json	git:b2a407e96fae9e1f1668ac322a8d442023310585	-	8cd25f08f8dcf500d05ecb1739dbac5c494d7f103bcc8a984fdf908f06a9397a	Apache-2.0
generated	public/samples/levain/marimba/manifest.json	git:b2a407e96fae9e1f1668ac322a8d442023310585	-	3c4bdf366fe272be1f9bec8be29981d078f47842b8de38b89b00b344ab5255f2	Apache-2.0
generated	public/samples/levain/oboe/manifest.json	git:b2a407e96fae9e1f1668ac322a8d442023310585	-	ea6f64bc6b5f4c30e67250daaea0f7c07aa0c079e1730e797c31ab9b1b1c5869	Apache-2.0
generated	public/samples/levain/piccolo/manifest.json	git:b2a407e96fae9e1f1668ac322a8d442023310585	-	dc9d05f27f14dc7b600da1a04a3bfe4b3f4703b02d960e851bc260f3409372af	Apache-2.0
generated	public/samples/levain/timpani/manifest.json	git:b2a407e96fae9e1f1668ac322a8d442023310585	-	04d5bddbf41147a3adc9e095801c7e47fd38b553ef37f594d2989dd514146cad	Apache-2.0
generated	public/samples/levain/trombone/manifest.json	git:b2a407e96fae9e1f1668ac322a8d442023310585	-	09a3ec06a7760052449470bd3d604370943bb250f085c84226c6730cac931b28	Apache-2.0
generated	public/samples/levain/trumpet/manifest.json	git:b2a407e96fae9e1f1668ac322a8d442023310585	-	21abc6a2ac6f460fffffbd608f43b55fbe0f0497631b0250fbc73cb2c8f86868	Apache-2.0
generated	public/samples/levain/tuba/manifest.json	git:b2a407e96fae9e1f1668ac322a8d442023310585	-	25d5a99b347ff2d631d2a516e1552082a0830987a0e489c024faef858156d517	Apache-2.0
generated	public/samples/levain/viola/manifest.json	git:b2a407e96fae9e1f1668ac322a8d442023310585	-	921dc19b69bd927ea489eb905ecd8f8e403b6b2fb1573c19c31b990dbeef85a9	Apache-2.0
generated	public/samples/levain/violin-1/manifest.json	git:b2a407e96fae9e1f1668ac322a8d442023310585	-	d979d18e3bb6c31b92290b4fe8bb17e367afccf72f144dfc528b19dbd204e32f	Apache-2.0
generated	public/samples/levain/violin-2/manifest.json	git:b2a407e96fae9e1f1668ac322a8d442023310585	-	d660cb8ff0b2200bbaa515339f04191a1c0fab38c3f6102a5a72f1f539266430	Apache-2.0
generated	public/samples/levain/violin-sustain/manifest.json	git:b2a407e96fae9e1f1668ac322a8d442023310585	-	b162fae1f540e0866ec1393e78f427a8807f88d4b979102784d8b49d8af712b6	Apache-2.0
