#	revision	440300901dfe9275fd84e0b7763af1f8443ae62e
#	tree	0ecebcfca0c7e0fe501f71964027f8f59fa0e432
mode	type	sha	path
040000	tree	01e184a08c393193f7894acc06ce93245f9da437	Brass
040000	tree	7cffee642f36a8df0d163fd286f69e3532ed3310	Brass/F Horn
040000	tree	39cba6caece56a11765c9cdd3b0eb9dced27d64e	Brass/F Horn/mute
100644	blob	15bf6eaf150f8c82cceb900bf6d5c0620739f55c	Brass/F Horn/mute/MOHorn_mute_A#1_v1_1.wav
100644	blob	9bed2009ef1ad61bb047ffff007e9674e5bb5c2b	Brass/F Horn/mute/MOHorn_mute_A#1_v2_1.wav
100644	blob	9f16addd8f3895c1253c8032f8f2e21f70370b23	Brass/F Horn/mute/MOHorn_mute_A#3_v1_1.wav
100644	blob	b9902d63efe083c06a8ad85ca7b95eba9ddca138	Brass/F Horn/mute/MOHorn_mute_A#3_v2_1.wav
100644	blob	9d1099482cc16eeb718861c5c16a1af4ac549164	Brass/F Horn/mute/MOHorn_mute_C3_v1_1.wav
100644	blob	b1f101c95251d1ee49d406b42f1fcbbf135be5e9	Brass/F Horn/mute/MOHorn_mute_C3_v2_1.wav
100644	blob	984a9d3b61715344d1118d2a9866f548c7aaad14	Brass/F Horn/mute/MOHorn_mute_C3_v3_1.wav
100644	blob	adc23b39fcaa0e3c14ce0a72dc0aac0d698bf717	Brass/F Horn/mute/MOHorn_mute_D#2_v1_1.wav
100644	blob	180bcb12dd3a0a91ba48f4debedac07ffa8337c4	Brass/F Horn/mute/MOHorn_mute_D#2_v2_1.wav
100644	blob	00e567776c4d4c10ca14283c6df3e9296db1a284	Brass/F Horn/mute/MOHorn_mute_D#3_v1_1.wav
100644	blob	a4bd7adecfe74e1661970832258d5c5b057c9d26	Brass/F Horn/mute/MOHorn_mute_D#3_v2_1.wav
100644	blob	30214f0dc1d1e8577b05fd6161de79cd448657b2	Brass/F Horn/mute/MOHorn_mute_D4_v1_1.wav
100644	blob	a99603eb8d6dd98dc46621d860268522c733a5af	Brass/F Horn/mute/MOHorn_mute_F2_v1_1.wav
100644	blob	98069bd0f4e11c92fcf60111a5241bec80ea15a5	Brass/F Horn/mute/MOHorn_mute_F2_v2_1.wav
100644	blob	e0266dd22c5d6bc387ac2c736f4747cb341e1a01	Brass/F Horn/mute/MOHorn_mute_F4_v1_1.wav
100644	blob	2402993d5b6164b06f6b7867efc44664bd270d5c	Brass/F Horn/mute/MOHorn_mute_G#3_v1_1.wav
100644	blob	db7e653fe45dff1de4c95a6e6775254d616a61ee	Brass/F Horn/mute/MOHorn_mute_G#3_v2_1.wav
040000	tree	fd9da70e84dfac085d677f4e4bdcb8f11762ddec	Brass/F Horn/stac
100644	blob	0ad23ac3fb888d58998c243366d8bc6a6a6ab945	Brass/F Horn/stac/MOHorn_stac_A#1_v1_rr1.wav
100644	blob	4695bb104ac11fe68c4a104860496977394eb64a	Brass/F Horn/stac/MOHorn_stac_A#1_v2_rr1.wav
100644	blob	5505a18af7635f4e77f5f884dc39f90177cb9b6a	Brass/F Horn/stac/MOHorn_stac_A#1_v2_rr2.wav
100644	blob	4eecb34737af98b755d811073800cdc2d3f5e614	Brass/F Horn/stac/MOHorn_stac_A#1_v3_rr1.wav
100644	blob	a870bfb0261f586982d44676c47126bfb98b883d	Brass/F Horn/stac/MOHorn_stac_A#1_v3_rr2.wav
100644	blob	21cdbc65e41581f2f056d7843a9051046454c2b9	Brass/F Horn/stac/MOHorn_stac_A0_v1_rr1.wav
100644	blob	aae88ff21fcb891fed3ffce10c327042b3ebe09d	Brass/F Horn/stac/MOHorn_stac_A0_v1_rr2.wav
100644	blob	0d38b7c363d9e738c102ea45b6fe17467331578e	Brass/F Horn/stac/MOHorn_stac_A2_v1_rr1.wav
100644	blob	13138976e958f01bf919bcd31208116775beeda0	Brass/F Horn/stac/MOHorn_stac_A2_v1_rr2.wav
100644	blob	6a8e9210be8110d882d8802b6220a5fabc700f14	Brass/F Horn/stac/MOHorn_stac_A2_v2_rr1.wav
100644	blob	b23c4741a106b8d7316516b2db6c4c976e44374b	Brass/F Horn/stac/MOHorn_stac_A2_v2_rr2.wav
100644	blob	81272129a1b36a49bf14cb044944cba081923699	Brass/F Horn/stac/MOHorn_stac_A2_v3_rr1.wav
100644	blob	8dc8428dc7a7e3da2ab0dfbd0579140275561504	Brass/F Horn/stac/MOHorn_stac_A2_v3_rr2.wav
100644	blob	8be34036567895ad596631913b481a044afe5228	Brass/F Horn/stac/MOHorn_stac_C1_v1_rr1.wav
100644	blob	74754adfb070dc97b81237cf2df725cca8eee845	Brass/F Horn/stac/MOHorn_stac_C1_v1_rr2.wav
100644	blob	67abd61db24af51a4d9e662f1377098b7be16d20	Brass/F Horn/stac/MOHorn_stac_C1_v2_rr1.wav
100644	blob	ea9f7e517d0adcb0160c3a7fe1dd1a999ea23e6d	Brass/F Horn/stac/MOHorn_stac_C1_v2_rr2.wav
100644	blob	e9852c8758d48a52867de600c0e7575bb09c5d50	Brass/F Horn/stac/MOHorn_stac_C3_v1_rr1.wav
100644	blob	d8423035c775845a17bb2d191c7c52e39ec53458	Brass/F Horn/stac/MOHorn_stac_C3_v1_rr2.wav
100644	blob	674eb871334956e97c2fbbe0954bb412f9fac62b	Brass/F Horn/stac/MOHorn_stac_C3_v2_rr1.wav
100644	blob	e4915198b7c7fa377c7a53b730ca16ef9d6a07ea	Brass/F Horn/stac/MOHorn_stac_C3_v2_rr2.wav
100644	blob	e7974939bf27e3b7c6bc7b79340f1a251d8ad869	Brass/F Horn/stac/MOHorn_stac_C3_v3_rr1.wav
100644	blob	f7c9a73161cf5096507c550f87f04afd491bee98	Brass/F Horn/stac/MOHorn_stac_C3_v3_rr2.wav
100644	blob	fabbe689f05387f0862de2f2db1c3d9f7929e2dc	Brass/F Horn/stac/MOHorn_stac_D#1_v1_rr1.wav
100644	blob	70e9bc1c6aea8894e48564823f248f25f2053bf2	Brass/F Horn/stac/MOHorn_stac_D#1_v1_rr2.wav
100644	blob	80f44b6df8dbf2eb92e9ee88f3f1173a3f3dafd6	Brass/F Horn/stac/MOHorn_stac_D#1_v2_rr1.wav
100644	blob	69d02d36f92ed2ffb2938561c1066f57041ee41f	Brass/F Horn/stac/MOHorn_stac_D#1_v2_rr2.wav
100644	blob	05a4dc149ca7f958a98caed1343f2bce2dbcefa9	Brass/F Horn/stac/MOHorn_stac_D2_v1_rr1.wav
100644	blob	eaed62522cec5b188bee039b4fa2b18c7b636297	Brass/F Horn/stac/MOHorn_stac_D2_v1_rr2.wav
100644	blob	d6a5165f419819413bf907b65c2bec795ba864db	Brass/F Horn/stac/MOHorn_stac_D2_v2_rr1.wav
100644	blob	ebb78e98cacebf05e2016b9a244ce0f4481a9621	Brass/F Horn/stac/MOHorn_stac_D2_v2_rr2.wav
100644	blob	f86313efe12277b893333660a562a1f3d4ef0afc	Brass/F Horn/stac/MOHorn_stac_D2_v3_rr1.wav
100644	blob	c713805a6c02679c4f141de8971dfce8afa51d74	Brass/F Horn/stac/MOHorn_stac_D2_v3_rr2.wav
100644	blob	e6104e3514a59841d25c519a22305f021d750e64	Brass/F Horn/stac/MOHorn_stac_D4_v1_rr1.wav
100644	blob	70d735e5b6dbff7ff8217e16e89402a5f325d43d	Brass/F Horn/stac/MOHorn_stac_D4_v1_rr2.wav
100644	blob	a06da55ae32393863f62ec4e26c2703f210a1017	Brass/F Horn/stac/MOHorn_stac_D4_v2_rr1.wav
100644	blob	28bf3a642d65cd12246f0745f3415092ede96a09	Brass/F Horn/stac/MOHorn_stac_D4_v2_rr2.wav
100644	blob	a7d84979e0f58e5a6ebcf0f6620e50064aef232c	Brass/F Horn/stac/MOHorn_stac_D4_v3_rr1.wav
100644	blob	5e86bad3c152fbe75bebcf52d82f54f482292da6	Brass/F Horn/stac/MOHorn_stac_D4_v3_rr2.wav
100644	blob	a3a28ef5bbf2f6698e28b9f264c37a7f7852e876	Brass/F Horn/stac/MOHorn_stac_F2_v1_rr1.wav
100644	blob	36ea670efec820a74036244c830dd6a1717e6dbc	Brass/F Horn/stac/MOHorn_stac_F2_v1_rr2.wav
100644	blob	6d312fa649c6bb8bed53fd9d5b5d8f4d0e7c03b1	Brass/F Horn/stac/MOHorn_stac_F2_v2_rr1.wav
100644	blob	0cbed0b3f735964ccd62352e0329d280d095c1e3	Brass/F Horn/stac/MOHorn_stac_F2_v2_rr2.wav
100644	blob	be315404c5fafc92dd9a064607db00c488f369e4	Brass/F Horn/stac/MOHorn_stac_F2_v3_rr1.wav
100644	blob	1fe4faa5848826fd908cadf9aad81bad090a5e18	Brass/F Horn/stac/MOHorn_stac_F2_v3_rr2.wav
100644	blob	0dbd4dd983ad393e1b8870eef3db68edde128c41	Brass/F Horn/stac/MOHorn_stac_F4_v1_rr1.wav
100644	blob	58139112fa3ce20a7e5d872048f329ccbc4c74a6	Brass/F Horn/stac/MOHorn_stac_F4_v1_rr2.wav
100644	blob	dddbe9bbccc37615ad633ffb0d0bbf51275b2c0b	Brass/F Horn/stac/MOHorn_stac_F4_v2_rr1.wav
100644	blob	0c6534363ae031ddca9fee5d01cf989d2b8ec1b2	Brass/F Horn/stac/MOHorn_stac_F4_v2_rr2.wav
100644	blob	79ef903028b1ace619f9ae03153428ad5da841b2	Brass/F Horn/stac/MOHorn_stac_F4_v3_rr1.wav
100644	blob	5133c5597d11973de6c740360166d03002c5228b	Brass/F Horn/stac/MOHorn_stac_G1_v1_rr1.wav
100644	blob	4d376c4bc9fb36d008b14011dbce69580aff1887	Brass/F Horn/stac/MOHorn_stac_G1_v1_rr2.wav
100644	blob	d9056fbcb1723f83a646e2686027d64190928b06	Brass/F Horn/stac/MOHorn_stac_G1_v2_rr1.wav
100644	blob	5f69b52371a079189e097644b839e295b5b860b1	Brass/F Horn/stac/MOHorn_stac_G1_v2_rr2.wav
040000	tree	21d722284f74f70da5788336b368a6afacf896dd	Brass/F Horn/sus
100644	blob	573db456092f7eff6af7245819f162828f749e10	Brass/F Horn/sus/MOHorn_sus_A#1_v1_1.wav
100644	blob	62c15504278f9c2dfaa0006530d34a5a3d92ecb0	Brass/F Horn/sus/MOHorn_sus_A#1_v2_1.wav
100644	blob	8fe919bf02a81284083f9a356db56591ffbb5e31	Brass/F Horn/sus/MOHorn_sus_A#1_v3_1.wav
100644	blob	bec79afe2bde69ed445c52da977b83e31cc81ed7	Brass/F Horn/sus/MOHorn_sus_A0_v1_1.wav
100644	blob	d358aadfb3bb1e0f28ab742d96f5418dc750057b	Brass/F Horn/sus/MOHorn_sus_A2_v1_1.wav
100644	blob	5ea35c7b0bf50d85195ba726380e611817f4ba9a	Brass/F Horn/sus/MOHorn_sus_A2_v2_1.wav
100644	blob	d4088d29905d60944c524d443f66c55035301e47	Brass/F Horn/sus/MOHorn_sus_A2_v3_1.wav
100644	blob	eed8f32ab91afd3381e42d0a5d0ad1d2beccbd11	Brass/F Horn/sus/MOHorn_sus_C1_v1_1.wav
100644	blob	48ea1921e88607d0aea8aece16be6bc2456f6a4e	Brass/F Horn/sus/MOHorn_sus_C1_v2_1.wav
100644	blob	3503c90afff58abd64db51f24e7f0ffc02954e3d	Brass/F Horn/sus/MOHorn_sus_C1_v3_1.wav
100644	blob	e53d2d03f0902c9f3a6add7c6bf51122bcc7d573	Brass/F Horn/sus/MOHorn_sus_C3_v1_1.wav
100644	blob	9f89dc248404a1a1e0240035ac5fa55c89e9c9cd	Brass/F Horn/sus/MOHorn_sus_C3_v2_1.wav
100644	blob	69e3187ccc4d4338931d412a9f50978ca576db5c	Brass/F Horn/sus/MOHorn_sus_C3_v3_1.wav
100644	blob	98bc7d3d4709c8d7a240a1f39c615bef3af7e5b0	Brass/F Horn/sus/MOHorn_sus_C3_v4_1.wav
100644	blob	238de6f129810744e89a22c414daf926e1b55a37	Brass/F Horn/sus/MOHorn_sus_D#1_v1_1.wav
100644	blob	20c33d3ffb3bf369e30359e3eb8b8ac7548adda3	Brass/F Horn/sus/MOHorn_sus_D#1_v2_1.wav
100644	blob	db97debcf24dfa898ce069d9b21b5bbea371e552	Brass/F Horn/sus/MOHorn_sus_D#1_v3_1.wav
100644	blob	e63cadc76d2b3e56ee26ad558e52fd633cc8c4b1	Brass/F Horn/sus/MOHorn_sus_D2_v1_1.wav
100644	blob	665f09cf0fe70efdcec1d93b064d5a5a32d6ebe0	Brass/F Horn/sus/MOHorn_sus_D2_v2_1.wav
100644	blob	aec5cfdb8e2532338f69f6726c77c1d8e5044f0d	Brass/F Horn/sus/MOHorn_sus_D2_v3_1.wav
100644	blob	e61e2d828400580fd267e5af934eee65e62d21b7	Brass/F Horn/sus/MOHorn_sus_D2_v4_1.wav
100644	blob	0d13acd769ecdfc234c416fe859a4eda9aac2f22	Brass/F Horn/sus/MOHorn_sus_D4_v1_1.wav
100644	blob	90c68f7833a7aa2325dea7159aad8af4c9b13a76	Brass/F Horn/sus/MOHorn_sus_F2_v1_1.wav
100644	blob	37655b24ac23b96a47a6bb75c091bedef6913632	Brass/F Horn/sus/MOHorn_sus_F2_v2_1.wav
100644	blob	af9345753c5b31083a3e344dd7bbf6c978de59c3	Brass/F Horn/sus/MOHorn_sus_F2_v3_1.wav
100644	blob	3061198e82995900230e9ddde1138a076d8dca9f	Brass/F Horn/sus/MOHorn_sus_F4_v1_1.wav
100644	blob	587133d2ed466473bd29438555973d9e75c3285a	Brass/F Horn/sus/MOHorn_sus_G1_v1_1.wav
100644	blob	e09ff9550c6ed4b660baeaba5497040ca7add35e	Brass/F Horn/sus/MOHorn_sus_G1_v2_1.wav
100644	blob	e824ccfe9f9b0a33e31151cec90e838dc769d949	Brass/F Horn/sus/MOHorn_sus_G1_v3_1.wav
040000	tree	cf74004b12f6188b38cefa177e017e7697f12062	Brass/OldTrombone
040000	tree	a674b85200b0cebc04b84e9081c281db7ec758f8	Brass/OldTrombone/Buzz
100644	blob	97cb62a68dae1f05ac29eb2d45766eefe1f5ea5b	Brass/OldTrombone/Buzz/Trombone_Buzz_A#1_v1_1.wav
100644	blob	5ca18d6bf0d2ae817316b1ceb7baed2a4b5f114a	Brass/OldTrombone/Buzz/Trombone_Buzz_A#1_v1_2.wav
100644	blob	2639be78f8d07c7355614f8b6ec5a4924613f35e	Brass/OldTrombone/Buzz/Trombone_Buzz_A#1_v2_1.wav
100644	blob	3f0498c08187ca2cfeadd6809011f4e4c4bc10ae	Brass/OldTrombone/Buzz/Trombone_Buzz_A#2_v1_1.wav
100644	blob	8b86b5b85bea57c1257860b813db704d96b49b06	Brass/OldTrombone/Buzz/Trombone_Buzz_A#2_v2_1.wav
100644	blob	341bfe7828c384656954b4511e6323c4e5e56b14	Brass/OldTrombone/Buzz/Trombone_Buzz_A1_v1_1.wav
100644	blob	df2d2f86aafbbe362ea86dc329a2ee0d244cd0b2	Brass/OldTrombone/Buzz/Trombone_Buzz_A1_v2_1.wav
100644	blob	c25d4e079dbecbccdb590ef114aa471d4565f7f8	Brass/OldTrombone/Buzz/Trombone_Buzz_A2_v1_1.wav
100644	blob	23ade9e7f1f0583f45181a38c41f561d7c6a85ad	Brass/OldTrombone/Buzz/Trombone_Buzz_A2_v2_1.wav
100644	blob	e48570076faee97c7696e7082cdc364204521152	Brass/OldTrombone/Buzz/Trombone_Buzz_C2_v1_1.wav
100644	blob	b7efa93d9fb5c19465a0e1ac8fe89e66224dc300	Brass/OldTrombone/Buzz/Trombone_Buzz_C2_v2_1.wav
100644	blob	c5ce0bbeb5644d4bd859bbef393328f81ac44129	Brass/OldTrombone/Buzz/Trombone_Buzz_C3_v2_1.wav
100644	blob	3f1c56d765ae92154403951cfd34daef18010fb4	Brass/OldTrombone/Buzz/Trombone_Buzz_D#2_v1_1.wav
100644	blob	0458595ce37ff0a053cb90c0922679782bbc2c18	Brass/OldTrombone/Buzz/Trombone_Buzz_D#2_v2_1.wav
100644	blob	46360ce2a9e611527d6467b8d0880016ce4d7c99	Brass/OldTrombone/Buzz/Trombone_Buzz_D2_v1_1.wav
100644	blob	dc0889d2642ecbebda060094dd9503aba8874e4f	Brass/OldTrombone/Buzz/Trombone_Buzz_D2_v2_1.wav
100644	blob	5c4e01c2fdee1d589f0dfe2cfc32e42f9d823ea3	Brass/OldTrombone/Buzz/Trombone_Buzz_D3_v2_1.wav
100644	blob	a6881ad8726988115362a02ac8aaa063bd6ceb8d	Brass/OldTrombone/Buzz/Trombone_Buzz_F1_v1_1.wav
100644	blob	4ce910231c3545112fff60bf4724ae7a34b31ded	Brass/OldTrombone/Buzz/Trombone_Buzz_F1_v2_1.wav
100644	blob	5f08cc0207012621bf2c194105fed50656e38cf3	Brass/OldTrombone/Buzz/Trombone_Buzz_F2_v1_1.wav
100644	blob	f2f3c064b864bdafdcd4e6818ff672241eb8d510	Brass/OldTrombone/Buzz/Trombone_Buzz_F2_v2_1.wav
100644	blob	2681d8fb86246c1cead2fc184bc6bdff9bcbdb2d	Brass/OldTrombone/Buzz/Trombone_Buzz_G1_v1_1.wav
100644	blob	a365481bd7e82b3a03b00bdc53c417ed343b1d51	Brass/OldTrombone/Buzz/Trombone_Buzz_G1_v2_1.wav
100644	blob	e8726323e4f34c8c4a6bf6295ac7d2ab2783b054	Brass/OldTrombone/Buzz/Trombone_Buzz_G2_v1_1.wav
100644	blob	5c3ab87f244e0b351b5379b92edc555ae51041f7	Brass/OldTrombone/Buzz/Trombone_Buzz_G2_v2_1.wav
040000	tree	0a3ca0acd17b608b31846744bb229c9ce96834d9	Brass/OldTrombone/Fall
100644	blob	b7b75ce7dd692d8f86c84500d24dd8918ce0debe	Brass/OldTrombone/Fall/Trombone_Fall_A#1_1.wav
100644	blob	a928263a0b323ad0ecf228ea4fc237b313b9ed3b	Brass/OldTrombone/Fall/Trombone_Fall_A#2_1.wav
100644	blob	f533ae40467e3d6014e8d901477f22e837ab4873	Brass/OldTrombone/Fall/Trombone_Fall_A#2_2.wav
100644	blob	83605fd3c3cf35ffac0cd1abeef43635e0dbe4a9	Brass/OldTrombone/Fall/Trombone_Fall_A1_1.wav
100644	blob	9eec4a5f7a7a3a94b5ac4dfa668fb56f82cdd3fb	Brass/OldTrombone/Fall/Trombone_Fall_A2_1.wav
100644	blob	642ca5410d1b4bbf3ed308a77218e55d75480383	Brass/OldTrombone/Fall/Trombone_Fall_B2_1.wav
100644	blob	74476ab26f4dff886aacf449b3fd48ec381b3713	Brass/OldTrombone/Fall/Trombone_Fall_C#2_1.wav
100644	blob	0dc195421c683fc3c72611a44767517ca595a2be	Brass/OldTrombone/Fall/Trombone_Fall_C#2_2.wav
100644	blob	2bd1a2a8c44523ee3abe7d3ae329247f6eb2034f	Brass/OldTrombone/Fall/Trombone_Fall_C2_1.wav
100644	blob	28e83d28fdbfe02310a0064261eb20f8aa8992aa	Brass/OldTrombone/Fall/Trombone_Fall_D#2_1.wav
100644	blob	ca24b6ae8055581cb0d088fa6285950197d95e26	Brass/OldTrombone/Fall/Trombone_Fall_D#2_2.wav
100644	blob	cbffa45ebcdb352afcf40ecf879836c2a221d89f	Brass/OldTrombone/Fall/Trombone_Fall_D2_1.wav
100644	blob	fe48a949ea60317f38e66a096d47054415437051	Brass/OldTrombone/Fall/Trombone_Fall_D2_2.wav
100644	blob	36f1d65df7b990a1db442b6d8141e90c5cb1da2b	Brass/OldTrombone/Fall/Trombone_Fall_D2_3.wav
100644	blob	9cbc292a85b7af121e4042ce3a0150bc4fb20b52	Brass/OldTrombone/Fall/Trombone_Fall_E2_1.wav
100644	blob	7bf801c644b2a01634cd161e391a1924f73c9d2d	Brass/OldTrombone/Fall/Trombone_Fall_E2_2.wav
100644	blob	6ba1cc1ba4eb0eba5736ead56b62edaa74d09349	Brass/OldTrombone/Fall/Trombone_Fall_F2_1.wav
100644	blob	5f72266eef793c2e606332afd9d8d8b568a59720	Brass/OldTrombone/Fall/Trombone_Fall_F2_2.wav
100644	blob	db5d7d98d096b281df44b232df0abf914b8ca351	Brass/OldTrombone/Fall/Trombone_Fall_G#1_1.wav
100644	blob	3645edc1a7e84c6e4a888df15804b488865a4f6c	Brass/OldTrombone/Fall/Trombone_Fall_G#2_1.wav
100644	blob	c241d2a669437248c793ec99733b0045fb0e7f8b	Brass/OldTrombone/Fall/Trombone_Fall_G1_1.wav
100644	blob	6cd4c393e831c2970947581fd8d02b2b1eeece3b	Brass/OldTrombone/Fall/Trombone_Fall_G2_1.wav
100644	blob	7b21c953dd5d4557204fa05337e9eb2d3570362e	Brass/OldTrombone/Notes.txt
040000	tree	fe31f4fac9e3fab4604eafccf570b72e535711f2	Brass/OldTrombone/Short
100644	blob	d37b5c1a9d0c3ce97a5a0c7bd50586efc927a40a	Brass/OldTrombone/Short/Trombone_Short_A#1_v1_1.wav
100644	blob	9ecfd4f80bf8c0f2e5fcb7018dc910b9a540accd	Brass/OldTrombone/Short/Trombone_Short_A#1_v1_2.wav
100644	blob	7414f30c84793cb8d6c8f349ca82d1a6a5958844	Brass/OldTrombone/Short/Trombone_Short_A#1_v1_3.wav
100644	blob	fa679dcb99d0341dff01b0dfcb169bbb69cfc97b	Brass/OldTrombone/Short/Trombone_Short_A#1_v1_4.wav
100644	blob	cdd1c61bbae5c5744d9061a8a10a9c7356d4e02d	Brass/OldTrombone/Short/Trombone_Short_A#1_v2_1.wav
100644	blob	23d87eadeb9c3fe1c0b5ab24a3d038c369da9bf5	Brass/OldTrombone/Short/Trombone_Short_A#1_v2_2.wav
100644	blob	a400f1073bcaba0569ce76482f9da6ba1ef2f8ea	Brass/OldTrombone/Short/Trombone_Short_A#1_v2_3.wav
100644	blob	5a8e610bc23380b105863ccfa58650891d481895	Brass/OldTrombone/Short/Trombone_Short_A#1_v2_4.wav
100644	blob	a36bfa7134470675762063730c656fa9dd095db3	Brass/OldTrombone/Short/Trombone_Short_A#1_v2_5.wav
100644	blob	96c68a0a73320d80e19dae47ad1b1fa1ad7c86ae	Brass/OldTrombone/Short/Trombone_Short_A#1_v3_1.wav
100644	blob	0e9e6b3f7682513a6d24a459b6b6578a6a06ee88	Brass/OldTrombone/Short/Trombone_Short_A#1_v3_2.wav
100644	blob	d25fcd80f61e6c38fccb54d1c8d1daecd9d9d8c5	Brass/OldTrombone/Short/Trombone_Short_A#1_v3_3.wav
100644	blob	316b04480bacd3e5f0250b7f03f49e8f576c923c	Brass/OldTrombone/Short/Trombone_Short_A#1_v3_4.wav
100644	blob	78590bd0bc0d8500140a15d8b9511f0e24523f8c	Brass/OldTrombone/Short/Trombone_Short_A#1_v3_5.wav
100644	blob	4270aaaff19a76c2b8bed43bf969952afc657282	Brass/OldTrombone/Short/Trombone_Short_A#2_v1_1.wav
100644	blob	afe24b217ab7c783f722d3d7a885bda46c1b225c	Brass/OldTrombone/Short/Trombone_Short_A#2_v1_2.wav
100644	blob	72ea1eda227806b1d8c24c88587dd76a6fe737fb	Brass/OldTrombone/Short/Trombone_Short_A#2_v1_3.wav
100644	blob	9237d3f8853e0e65bc46b23ac62bd62dbd3bba05	Brass/OldTrombone/Short/Trombone_Short_A#2_v1_4.wav
100644	blob	50d66851d0f3f20e1d595cd7036cd6920cf44554	Brass/OldTrombone/Short/Trombone_Short_A#2_v2_1.wav
100644	blob	c1c436abeaf47e8e0182af22f949cdf482ce23c4	Brass/OldTrombone/Short/Trombone_Short_A#2_v2_2.wav
100644	blob	18dc859f52672abc0b5c56d48a38890654925f9c	Brass/OldTrombone/Short/Trombone_Short_A#2_v2_3.wav
100644	blob	686514c32ddc68d31621f7fc67ce7865233cbb7a	Brass/OldTrombone/Short/Trombone_Short_A#2_v2_4.wav
100644	blob	c0d6ed6681a7d4a30e90147e73cf89adbed05d6a	Brass/OldTrombone/Short/Trombone_Short_A#2_v3_1.wav
100644	blob	6cb1297539f6ff15d918faf077bb1dec9915cc41	Brass/OldTrombone/Short/Trombone_Short_A#2_v3_2.wav
100644	blob	d8f76876ed3bcc1eb63f9c2eaae220c62c04ada7	Brass/OldTrombone/Short/Trombone_Short_A#2_v3_3.wav
100644	blob	e5c2c2a52768943f5c03a936e969ef42bd9b68ac	Brass/OldTrombone/Short/Trombone_Short_A#2_v3_4.wav
100644	blob	1cb62fcf5b01d73fc1dc8aebb0de1e9bc1e88caf	Brass/OldTrombone/Short/Trombone_Short_A1_v1_1.wav
100644	blob	fa93555b42e51e38a45e8e9db2d07ba4a12b1a13	Brass/OldTrombone/Short/Trombone_Short_A1_v1_2.wav
100644	blob	d4f1980a5bebc99f3b5611c49044a4b7383b1248	Brass/OldTrombone/Short/Trombone_Short_A1_v1_3.wav
100644	blob	eafdb0b307347059f6b307e20e67f17b00b47d63	Brass/OldTrombone/Short/Trombone_Short_A1_v1_4.wav
100644	blob	6723b6baa2b100fd30685c449902000bb32161a6	Brass/OldTrombone/Short/Trombone_Short_A1_v2_1.wav
100644	blob	bf30f9cd4791c0174f392e1e4a7c9b33ce979ad6	Brass/OldTrombone/Short/Trombone_Short_A1_v2_2.wav
100644	blob	dca39b82427cdf384c4029ae9963c115f29b1756	Brass/OldTrombone/Short/Trombone_Short_A1_v2_3.wav
100644	blob	d5144b7aeb9509c6705a298d29ab4765faf7b6fd	Brass/OldTrombone/Short/Trombone_Short_A1_v2_4.wav
100644	blob	5829dbec06e1db01eec43e96fafa4c0efba62052	Brass/OldTrombone/Short/Trombone_Short_A1_v3_1.wav
100644	blob	9bd2a568950b27847972a968f4956b3a714c7c31	Brass/OldTrombone/Short/Trombone_Short_A1_v3_2.wav
100644	blob	346deaa99724d3af3224be9e02e3b25e66dfcf37	Brass/OldTrombone/Short/Trombone_Short_A1_v3_3.wav
100644	blob	ba9c9566a65db4db5d261dab7476e4d0d5741b5f	Brass/OldTrombone/Short/Trombone_Short_A1_v3_4.wav
100644	blob	d8569ebc444892ed174f4da248edc29f57174c46	Brass/OldTrombone/Short/Trombone_Short_A2_v1_1.wav
100644	blob	a734b5bd5e6ebdf4e556f21a7dceb5e6c1a0d2e8	Brass/OldTrombone/Short/Trombone_Short_A2_v1_2.wav
100644	blob	c9c9024e7263f1ffff83870ba875ee90fa12bda3	Brass/OldTrombone/Short/Trombone_Short_A2_v1_3.wav
100644	blob	5079dff655e9123a18d9367d84847e19ba905ea6	Brass/OldTrombone/Short/Trombone_Short_A2_v1_4.wav
100644	blob	6422fc7b99ca68614292f2cb0ace85713a809f75	Brass/OldTrombone/Short/Trombone_Short_A2_v2_1.wav
100644	blob	82321c96fba5490d631ec5841651b80ba3c43381	Brass/OldTrombone/Short/Trombone_Short_A2_v2_2.wav
100644	blob	b2c8e0815d35539a6462ddbb4422f4f8aacc8ee4	Brass/OldTrombone/Short/Trombone_Short_A2_v2_3.wav
100644	blob	1f7f238ceab5d003a018c01dd0c47615bdb4449f	Brass/OldTrombone/Short/Trombone_Short_A2_v2_4.wav
100644	blob	3a21ccb12ec8546f738e2a8cc78b6df46a92433f	Brass/OldTrombone/Short/Trombone_Short_A2_v3_1.wav
100644	blob	ec54373723afc98d887c61e78809ebb098302173	Brass/OldTrombone/Short/Trombone_Short_A2_v3_2.wav
100644	blob	7631686e72a822e64b4747760b39f0a50e0c2754	Brass/OldTrombone/Short/Trombone_Short_A2_v3_3.wav
100644	blob	0be60b713c076070a04982e7e2a308ca25f7f340	Brass/OldTrombone/Short/Trombone_Short_A2_v3_4.wav
100644	blob	8e519bb068b534f04d5f99b913e5602e927c0967	Brass/OldTrombone/Short/Trombone_Short_C2_v1_1.wav
100644	blob	05c903b81df7b3bd696e08ff126ca6ef9c65f578	Brass/OldTrombone/Short/Trombone_Short_C2_v1_2.wav
100644	blob	19df271ffad892e7491a2d209c54d4cb65268580	Brass/OldTrombone/Short/Trombone_Short_C2_v1_3.wav
100644	blob	6bc84e8348c74b14c6d2d32b18bfd4a53ac5defe	Brass/OldTrombone/Short/Trombone_Short_C2_v1_4.wav
100644	blob	144ce4a1602c04b14d41c043d5376db8ff5eaa47	Brass/OldTrombone/Short/Trombone_Short_C2_v2_1.wav
100644	blob	eb859dfa6bc750e9ba111c0ecf4c9fdc55ef655c	Brass/OldTrombone/Short/Trombone_Short_C2_v2_2.wav
100644	blob	3fb54d6a74d1b3b97952deea70a87cdc5bfa1e2a	Brass/OldTrombone/Short/Trombone_Short_C2_v2_3.wav
100644	blob	10f6411f40de7f9784fe01c95a12619b9cde8e58	Brass/OldTrombone/Short/Trombone_Short_C2_v2_4.wav
100644	blob	2629d9303688420ce9d2236b8cf748c58a2dcdb0	Brass/OldTrombone/Short/Trombone_Short_C2_v3_1.wav
100644	blob	5d9629c7fed2dee7e0ef82ead91cf05133a61c73	Brass/OldTrombone/Short/Trombone_Short_C2_v3_2.wav
100644	blob	d126afe0342c9f0b3c6b72a1fc6fa7476f5e97b1	Brass/OldTrombone/Short/Trombone_Short_C2_v3_3.wav
100644	blob	70ae6d1cebe5855b688c2a0fc4d4e75ac1466b29	Brass/OldTrombone/Short/Trombone_Short_C2_v3_4.wav
100644	blob	6e7310e3b3a2081829c6d1a81025b40bf747d3ee	Brass/OldTrombone/Short/Trombone_Short_C3_v1_1.wav
100644	blob	1604d7bd9fb8487150d3d5f7afbb601cedcdd35a	Brass/OldTrombone/Short/Trombone_Short_C3_v1_2.wav
100644	blob	6312da4d5e98c5ea7c8d109273db361e65abdebd	Brass/OldTrombone/Short/Trombone_Short_C3_v1_3.wav
100644	blob	b21e83e68593068fbf77e527e6a1cc4cc2da1d0f	Brass/OldTrombone/Short/Trombone_Short_C3_v1_4.wav
100644	blob	3eb3f1db26416cc52f08add54b87a29fd4a57a8f	Brass/OldTrombone/Short/Trombone_Short_C3_v2_1.wav
100644	blob	a11569f5aad97596c0c6dba5a64444fbd423cf82	Brass/OldTrombone/Short/Trombone_Short_C3_v2_2.wav
100644	blob	26bc776eab371c581ea2820ff77d71645faaeceb	Brass/OldTrombone/Short/Trombone_Short_C3_v2_3.wav
100644	blob	715cce3986c29159d085d7194070eac8d73b11a3	Brass/OldTrombone/Short/Trombone_Short_C3_v2_4.wav
100644	blob	a4cbb6d2b2ca81e54ccbf2aa69d14b24c9e2d2d0	Brass/OldTrombone/Short/Trombone_Short_C3_v2_5.wav
100644	blob	172812e5ec9be3893f0a6dc77e95bbed195bb719	Brass/OldTrombone/Short/Trombone_Short_C3_v3_1.wav
100644	blob	7889535ac80874afdd449d4abfa18f2104c9a889	Brass/OldTrombone/Short/Trombone_Short_C3_v3_2.wav
100644	blob	9c1908d1d843c063ed068fbb70462fbea99683c7	Brass/OldTrombone/Short/Trombone_Short_C3_v3_3.wav
100644	blob	6f587a152166bfab04f39e6e3a12c46fabd4b156	Brass/OldTrombone/Short/Trombone_Short_C3_v3_4.wav
100644	blob	f5ab74a31da16ac97dbf3977847b029b26d4d088	Brass/OldTrombone/Short/Trombone_Short_D#2_v1_1.wav
100644	blob	13a189a0e3a4394d269d95afdada5621554baf48	Brass/OldTrombone/Short/Trombone_Short_D#2_v1_2.wav
100644	blob	48db404fd4932904c683d91a8c6a0185262ae1ee	Brass/OldTrombone/Short/Trombone_Short_D#2_v1_3.wav
100644	blob	db6e5cbd78e006b3930f668b2d2886584ff9b43a	Brass/OldTrombone/Short/Trombone_Short_D#2_v1_4.wav
100644	blob	301793be42384ec5e5baf7c91873e551970fe08d	Brass/OldTrombone/Short/Trombone_Short_D#2_v2_1.wav
100644	blob	6c51c99edadee9a88ec2d4f1d8a12bf8ea000a7a	Brass/OldTrombone/Short/Trombone_Short_D#2_v2_2.wav
100644	blob	ce297d10dd4e9062d6c71df3cae3d247055b3f44	Brass/OldTrombone/Short/Trombone_Short_D#2_v2_3.wav
100644	blob	16dc32c566ff1e90be9edcccf9a7ab6068e92083	Brass/OldTrombone/Short/Trombone_Short_D#2_v2_4.wav
100644	blob	61a43e2c62d5de6fab207703169ce13160fa8ca6	Brass/OldTrombone/Short/Trombone_Short_D#2_v3_1.wav
100644	blob	58f7f252cd27df28bcd6e15fbe01f7812724c30c	Brass/OldTrombone/Short/Trombone_Short_D#2_v3_2.wav
100644	blob	a319141d2630ed0546fcb35445f41297999bcc31	Brass/OldTrombone/Short/Trombone_Short_D#2_v3_3.wav
100644	blob	c1fe95f6c0790a0e90d0b687772f38b662a932fe	Brass/OldTrombone/Short/Trombone_Short_D#2_v3_4.wav
100644	blob	0f90509030e83281e112c1df5d1797d2849c4115	Brass/OldTrombone/Short/Trombone_Short_D#3_v1_1.wav
100644	blob	2c47c8d541dfee09e816dae7feff18bc22cec7a0	Brass/OldTrombone/Short/Trombone_Short_D#3_v1_2.wav
100644	blob	24fe97a3d37583b9e70ae082e006601aa9dac517	Brass/OldTrombone/Short/Trombone_Short_D#3_v1_3.wav
100644	blob	502e8d8b1915aaf9f95f9a3f50a4972cc3e6a2d1	Brass/OldTrombone/Short/Trombone_Short_D#3_v1_4.wav
100644	blob	8536156ab8a5ea839f81c693f35f979674863923	Brass/OldTrombone/Short/Trombone_Short_D#3_v1_5.wav
100644	blob	5149b3b67eb583f9689138cd44fcb25e76c1852b	Brass/OldTrombone/Short/Trombone_Short_D#3_v2_1.wav
100644	blob	a6808c0248dc3873c26c62b8005346003a6a1050	Brass/OldTrombone/Short/Trombone_Short_D#3_v2_2.wav
100644	blob	055897f84ba7ddfbbf221eaede86d882215dbafd	Brass/OldTrombone/Short/Trombone_Short_D#3_v2_3.wav
100644	blob	5e548f0d44df5932d8a457b6c777b82b940cdb23	Brass/OldTrombone/Short/Trombone_Short_D#3_v2_4.wav
100644	blob	ceeeca02856af492701a34def141dd8d4641ab62	Brass/OldTrombone/Short/Trombone_Short_D#3_v2_5.wav
100644	blob	a2f123ca457782c6738f51d0a664e3964bd1ca90	Brass/OldTrombone/Short/Trombone_Short_D#3_v2_6.wav
100644	blob	16343801fa24e32d4753b9f0080bc409afb69d37	Brass/OldTrombone/Short/Trombone_Short_D#3_v2_7.wav
100644	blob	fe23e077425fc78027f906b1cdc069257ae3d3f2	Brass/OldTrombone/Short/Trombone_Short_D#3_v3_1.wav
100644	blob	9a0a4cc9b5c128856aa8cbab82a7c04993b640cb	Brass/OldTrombone/Short/Trombone_Short_D#3_v3_2.wav
100644	blob	edc05060ff91aec42f6487eedb17a1addd603a28	Brass/OldTrombone/Short/Trombone_Short_D#3_v3_3.wav
100644	blob	3393ebb39894955b71707f9d39140f929654873b	Brass/OldTrombone/Short/Trombone_Short_D#3_v3_4.wav
100644	blob	4bb29ffb480144fe928486df6ebff4376ce8c266	Brass/OldTrombone/Short/Trombone_Short_D2_v1_1.wav
100644	blob	6fbab43b5478396539be656b9f798eac2f7dab34	Brass/OldTrombone/Short/Trombone_Short_D2_v1_2.wav
100644	blob	66f6a8f8b6f2bac9c0352bcde39b9c29e2f6a4f2	Brass/OldTrombone/Short/Trombone_Short_D2_v1_3.wav
100644	blob	5abd53c0e10a790f1742c0e71860849b7438d435	Brass/OldTrombone/Short/Trombone_Short_D2_v1_4.wav
100644	blob	f8aa76a032b052f5d6133b3e9693b08c88ce1218	Brass/OldTrombone/Short/Trombone_Short_D2_v2_1.wav
100644	blob	a06a84b55436e2cdcf872be0230af3ee8ba72c5c	Brass/OldTrombone/Short/Trombone_Short_D2_v2_2.wav
100644	blob	e06d17ed25040f75d409d2cbcf9c305aeaf993c8	Brass/OldTrombone/Short/Trombone_Short_D2_v2_3.wav
100644	blob	6552501d1a238b131467b28a2920f1c4615fc81e	Brass/OldTrombone/Short/Trombone_Short_D2_v2_4.wav
100644	blob	a700217ee5bdba060f0ffd43993dfd30bd807c1f	Brass/OldTrombone/Short/Trombone_Short_D2_v3_1.wav
100644	blob	33963f64dc41ed4288a7cbaada17668ad9b88e81	Brass/OldTrombone/Short/Trombone_Short_D2_v3_2.wav
100644	blob	a6f8a5623f8074708f4048f67fa527201767e75b	Brass/OldTrombone/Short/Trombone_Short_D2_v3_3.wav
100644	blob	67e506d73d9c92befe5098052dba1cbc395e4d0e	Brass/OldTrombone/Short/Trombone_Short_D2_v3_4.wav
100644	blob	c13714eee6b97dbe133ceb3df8876d49d59f63cb	Brass/OldTrombone/Short/Trombone_Short_D3_v1_1.wav
100644	blob	66e7a21f670b3223a193dcc6a1d1c1974205e00a	Brass/OldTrombone/Short/Trombone_Short_D3_v1_2.wav
100644	blob	556e3b4c4b0390265618b35be58bff18868e7b69	Brass/OldTrombone/Short/Trombone_Short_D3_v1_3.wav
100644	blob	2fbdf78f20762d39b98df1f1b2949149f9959f65	Brass/OldTrombone/Short/Trombone_Short_D3_v1_4.wav
100644	blob	e42873aa07776e858a8f8cc2ea9d71a332a0bc4f	Brass/OldTrombone/Short/Trombone_Short_D3_v2_1.wav
100644	blob	ad0419cfb47070a4deefa8a81538d54ef78c26ef	Brass/OldTrombone/Short/Trombone_Short_D3_v2_2.wav
100644	blob	497c9c01fabab72badcbf5608658ab31b80dc010	Brass/OldTrombone/Short/Trombone_Short_D3_v2_3.wav
100644	blob	d1ba160fed8f05ccc653e4bd1821ed719a390704	Brass/OldTrombone/Short/Trombone_Short_D3_v2_4.wav
100644	blob	41b082f6081dd1990140681813d39e42bc9f3029	Brass/OldTrombone/Short/Trombone_Short_D3_v3_1.wav
100644	blob	86083d92e7448662c365c4cf0467febb3d60a8b0	Brass/OldTrombone/Short/Trombone_Short_D3_v3_2.wav
100644	blob	d1ad2a2a15219fa009db0acbf4572a8769384c45	Brass/OldTrombone/Short/Trombone_Short_D3_v3_3.wav
100644	blob	dbf61649fb6c0125dd402b1ab44a5e3cae4aef05	Brass/OldTrombone/Short/Trombone_Short_D3_v3_4.wav
100644	blob	ff3b306f83b4d1b3e94e41bbfbc5ef2f80ce386b	Brass/OldTrombone/Short/Trombone_Short_F1_v1_1.wav
100644	blob	a7beb639bf5010ae0ce6304eef146deb09ff1c61	Brass/OldTrombone/Short/Trombone_Short_F1_v1_2.wav
100644	blob	84c593132477447afc15db94940f857b12d1388d	Brass/OldTrombone/Short/Trombone_Short_F1_v1_3.wav
100644	blob	bd32ce49af1ff64056eb6671dd7de889967dbb55	Brass/OldTrombone/Short/Trombone_Short_F1_v1_4.wav
100644	blob	0be534ceac9e0549a147137c0f973791c67f9579	Brass/OldTrombone/Short/Trombone_Short_F1_v2_1.wav
100644	blob	acc15da51992784a58a98de1e1941489efbd44be	Brass/OldTrombone/Short/Trombone_Short_F1_v2_2.wav
100644	blob	db1644533e0c2f6f3598960179920f71f283747f	Brass/OldTrombone/Short/Trombone_Short_F1_v2_3.wav
100644	blob	77f206ea9011c04be9f699d7a7bd31e69b5c1343	Brass/OldTrombone/Short/Trombone_Short_F1_v2_4.wav
100644	blob	9494ce9bbe80c8a1d48f3fc33067b663db02b26d	Brass/OldTrombone/Short/Trombone_Short_F1_v2_5.wav
100644	blob	dbecfdc7a106fa9ff58b7b34bbb52e672a85b5ce	Brass/OldTrombone/Short/Trombone_Short_F1_v3_1.wav
100644	blob	e69d6fda71d710b9bc7cfe79830298fbeed6f70f	Brass/OldTrombone/Short/Trombone_Short_F1_v3_2.wav
100644	blob	61960cac6bfc960e8ca22e1819b569bc9231da03	Brass/OldTrombone/Short/Trombone_Short_F1_v3_3.wav
100644	blob	35abf6951c355958c0a719b7723ceae1efef7e27	Brass/OldTrombone/Short/Trombone_Short_F1_v3_4.wav
100644	blob	531650f9757d4ea684a37a602bf55e43605408bf	Brass/OldTrombone/Short/Trombone_Short_F1_v3_5.wav
100644	blob	9d0979c6411b5ebfa52f33c70e6038003a73a850	Brass/OldTrombone/Short/Trombone_Short_F1_v3_6.wav
100644	blob	4282c7e2edc99512fb51486f5be2b2bfa52c5039	Brass/OldTrombone/Short/Trombone_Short_F1_v3_7.wav
100644	blob	083e11485f341df5119f53e9063bfd31169ddecb	Brass/OldTrombone/Short/Trombone_Short_F2_v1_1.wav
100644	blob	4c9d87e540c7c911551c3bc20b0d38d6351126d3	Brass/OldTrombone/Short/Trombone_Short_F2_v1_2.wav
100644	blob	2ad96a77cb115e4372625456269bdc3b3611690c	Brass/OldTrombone/Short/Trombone_Short_F2_v1_3.wav
100644	blob	8b5684edcc151c4600a72a544518fdc2c57dd620	Brass/OldTrombone/Short/Trombone_Short_F2_v1_4.wav
100644	blob	b6f2261b9ddadb5760e13860089a56c5738ad7f4	Brass/OldTrombone/Short/Trombone_Short_F2_v2_1.wav
100644	blob	e645799d3afb6f6eea0d2f880c1c66547d93da3f	Brass/OldTrombone/Short/Trombone_Short_F2_v2_2.wav
100644	blob	7df1bc425a21276d61422662e0b35119a11fc501	Brass/OldTrombone/Short/Trombone_Short_F2_v2_3.wav
100644	blob	0be51afa31f282932f225a18c90e54c8f366cd06	Brass/OldTrombone/Short/Trombone_Short_F2_v2_4.wav
100644	blob	737c55dec7f28a192f456523bd7e3f2ccfe69397	Brass/OldTrombone/Short/Trombone_Short_F2_v3_1.wav
100644	blob	ccf9dda6c5eb57d66d023a682dc3467f27b1fb6b	Brass/OldTrombone/Short/Trombone_Short_F2_v3_2.wav
100644	blob	30400d0f3ba6862a78442a91ed1019b708495357	Brass/OldTrombone/Short/Trombone_Short_F2_v3_3.wav
100644	blob	80486f5e55c50df543e48e1d931f23055c1a5586	Brass/OldTrombone/Short/Trombone_Short_F2_v3_4.wav
100644	blob	02f63c293f7da2ecb5871c31e0666450a10f4920	Brass/OldTrombone/Short/Trombone_Short_F3_v1_1.wav
100644	blob	cd4f4cefbad416b66cba6125fd5e74ad00725041	Brass/OldTrombone/Short/Trombone_Short_F3_v1_2.wav
100644	blob	6dae9a0d68a3e3b090b5144265db8b5ec3e5ca86	Brass/OldTrombone/Short/Trombone_Short_F3_v1_3.wav
100644	blob	f0ef2b67544c090d3e11db6f246607ec974ab55c	Brass/OldTrombone/Short/Trombone_Short_F3_v1_4.wav
100644	blob	783d9e192de19c3be4eb46df9880b3bf0334cc1e	Brass/OldTrombone/Short/Trombone_Short_F3_v2_1.wav
100644	blob	097480fedfd8949f306af784e871bb607eb6b451	Brass/OldTrombone/Short/Trombone_Short_F3_v2_2.wav
100644	blob	87e8fbda099274dca8fc3eb5938a7154b2d3e772	Brass/OldTrombone/Short/Trombone_Short_F3_v2_3.wav
100644	blob	5f9239220b5b7c572b91767a320389eb4084c337	Brass/OldTrombone/Short/Trombone_Short_F3_v2_4.wav
100644	blob	10d60626338d379dacccbbe64efcb1c5d29a64c5	Brass/OldTrombone/Short/Trombone_Short_F3_v3_1.wav
100644	blob	fc1886a7778314abd2bea74275bb99c718db651c	Brass/OldTrombone/Short/Trombone_Short_F3_v3_2.wav
100644	blob	eb5cc0ddfa8fd9c35cec27cdeaf15e5db6fa6393	Brass/OldTrombone/Short/Trombone_Short_F3_v3_3.wav
100644	blob	0929f883421b70bb59908e0ecb5b8b06a8810210	Brass/OldTrombone/Short/Trombone_Short_F3_v3_4.wav
100644	blob	395d6bebba0410ca24606a24b27829f842439b1e	Brass/OldTrombone/Short/Trombone_Short_G1_v1_1.wav
100644	blob	72d60ac7c992c341de2b76edf6c099e31413842a	Brass/OldTrombone/Short/Trombone_Short_G1_v1_2.wav
100644	blob	94757ca65f4750e5a628de3e972409c736850afd	Brass/OldTrombone/Short/Trombone_Short_G1_v1_3.wav
100644	blob	b126e22189039a10d4766c5a1df05db0ce08bb03	Brass/OldTrombone/Short/Trombone_Short_G1_v1_4.wav
100644	blob	6fd762540b90a122b36d952770e09dbee0ceb1d6	Brass/OldTrombone/Short/Trombone_Short_G1_v2_1.wav
100644	blob	193617e84f6eb5055daa1a0f7a8808fa959bb049	Brass/OldTrombone/Short/Trombone_Short_G1_v2_2.wav
100644	blob	36d15637ce94f41aa3c749b6afa8ceeeef00c5c0	Brass/OldTrombone/Short/Trombone_Short_G1_v2_3.wav
100644	blob	3af33a8d1a520fc62fc5447eeb74a78953275ae1	Brass/OldTrombone/Short/Trombone_Short_G1_v2_4.wav
100644	blob	78fd3e8f005cae0a5019ab890403a6efff7f9f9b	Brass/OldTrombone/Short/Trombone_Short_G1_v3_1.wav
100644	blob	f6bb5f50a04cb73998d4e42f2b0c8b331050172d	Brass/OldTrombone/Short/Trombone_Short_G1_v3_2.wav
100644	blob	f3d0235b295e2765e4e8ec8d5946e8bd310d1699	Brass/OldTrombone/Short/Trombone_Short_G1_v3_3.wav
100644	blob	9725c93a3c054485686e365bfeba753da22ff77c	Brass/OldTrombone/Short/Trombone_Short_G1_v3_4.wav
100644	blob	559c431e172fb206fb9f3b1eae7692ce82d9d2cf	Brass/OldTrombone/Short/Trombone_Short_G2_v1_1.wav
100644	blob	0203db13929074f8c2f95650767369a4f8459425	Brass/OldTrombone/Short/Trombone_Short_G2_v1_2.wav
100644	blob	a2b2ee089c29ecf4a92424691e4ac3e7b6ac1558	Brass/OldTrombone/Short/Trombone_Short_G2_v1_3.wav
100644	blob	db09d5675cf1b96543b5c7a7e74f7e57932d20d2	Brass/OldTrombone/Short/Trombone_Short_G2_v1_4.wav
100644	blob	679b32af78e842deb2743748bd0ae829796f6b09	Brass/OldTrombone/Short/Trombone_Short_G2_v2_1.wav
100644	blob	74c88f0c7184ce093b9b098c1ad76180f60346b1	Brass/OldTrombone/Short/Trombone_Short_G2_v2_2.wav
100644	blob	be03e63c27231d4f790d526d4f4bac9751cc76a6	Brass/OldTrombone/Short/Trombone_Short_G2_v2_3.wav
100644	blob	09d481e3090f295fed789d6db0a8c2310ed8eb93	Brass/OldTrombone/Short/Trombone_Short_G2_v2_4.wav
100644	blob	45a7e7d1ed0a4d4b294e0fa8fd8272f23900191b	Brass/OldTrombone/Short/Trombone_Short_G2_v3_1.wav
100644	blob	b1ecff47ee744355205df250b12f46a0c530dd79	Brass/OldTrombone/Short/Trombone_Short_G2_v3_2.wav
100644	blob	d6ceeef7204f10dea0fd045d57bfbbc02c30506d	Brass/OldTrombone/Short/Trombone_Short_G2_v3_3.wav
100644	blob	d8862ba9f9b765392c3494b35a2bfc02428472f0	Brass/OldTrombone/Short/Trombone_Short_G2_v3_4.wav
040000	tree	469262b6acdaecdbc2c3414973e9ddc8de47b228	Brass/OldTrombone/Sustain
100644	blob	6f2f84d03cd1dc8253ae69c7d9e8f2f85d8d42cc	Brass/OldTrombone/Sustain/Trombone_Sustain_A#1_v1_1.wav
100644	blob	b003d8b9bc97e424bb8550eba369dd5285aef824	Brass/OldTrombone/Sustain/Trombone_Sustain_A#1_v1_2.wav
100644	blob	0e5f785e268a9d75588374c231ea196bb2f58544	Brass/OldTrombone/Sustain/Trombone_Sustain_A#1_v2_1.wav
100644	blob	3decf897bc4e3f3a6e3e563dd7d74751d0bc72c9	Brass/OldTrombone/Sustain/Trombone_Sustain_A#1_v3_1.wav
100644	blob	490158afb2044dfdf4947d9b8fa44c15935f3558	Brass/OldTrombone/Sustain/Trombone_Sustain_A#1_v3_2.wav
100644	blob	0eb11c3569bbefc9e9f50281aa9cc4a73eb84277	Brass/OldTrombone/Sustain/Trombone_Sustain_A#1_v4_1.wav
100644	blob	656915a2704eeacaceee09fd3ed49adf00c3756b	Brass/OldTrombone/Sustain/Trombone_Sustain_A#1_v4_2.wav
100644	blob	a02682949f2645fb68826d0b51ce14f958774bdc	Brass/OldTrombone/Sustain/Trombone_Sustain_A#1_v4_3.wav
100644	blob	2867cae3984ae872f9073d979d41425f87537d45	Brass/OldTrombone/Sustain/Trombone_Sustain_A#1_v5_1.wav
100644	blob	fa978e27b70a3e0e06900dbc6e13e7dd06a776fd	Brass/OldTrombone/Sustain/Trombone_Sustain_A#1_v5_2.wav
100644	blob	8423a55fdec240749432aa2617c97ab7aab71d76	Brass/OldTrombone/Sustain/Trombone_Sustain_A#1_v5_3.wav
100644	blob	25d79a3db4d3ae4528906868d6e24380ad9c2ac0	Brass/OldTrombone/Sustain/Trombone_Sustain_A#2_v1_1.wav
100644	blob	d1b3f93569f765bf2d53476bedb17fbb1587a2e4	Brass/OldTrombone/Sustain/Trombone_Sustain_A#2_v1_2.wav
100644	blob	700badc99b98166348bc262a535b011c48fa4028	Brass/OldTrombone/Sustain/Trombone_Sustain_A#2_v2_1.wav
100644	blob	26fd4a28b99e7b83611bc798eeca6da126f3c183	Brass/OldTrombone/Sustain/Trombone_Sustain_A#2_v3_1.wav
100644	blob	08f7e7e13fa7df8e7ccd05628757687726f116c1	Brass/OldTrombone/Sustain/Trombone_Sustain_A#2_v4_1.wav
100644	blob	6b7c4211c7a5e6e6603de69a4773e34306de1b63	Brass/OldTrombone/Sustain/Trombone_Sustain_A#2_v4_2.wav
100644	blob	9d60331173df0831f38b2182600e28d6fbb4a7a6	Brass/OldTrombone/Sustain/Trombone_Sustain_A#2_v5_1.wav
100644	blob	1e86738db5c0d38f18316d4130396cb0ce6a5844	Brass/OldTrombone/Sustain/Trombone_Sustain_A#2_v5_2.wav
100644	blob	ca24b77b86ffaf7d224e9fa90decca154ac4d6f7	Brass/OldTrombone/Sustain/Trombone_Sustain_A1_v1_1.wav
100644	blob	b226241d84563abce1de6cb1cf5228614a58e155	Brass/OldTrombone/Sustain/Trombone_Sustain_A1_v1_2.wav
100644	blob	adde0f26cdc9f0a51a0a1b55fb19e42cd15d0d43	Brass/OldTrombone/Sustain/Trombone_Sustain_A1_v2_1.wav
100644	blob	a4cd383484b1e1d709fe957dbcaaa25b334ce9ad	Brass/OldTrombone/Sustain/Trombone_Sustain_A1_v3_1.wav
100644	blob	b8408b06810d89ba006600c99812d34d69aee66c	Brass/OldTrombone/Sustain/Trombone_Sustain_A1_v4_1.wav
100644	blob	d0be60b6d5620cd2f4192ca884026164813f3a54	Brass/OldTrombone/Sustain/Trombone_Sustain_A1_v5_1.wav
100644	blob	07ecdea810fcc294018ba940ccc7ea8eb61fdbbe	Brass/OldTrombone/Sustain/Trombone_Sustain_A1_v5_2.wav
100644	blob	1e06e3a561c17a565b3e350722a758540911ada8	Brass/OldTrombone/Sustain/Trombone_Sustain_A1_v5_3.wav
100644	blob	1c7b53d777ee9aaf9ede551068625c2ebbda6c77	Brass/OldTrombone/Sustain/Trombone_Sustain_A2_v1_1.wav
100644	blob	621afdcac4ece5e4ffc033649d6b1775ee35b99d	Brass/OldTrombone/Sustain/Trombone_Sustain_A2_v1_2.wav
100644	blob	ce6b975667d36f2b39f1af1db683e5f79e366a77	Brass/OldTrombone/Sustain/Trombone_Sustain_A2_v2_1.wav
100644	blob	b0ef87d668285941a81ed034f5789be39018f72d	Brass/OldTrombone/Sustain/Trombone_Sustain_A2_v3_1.wav
100644	blob	858b9528181ec85fd480fc4de776a48604543248	Brass/OldTrombone/Sustain/Trombone_Sustain_A2_v4_1.wav
100644	blob	f07c63371b15fc62f74de941dbcbdc547ed41f86	Brass/OldTrombone/Sustain/Trombone_Sustain_A2_v4_2.wav
100644	blob	5d9477dcda4bb205ad672bb0e83e7bcadfaa5868	Brass/OldTrombone/Sustain/Trombone_Sustain_A2_v5_1.wav
100644	blob	b86d9c772290db31cc11b7bbe16f0c66c968c959	Brass/OldTrombone/Sustain/Trombone_Sustain_A2_v5_2.wav
100644	blob	7b2b333fe8a6ba68699de0c45b39e3ecafa4d113	Brass/OldTrombone/Sustain/Trombone_Sustain_C2_v1_1.wav
100644	blob	40cf35e34155b4b6cd98fb1c220908c7a24e224e	Brass/OldTrombone/Sustain/Trombone_Sustain_C2_v1_2.wav
100644	blob	66c4547c85418f0c532eb879f75cbe4f7454fcff	Brass/OldTrombone/Sustain/Trombone_Sustain_C2_v2_1.wav
100644	blob	501f81a556d38f94bf813e6479a764dc020b9a4a	Brass/OldTrombone/Sustain/Trombone_Sustain_C2_v3_1.wav
100644	blob	7b02fb41e96b2c5ff3cf9d8087693672b6d1897c	Brass/OldTrombone/Sustain/Trombone_Sustain_C2_v4_1.wav
100644	blob	47b07797101def948ff952cd586c823e75f46c4c	Brass/OldTrombone/Sustain/Trombone_Sustain_C2_v4_2.wav
100644	blob	389acdc738d756e9b07058323a902ad2c1d5c88d	Brass/OldTrombone/Sustain/Trombone_Sustain_C2_v5_1.wav
100644	blob	a2cbc3941e541fcd557a56a97ca12a3aceaee960	Brass/OldTrombone/Sustain/Trombone_Sustain_C2_v5_2.wav
100644	blob	1bf807b8a36a8f0f3b7c1a5c4a090a00c3bc4a80	Brass/OldTrombone/Sustain/Trombone_Sustain_C3_v1_1.wav
100644	blob	1bbe57311bd1471d140f96c08e9beb98570c5048	Brass/OldTrombone/Sustain/Trombone_Sustain_C3_v1_2.wav
100644	blob	46994a9d9a818b97a79829db27f148bcacfc9ae6	Brass/OldTrombone/Sustain/Trombone_Sustain_C3_v2_1.wav
100644	blob	3339ee6c429d3fe8fe3878ac10abfefe2b55efeb	Brass/OldTrombone/Sustain/Trombone_Sustain_C3_v3_1.wav
100644	blob	b2b4b43a6bdf031444a9499a2f6125a6296d92c5	Brass/OldTrombone/Sustain/Trombone_Sustain_C3_v4_1.wav
100644	blob	755900888f020978c1ef310a9008d76c88839ddb	Brass/OldTrombone/Sustain/Trombone_Sustain_C3_v4_2.wav
100644	blob	b1426d3d5e37c41073e506ed410c57266a0b43dd	Brass/OldTrombone/Sustain/Trombone_Sustain_C3_v5_1.wav
100644	blob	eb97d25cb06bd5f8f9c13ee192943c5b0b02fffa	Brass/OldTrombone/Sustain/Trombone_Sustain_C3_v5_2.wav
100644	blob	3bc8660beabd40fa73035cbf954a154f697e4264	Brass/OldTrombone/Sustain/Trombone_Sustain_D#2_v1_1.wav
100644	blob	337533a1802d0a6d42bdd8e38257430904820962	Brass/OldTrombone/Sustain/Trombone_Sustain_D#2_v1_2.wav
100644	blob	47c8df2e4401a7ad8277dc7aff25332a691beb8a	Brass/OldTrombone/Sustain/Trombone_Sustain_D#2_v2_1.wav
100644	blob	3e4ac77aaf740e2240584cc70670eb23e410c3f1	Brass/OldTrombone/Sustain/Trombone_Sustain_D#2_v3_1.wav
100644	blob	c31cc363a494fdda0c4cc2826934373a4d79a417	Brass/OldTrombone/Sustain/Trombone_Sustain_D#2_v4_1.wav
100644	blob	f9b92558f32d703acdd5b630549dfc4ade6fd55b	Brass/OldTrombone/Sustain/Trombone_Sustain_D#2_v4_2.wav
100644	blob	fe3a502c9047026d45f64fb62c8682b0a79243bb	Brass/OldTrombone/Sustain/Trombone_Sustain_D#2_v5_1.wav
100644	blob	eb5fb53e0ba0892f7f262ced1779358b69e0e7bf	Brass/OldTrombone/Sustain/Trombone_Sustain_D#2_v5_2.wav
100644	blob	d7713b7ebbbe23ce0701d8b3d4ecc1912612057d	Brass/OldTrombone/Sustain/Trombone_Sustain_D#3_v1_1.wav
100644	blob	b11bdd63ded7b27e88cfbdda1d7afa02e11a135b	Brass/OldTrombone/Sustain/Trombone_Sustain_D#3_v1_2.wav
100644	blob	e223231dc33acd18ca5d4cd0ee71cb29cf178a71	Brass/OldTrombone/Sustain/Trombone_Sustain_D#3_v2_1.wav
100644	blob	ebfad529b7356deb3cd3d4d9a4b9dab0153e528c	Brass/OldTrombone/Sustain/Trombone_Sustain_D#3_v3_1.wav
100644	blob	367de12b0463fbde58506a93503a1c8fe862b689	Brass/OldTrombone/Sustain/Trombone_Sustain_D#3_v4_1.wav
100644	blob	18ea66c37f0944c15cc71fcbb2bdccc6d9ddc4eb	Brass/OldTrombone/Sustain/Trombone_Sustain_D#3_v4_2.wav
100644	blob	84deb254cd2ca9806808ee2c41168f9de7189f82	Brass/OldTrombone/Sustain/Trombone_Sustain_D#3_v5_1.wav
100644	blob	813f2c5960e66fbc51f8bcdef2bcb9f9252ffcf5	Brass/OldTrombone/Sustain/Trombone_Sustain_D#3_v5_2.wav
100644	blob	3c64d01b8010f781a66bb2777e355ab4bb0a304f	Brass/OldTrombone/Sustain/Trombone_Sustain_D2_v1_1.wav
100644	blob	ee9756fb81f2449e5108985f8a19d831b95bed4f	Brass/OldTrombone/Sustain/Trombone_Sustain_D2_v1_2.wav
100644	blob	16aa68d2cb2aaa54e922b4148dc2a2b392dc53e1	Brass/OldTrombone/Sustain/Trombone_Sustain_D2_v2_1.wav
100644	blob	e1e9a118561ae613ae65c34e98fdf68855e7154a	Brass/OldTrombone/Sustain/Trombone_Sustain_D2_v3_1.wav
100644	blob	2db98cd7a5a6a10052ba9703f36f513a680789c1	Brass/OldTrombone/Sustain/Trombone_Sustain_D2_v4_1.wav
100644	blob	d1264607267ff5caab9f69b286e89be4cb8931fc	Brass/OldTrombone/Sustain/Trombone_Sustain_D2_v4_2.wav
100644	blob	30510c8106df72b7b115d42719b6dd988969b52a	Brass/OldTrombone/Sustain/Trombone_Sustain_D2_v5_1.wav
100644	blob	b1fac175a99bd0c1ed4284092633862902b8a272	Brass/OldTrombone/Sustain/Trombone_Sustain_D2_v5_2.wav
100644	blob	a8d20c3af95a48c48cc9cc7349b394fbb7df2896	Brass/OldTrombone/Sustain/Trombone_Sustain_D3_v1_1.wav
100644	blob	b540981c68ab3bc2984a5345082b7f760d74bbed	Brass/OldTrombone/Sustain/Trombone_Sustain_D3_v1_2.wav
100644	blob	81f1d0927654be50f63003d850d4010e7f6ad323	Brass/OldTrombone/Sustain/Trombone_Sustain_D3_v2_1.wav
100644	blob	4318238f5cb2a847808f76063fca4c8a35855a43	Brass/OldTrombone/Sustain/Trombone_Sustain_D3_v3_1.wav
100644	blob	e9fef2837c3a5ac43d2dd97650c71621af2b036f	Brass/OldTrombone/Sustain/Trombone_Sustain_D3_v4_1.wav
100644	blob	c2f409590ad9db2bb421a0b82d19cc150c99252c	Brass/OldTrombone/Sustain/Trombone_Sustain_D3_v4_2.wav
100644	blob	ca0e4009190be4cf1a36381dcbcedb8ef9fe5c18	Brass/OldTrombone/Sustain/Trombone_Sustain_D3_v5_1.wav
100644	blob	e896f942caac81f5cce3ca104c140525cc24c1fb	Brass/OldTrombone/Sustain/Trombone_Sustain_D3_v5_2.wav
100644	blob	54ce2fec612e3bbe3797acce9d1f3382b38c87e7	Brass/OldTrombone/Sustain/Trombone_Sustain_F1_v1_1.wav
100644	blob	a81566f569e208e88f44bad6546b4789ee9fb536	Brass/OldTrombone/Sustain/Trombone_Sustain_F1_v1_2.wav
100644	blob	20ef0ad365a3291ad4763de3f474439f5fd3495b	Brass/OldTrombone/Sustain/Trombone_Sustain_F1_v2_1.wav
100644	blob	5502b8252245f3399a277fe8be5405f0371c92fe	Brass/OldTrombone/Sustain/Trombone_Sustain_F1_v3_1.wav
100644	blob	618f08fbd566a366ac38a2216ca43bea53570bd5	Brass/OldTrombone/Sustain/Trombone_Sustain_F1_v4_1.wav
100644	blob	557c20557828b7a40b68d134f97268e588e5207b	Brass/OldTrombone/Sustain/Trombone_Sustain_F1_v4_2.wav
100644	blob	d365662a75adf62bcdde7e98c921cb394618d37c	Brass/OldTrombone/Sustain/Trombone_Sustain_F1_v5_1.wav
100644	blob	986b8ba3def62b04b37308211f7677e1b4f13d2c	Brass/OldTrombone/Sustain/Trombone_Sustain_F1_v5_2.wav
100644	blob	557be09aeeabeab56fdfd672e281502cce4356c9	Brass/OldTrombone/Sustain/Trombone_Sustain_F2_v1_1.wav
100644	blob	1ea36d615f251820aaab10bc596bd4763a8dffe1	Brass/OldTrombone/Sustain/Trombone_Sustain_F2_v1_2.wav
100644	blob	c3c8eda2f65411468503c6d1850ecb144fcab161	Brass/OldTrombone/Sustain/Trombone_Sustain_F2_v2_1.wav
100644	blob	35350bc76226e93269fe34303b5bd7d16e6bc225	Brass/OldTrombone/Sustain/Trombone_Sustain_F2_v3_1.wav
100644	blob	6b3559d3d4e1823a60623e75c82f22d61cd7d4aa	Brass/OldTrombone/Sustain/Trombone_Sustain_F2_v4_1.wav
100644	blob	f8207d6f764c7dabf7e7de6f85e0dc14db709dbf	Brass/OldTrombone/Sustain/Trombone_Sustain_F2_v4_2.wav
100644	blob	e9375d355eaaa0f59608658af1e34f11daa12a29	Brass/OldTrombone/Sustain/Trombone_Sustain_F2_v5_1.wav
100644	blob	d23f9ec8a9b06b7bb7734a589debf60d94ece33e	Brass/OldTrombone/Sustain/Trombone_Sustain_F2_v5_2.wav
100644	blob	7a88b5de6765daf6fb4d924fca28c56d0d33d6c9	Brass/OldTrombone/Sustain/Trombone_Sustain_F3_v1_1.wav
100644	blob	4c1ea26612270c4bdbf64c39a82b2824b898769a	Brass/OldTrombone/Sustain/Trombone_Sustain_F3_v1_2.wav
100644	blob	1bbfcc15260d3726e4a675e11514dc7a9ac09b7a	Brass/OldTrombone/Sustain/Trombone_Sustain_F3_v2_1.wav
100644	blob	7131eeddbca3dad0b703695ef36a907c08ea4599	Brass/OldTrombone/Sustain/Trombone_Sustain_F3_v3_1.wav
100644	blob	33cd820eeb6bbed915389db153edd8817aa1f347	Brass/OldTrombone/Sustain/Trombone_Sustain_F3_v4_1.wav
100644	blob	c8d408bbb0ddf52f0a5c90e90e7d030ced888f55	Brass/OldTrombone/Sustain/Trombone_Sustain_F3_v4_2.wav
100644	blob	8dc0f99701bcce5271663b9fa7c869cab8e468aa	Brass/OldTrombone/Sustain/Trombone_Sustain_F3_v5_1.wav
100644	blob	0858401da706f428325c830d7ac7056a22cedb8b	Brass/OldTrombone/Sustain/Trombone_Sustain_F3_v5_2.wav
100644	blob	73a620ed718c986ff392113dd625d5541cb66b9f	Brass/OldTrombone/Sustain/Trombone_Sustain_G1_v1_1.wav
100644	blob	60329e6f72b15a378d435d21070746e18c4852a1	Brass/OldTrombone/Sustain/Trombone_Sustain_G1_v1_2.wav
100644	blob	ec7ec81f39c18ce43b236bd079fa284741b7787f	Brass/OldTrombone/Sustain/Trombone_Sustain_G1_v2_1.wav
100644	blob	195e4e45cb2e4ab1f67605480f100353c9374d6b	Brass/OldTrombone/Sustain/Trombone_Sustain_G1_v3_1.wav
100644	blob	971bbdf92463121d45f72dcf33ef612b1836d037	Brass/OldTrombone/Sustain/Trombone_Sustain_G1_v3_2.wav
100644	blob	b05ab701594ce09749747aa38224ef42cc963ef8	Brass/OldTrombone/Sustain/Trombone_Sustain_G1_v4_1.wav
100644	blob	519e55b48b9853a4b5170fd7ef26d645c33d1274	Brass/OldTrombone/Sustain/Trombone_Sustain_G1_v4_2.wav
100644	blob	31b48db5ad1fb53e0ddc6d82da4a1db4f30de101	Brass/OldTrombone/Sustain/Trombone_Sustain_G1_v5_1.wav
100644	blob	2a6865e8069e3d115251629ce3d0b67bede0eecd	Brass/OldTrombone/Sustain/Trombone_Sustain_G1_v5_2.wav
100644	blob	91a2c65148677a5c0a1dd1f11df26c91d48798f6	Brass/OldTrombone/Sustain/Trombone_Sustain_G2_v1_1.wav
100644	blob	491c4919fd872ce120e7bab3e41668bcda82ece2	Brass/OldTrombone/Sustain/Trombone_Sustain_G2_v1_2.wav
100644	blob	58996b7da93c0ed97e02bd7d7c583d2dea504629	Brass/OldTrombone/Sustain/Trombone_Sustain_G2_v2_1.wav
100644	blob	9d08f83cd1fcfcd0d128de50f3967fe0451189a7	Brass/OldTrombone/Sustain/Trombone_Sustain_G2_v3_1.wav
100644	blob	0d1f8e1900de5216141677dd51ec650d762de6d3	Brass/OldTrombone/Sustain/Trombone_Sustain_G2_v4_1.wav
100644	blob	700e065eaa420d51b2dbd5e417125cb742371dba	Brass/OldTrombone/Sustain/Trombone_Sustain_G2_v4_2.wav
100644	blob	64c92b978548e180c9f678016747e1367aada211	Brass/OldTrombone/Sustain/Trombone_Sustain_G2_v5_1.wav
100644	blob	3a92576d3e44c489db6b94ee29b69096d7f04e1f	Brass/OldTrombone/Sustain/Trombone_Sustain_G2_v5_2.wav
100644	blob	635062308c738e2ae43cf9c00a354706d285fab9	Brass/OldTrombone/Sustain/Trombone_Sustain_G3_v2_1.wav
100644	blob	5ec529c77a5d566942110a328e873c09eeb7f844	Brass/OldTrombone/Sustain/Trombone_Sustain_G3_v2_2.wav
100644	blob	3118efac04669dcc0fea07a2de363e49cd2c2902	Brass/OldTrombone/Sustain/Trombone_Sustain_G3_v5_1.wav
040000	tree	7add55873b950f003b7d65c3346083aa58f6b3c0	Brass/OldTrombone/Vibrato
100644	blob	51ca116cd5038c38353be48238e4f824bb9cbcdc	Brass/OldTrombone/Vibrato/Trombone_Vibrato_A#1_v1_1.wav
100644	blob	ac1a0197742484a11dd131929c4f005988196f69	Brass/OldTrombone/Vibrato/Trombone_Vibrato_A#1_v1_2.wav
100644	blob	8c33443776164a8b259ab5ff1413b016fcc3d8f5	Brass/OldTrombone/Vibrato/Trombone_Vibrato_A#1_v1_3.wav
100644	blob	fd13e95f2f46db49f4f9060e5c35f9d3b182b58d	Brass/OldTrombone/Vibrato/Trombone_Vibrato_A#2_v1_1.wav
100644	blob	b2b2c0e294567ddd43df3c165e40530ba6c3e3d1	Brass/OldTrombone/Vibrato/Trombone_Vibrato_A#2_v1_2.wav
100644	blob	6eb7415b111b84d9bd86c3dc3793f7b3ce460cb1	Brass/OldTrombone/Vibrato/Trombone_Vibrato_A#2_v1_3.wav
100644	blob	003694c926583418d81a9cf817c413cb9c327741	Brass/OldTrombone/Vibrato/Trombone_Vibrato_A2_v1_1.wav
100644	blob	72abe973ef593c0edf7028b6d050f9ce7f7b82d0	Brass/OldTrombone/Vibrato/Trombone_Vibrato_A2_v1_2.wav
100644	blob	32d7eba5374fe0eabbdc290278d2557f26cc2433	Brass/OldTrombone/Vibrato/Trombone_Vibrato_A2_v1_3.wav
100644	blob	ccd675a09550e6303e9f067d2cda7b8f0a26ef4f	Brass/OldTrombone/Vibrato/Trombone_Vibrato_C2_v1_1.wav
100644	blob	64c4cfb11d70aff1447e7f3cfd8407870c56a320	Brass/OldTrombone/Vibrato/Trombone_Vibrato_C2_v1_2.wav
100644	blob	4f9eb9d8aac45296a0f5a34e4ea0b48a1d7f0c0f	Brass/OldTrombone/Vibrato/Trombone_Vibrato_C3_v1_1.wav
100644	blob	0f025988f49b9f355b4cfba7108ff7f766f466e8	Brass/OldTrombone/Vibrato/Trombone_Vibrato_D#2_v1_1.wav
100644	blob	3ae5e7a42a863d2bc9f0660f5da34d13f2262d92	Brass/OldTrombone/Vibrato/Trombone_Vibrato_D#2_v1_2.wav
100644	blob	6a892f9884a204c21489ec23d8f486e774e844f1	Brass/OldTrombone/Vibrato/Trombone_Vibrato_D#3_v1_1.wav
100644	blob	9e038bfe3280cb3efe8e94ccf72cad88d5c851ea	Brass/OldTrombone/Vibrato/Trombone_Vibrato_D2_v1_1.wav
100644	blob	4f801e1e1e361fee468bc64aed244262c66c06bc	Brass/OldTrombone/Vibrato/Trombone_Vibrato_D2_v1_2.wav
100644	blob	a3788b5311ea05e30a5943c6ce6a72a0d486b14d	Brass/OldTrombone/Vibrato/Trombone_Vibrato_D3_v1_1.wav
100644	blob	b90090072b3b88f7e8df8324669f3b54d5e6e342	Brass/OldTrombone/Vibrato/Trombone_Vibrato_F2_v1_1.wav
100644	blob	fe2e94e25802642b1d88d57fffaad475c28d7b8d	Brass/OldTrombone/Vibrato/Trombone_Vibrato_F2_v1_2.wav
100644	blob	eed9ca8d673a2de3af1e7faa6db6de3c0f23eb3a	Brass/OldTrombone/Vibrato/Trombone_Vibrato_F3_v1_1.wav
100644	blob	d645167c87024729eda454bb13a98d2871b26e4b	Brass/OldTrombone/Vibrato/Trombone_Vibrato_G2_v1_1.wav
100644	blob	0763a2508aa7be732134fdd34ded40bc811a5ee2	Brass/OldTrombone/Vibrato/Trombone_Vibrato_G2_v1_2.wav
040000	tree	9903d0e81d7ee5ab00cc436831616d375bdfbf4c	Brass/Tenor Trombone
040000	tree	c62c8ad2e800b5f340743a9708227790fb19cb80	Brass/Tenor Trombone/stac
100644	blob	8937a788f22f3abd6c8b3d17d3924b47ae08d32f	Brass/Tenor Trombone/stac/tenortbn_stac_A#0_v1_rr1.wav
100644	blob	626b72a06c8f16e7b405c05c4d9d5f525d631b65	Brass/Tenor Trombone/stac/tenortbn_stac_A#0_v1_rr2.wav
100644	blob	8fd5f3092b2d9d88e51a1e3e423525ee4c0d6ede	Brass/Tenor Trombone/stac/tenortbn_stac_A#0_v2_rr1.wav
100644	blob	cee76883dd41d147ac4de73b5d38758029dd8ccc	Brass/Tenor Trombone/stac/tenortbn_stac_A#0_v2_rr2.wav
100644	blob	95673324beff9f3303d5ae3fe16b73e6e5501c2b	Brass/Tenor Trombone/stac/tenortbn_stac_A#0_v3_rr1.wav
100644	blob	72ff8d0ebff690c764e6ef355c5036ae0acce5ab	Brass/Tenor Trombone/stac/tenortbn_stac_A#0_v3_rr2.wav
100644	blob	72c262cae03320cea616854e6e9a7edd87c03445	Brass/Tenor Trombone/stac/tenortbn_stac_A#0_v4_rr1.wav
100644	blob	9f35ceb2fc078fca63f93ec75413e6b504884c31	Brass/Tenor Trombone/stac/tenortbn_stac_A#0_v4_rr2.wav
100644	blob	be9d933594ffc7e8883c613b527413682a8440f1	Brass/Tenor Trombone/stac/tenortbn_stac_A#1_v1_rr1.wav
100644	blob	69e3c0348d2520f20fd25c7ca361021f78a29dcb	Brass/Tenor Trombone/stac/tenortbn_stac_A#1_v1_rr2.wav
100644	blob	b489cd5449d3d082220faf517c005822808d0b4b	Brass/Tenor Trombone/stac/tenortbn_stac_A#1_v2_rr1.wav
100644	blob	71e190a8060be44609af48f42bac7ddcd47850bc	Brass/Tenor Trombone/stac/tenortbn_stac_A#1_v2_rr2.wav
100644	blob	79b0f7b1417faddc46890bb92508e52021d5da03	Brass/Tenor Trombone/stac/tenortbn_stac_A#1_v3_rr1.wav
100644	blob	0c049f2b38424f1e7cddd1bb2773b7923efff2fb	Brass/Tenor Trombone/stac/tenortbn_stac_A#1_v3_rr2.wav
100644	blob	9947fab6818aebb2977c473e964088638b02ff14	Brass/Tenor Trombone/stac/tenortbn_stac_A#1_v4_rr1.wav
100644	blob	d323f7ba3db673b459f94b23175e9305a5a2995d	Brass/Tenor Trombone/stac/tenortbn_stac_A#1_v4_rr2.wav
100644	blob	14fe341ff5e398a3230f76fe91ab6d9f6dbc8211	Brass/Tenor Trombone/stac/tenortbn_stac_A#2_v1_rr1.wav
100644	blob	22bebbb1d39a81e3d753912ebe2f936ef9768038	Brass/Tenor Trombone/stac/tenortbn_stac_A#2_v1_rr2.wav
100644	blob	ef7315518f9ea88e4b8195f7659f83fc7a6f6b08	Brass/Tenor Trombone/stac/tenortbn_stac_A#2_v2_rr1.wav
100644	blob	d61ee7e58ab90ceec1f1bfdbaf5c0bab6f912ed8	Brass/Tenor Trombone/stac/tenortbn_stac_A#2_v2_rr2.wav
100644	blob	ce149164e8a227ffbe3adfbed37181223dbe05d2	Brass/Tenor Trombone/stac/tenortbn_stac_A#2_v3_rr1.wav
100644	blob	56fd03961972f3b2a8c894cbe9256b376ca1eb0c	Brass/Tenor Trombone/stac/tenortbn_stac_A#2_v3_rr2.wav
100644	blob	df7df76b2dc43e31e2848b5942b91ffcc4da6548	Brass/Tenor Trombone/stac/tenortbn_stac_A#2_v4_r2.wav
100644	blob	8d68825cf75741d32d75bd182130bb6ebb0bf3e9	Brass/Tenor Trombone/stac/tenortbn_stac_A#2_v4_rr1.wav
100644	blob	b40fe1e2b7bf70663fd7435e6b4e9634a66a955a	Brass/Tenor Trombone/stac/tenortbn_stac_D3_v1_rr1.wav
100644	blob	a09f2b65aaaa0a3a1af410dc990f2e8376ccaa8a	Brass/Tenor Trombone/stac/tenortbn_stac_D3_v1_rr2.wav
100644	blob	5bda44b54bb60e7e1e681319928394b47a5eef5a	Brass/Tenor Trombone/stac/tenortbn_stac_D3_v2_rr1.wav
100644	blob	203a5ba1ab630d194c4cd28f2f584572b94c31f7	Brass/Tenor Trombone/stac/tenortbn_stac_D3_v2_rr2.wav
100644	blob	edeb1555e4d30c6e981c03a982a7d9149c3d79fb	Brass/Tenor Trombone/stac/tenortbn_stac_D3_v3_rr1.wav
100644	blob	f321ddf3d08d458faeef57da0c445ea3f8674bbd	Brass/Tenor Trombone/stac/tenortbn_stac_D3_v3_rr2.wav
100644	blob	3806b91e69df67b6c065fe80fd629df65b5391d4	Brass/Tenor Trombone/stac/tenortbn_stac_D3_v4_rr1.wav
100644	blob	688419e623c8022563d8b1880e2ab5fc4aa93bf9	Brass/Tenor Trombone/stac/tenortbn_stac_D3_v4_rr2.wav
100644	blob	609aad6d7ef959889bc778c49cb76e257fbc9d86	Brass/Tenor Trombone/stac/tenortbn_stac_F1_v1_rr1.wav
100644	blob	76f9d9b968070f008fc44d8708c9495fcb811f23	Brass/Tenor Trombone/stac/tenortbn_stac_F1_v1_rr2.wav
100644	blob	93aec9029a704da43e0ad75a97fe25692f567094	Brass/Tenor Trombone/stac/tenortbn_stac_F1_v2_rr1.wav
100644	blob	f214d71c40e7a392015d88349c24d3e7709585cd	Brass/Tenor Trombone/stac/tenortbn_stac_F1_v2_rr2.wav
100644	blob	f103568b26e144a4a284f76e1902bd4a5ed754bb	Brass/Tenor Trombone/stac/tenortbn_stac_F1_v3_rr1.wav
100644	blob	b79bb400b9d39638fdbdfff4771bc1ec6ca83b51	Brass/Tenor Trombone/stac/tenortbn_stac_F1_v3_rr2.wav
100644	blob	2a88b80622277b5a4739445a7945cdc7a95123b8	Brass/Tenor Trombone/stac/tenortbn_stac_F1_v4_rr1.wav
100644	blob	0f778971b23d1c279757fc918fb822959294868e	Brass/Tenor Trombone/stac/tenortbn_stac_F1_v4_rr2.wav
100644	blob	9286c22ff7fa3cea82617611f83189a170930d8d	Brass/Tenor Trombone/stac/tenortbn_stac_F2_v1_rr1.wav
100644	blob	e04d0180b6758368018cdac8de3c8884a0359b54	Brass/Tenor Trombone/stac/tenortbn_stac_F2_v1_rr2.wav
100644	blob	7fb521ee3cc17335cc454359f8801d7211598c84	Brass/Tenor Trombone/stac/tenortbn_stac_F2_v2_rr1.wav
100644	blob	2b2813053dcabeb7ef0f794a1c9b950adf0db15f	Brass/Tenor Trombone/stac/tenortbn_stac_F2_v2_rr2.wav
100644	blob	15d871a42884a9a6c8300021790e94a38a9c297b	Brass/Tenor Trombone/stac/tenortbn_stac_F2_v3_rr1.wav
100644	blob	00a9f623324538a93e90e2bdfc5c24b8b27cb06d	Brass/Tenor Trombone/stac/tenortbn_stac_F2_v3_rr2.wav
100644	blob	1ccb564b7564df62ac16af6947e1216489730941	Brass/Tenor Trombone/stac/tenortbn_stac_F2_v4_rr1.wav
100644	blob	86b845ae3d94c6e8213b61364a37c318904efc00	Brass/Tenor Trombone/stac/tenortbn_stac_F2_v4_rr2.wav
100644	blob	7117430dfa725072c048ffab44998e685d81bd91	Brass/Tenor Trombone/stac/tenortbn_stac_F3_v1_rr1.wav
100644	blob	1adac947367a59bc188842e8b645a805f03f1e4e	Brass/Tenor Trombone/stac/tenortbn_stac_F3_v1_rr2.wav
100644	blob	6413045836a20da7a60cf5a0ce67efb44fe55e27	Brass/Tenor Trombone/stac/tenortbn_stac_F3_v2_rr1.wav
100644	blob	5e568a1abbb8469c8e2ad7d7deeb3621da086d4f	Brass/Tenor Trombone/stac/tenortbn_stac_F3_v2_rr2.wav
100644	blob	a1257ab3aa44b2e2464d82624087b3eb36783838	Brass/Tenor Trombone/stac/tenortbn_stac_F3_v3_rr1.wav
100644	blob	019eb003bcf58fa164cfdcf47316748b72cdaa7a	Brass/Tenor Trombone/stac/tenortbn_stac_F3_v3_rr2.wav
100644	blob	eca22d71889ee09f22e91af77b4a1dd8d6305758	Brass/Tenor Trombone/stac/tenortbn_stac_F3_v4_rr1.wav
100644	blob	6544d23257b3106d0f5aff57c2bf66906229997f	Brass/Tenor Trombone/stac/tenortbn_stac_F3_v4_rr2.wav
040000	tree	638751a8dd32f9450d8a818bb24420ac64ec8c12	Brass/Tenor Trombone/sus
100644	blob	adf430c94439820bb8876f7208b8f1756eb101c4	Brass/Tenor Trombone/sus/tenortbn_sus_A#0_v1_1.wav
100644	blob	e81b27ce12cc7921533136f7c822ad66bde17b48	Brass/Tenor Trombone/sus/tenortbn_sus_A#0_v2_1.wav
100644	blob	bebc48d3e9e0a15c375bfb331d8c0034d2bf3d52	Brass/Tenor Trombone/sus/tenortbn_sus_A#1_v1_1.wav
100644	blob	bfed422b95827132a8cd27cdf5f6bc3073dbc293	Brass/Tenor Trombone/sus/tenortbn_sus_A#1_v2_1.wav
100644	blob	52f58161c3944d30fb5598144697650b29224947	Brass/Tenor Trombone/sus/tenortbn_sus_A#1_v3_1.wav
100644	blob	ecf7830fd218e877e6c761ba755e57c3cad81ac5	Brass/Tenor Trombone/sus/tenortbn_sus_C#1_v1_1.wav
100644	blob	232b246c39891a738c246a41685a2ed5a7c7470d	Brass/Tenor Trombone/sus/tenortbn_sus_C#1_v2_1.wav
100644	blob	4388462bb1234613e754ad798404cc6b3e0fa792	Brass/Tenor Trombone/sus/tenortbn_sus_C#3_v1_1.wav
100644	blob	8e546c8995c15c63c856099030ae45c5abbc8924	Brass/Tenor Trombone/sus/tenortbn_sus_C#3_v2_1.wav
100644	blob	dfb869ad2e91b4fca51c017c7517c1bbf9958ce6	Brass/Tenor Trombone/sus/tenortbn_sus_C#3_v3_1.wav
100644	blob	b61096af88a303b6acc983e8a6aa22c83f3a8233	Brass/Tenor Trombone/sus/tenortbn_sus_C3_v1_1.wav
100644	blob	dbb030c2fdcfddf56ec0cbd1cc9cc2c03eb3aa33	Brass/Tenor Trombone/sus/tenortbn_sus_C3_v2_1.wav
100644	blob	a91b32be153b69d65c46f5be1e38310c70353661	Brass/Tenor Trombone/sus/tenortbn_sus_C3_v3_1.wav
100644	blob	3ada83e7586270bb31bd388a0c8236adcc4aa5a4	Brass/Tenor Trombone/sus/tenortbn_sus_D#1_v1_1.wav
100644	blob	1ed2a84fb7bb34ab7cb80dd9e60adedf3e544a2b	Brass/Tenor Trombone/sus/tenortbn_sus_D#1_v2_1.wav
100644	blob	f40c52cd3f82d755429815e79e1541554ea5b48d	Brass/Tenor Trombone/sus/tenortbn_sus_D#1_v3_1.wav
100644	blob	a40cbae87dab599f03cce9319cfcdac5b90293d7	Brass/Tenor Trombone/sus/tenortbn_sus_D#3_v1_1.wav
100644	blob	f328088a8745a2c01d1d39c78db9a65599f86bca	Brass/Tenor Trombone/sus/tenortbn_sus_D#3_v2_1.wav
100644	blob	cb97ac413666687d63624c704e832b4196e0ddd6	Brass/Tenor Trombone/sus/tenortbn_sus_D#3_v3_1.wav
100644	blob	2721e50862bd57ada8245162917fc048e03b061a	Brass/Tenor Trombone/sus/tenortbn_sus_D2_v1_1.wav
100644	blob	879dbfba0ad741de2c7b34688ce7a6c763b54da2	Brass/Tenor Trombone/sus/tenortbn_sus_D2_v2_1.wav
100644	blob	eef36ce79c6497eacde16aca18edbfbd0418e837	Brass/Tenor Trombone/sus/tenortbn_sus_D2_v3_1.wav
100644	blob	c9214a98d0743da8a396db3fdfa3c9cbdd07b5ce	Brass/Tenor Trombone/sus/tenortbn_sus_F1_v1_1.wav
100644	blob	baabbbd2f72b8e34259cef60bde4b6c2f1fd554c	Brass/Tenor Trombone/sus/tenortbn_sus_F1_v2_1.wav
100644	blob	81a07a374fad649fb6d2589cea8756b0af3fc8f2	Brass/Tenor Trombone/sus/tenortbn_sus_F1_v3_1.wav
100644	blob	7f98be760c0092deabe3026562d783b6473772bf	Brass/Tenor Trombone/sus/tenortbn_sus_F2_v1_1.wav
100644	blob	34359f397938e10a675d5906f21cd90392cad15b	Brass/Tenor Trombone/sus/tenortbn_sus_F2_v2_1.wav
100644	blob	f6c1025383f62db27083c3cb78d5046d748ada4c	Brass/Tenor Trombone/sus/tenortbn_sus_F2_v3_1.wav
100644	blob	4c6cd39dc8a64bf7517308616a6390cce1e190e5	Brass/Tenor Trombone/sus/tenortbn_sus_F3_v1_1.wav
100644	blob	aad935618350cdffb0af783043d3b63e00b6092a	Brass/Tenor Trombone/sus/tenortbn_sus_F3_v2_1.wav
100644	blob	c6164474bad88e9d7718358a669ba076d825fff7	Brass/Tenor Trombone/sus/tenortbn_sus_F3_v3_1.wav
040000	tree	0e42109c562897d733241ecda76e53d1d8bb2030	Brass/Tenor Trombone/vib
100644	blob	d75276cacc60d0dd723360b27a45d263b1d3c803	Brass/Tenor Trombone/vib/tenortbn_vib_A#1_v1_1.wav
100644	blob	fbf3af52bfb43269f3ed6b9bd1d9c3caa8cc9c83	Brass/Tenor Trombone/vib/tenortbn_vib_A#2_v1_1.wav
100644	blob	e317a0bd1ddd1bb29a74a46ea48d0ee83fa81ec6	Brass/Tenor Trombone/vib/tenortbn_vib_C2_v1_1.wav
100644	blob	12fc2be5cfc4c36b15d35dc037b6f0deb287a257	Brass/Tenor Trombone/vib/tenortbn_vib_C3_v1_1.wav
100644	blob	f5f3ec888aa9bfba6923c4c867ee05445d1abfc8	Brass/Tenor Trombone/vib/tenortbn_vib_D#2_v1_1.wav
100644	blob	58eda2a6f51f70dbda0b8cb2935642b9c806f060	Brass/Tenor Trombone/vib/tenortbn_vib_D#3_v1_1.wav
100644	blob	7bd8d603e324ab3b0f9f36a336241b664c9f2f41	Brass/Tenor Trombone/vib/tenortbn_vib_D3_v1_1.wav
100644	blob	0622467ea271d1c7cc3cfdbc0a7adef3760cb41d	Brass/Tenor Trombone/vib/tenortbn_vib_F1_v1_1.wav
100644	blob	90e2e551f6638702ad3bd81cd98522438db0216c	Brass/Tenor Trombone/vib/tenortbn_vib_F2_v1_1.wav
100644	blob	457f46e2152abc5ac241d47ae105c3c3ded7ff0d	Brass/Tenor Trombone/vib/tenortbn_vib_G#1_v1_1.wav
100644	blob	55c0392d54f46a4acddb9f7e665a8731696703c7	Brass/Tenor Trombone/vib/tenortbn_vib_G#2_v1_1.wav
100644	blob	bdb103636849245ae16199df0266ef1f5bb3661c	Brass/Tenor Trombone/vib/tenortbn_vib_G#2_v1_2.wav
040000	tree	4edff4604042f6b8ba32add4961175e0ce40c9e3	Brass/Trumpet
040000	tree	aad4e18e1fc0a0af49c8ae7ec70a7ff2e22f56ea	Brass/Trumpet/harmonM-sus
100644	blob	8c07d36b12377e768b3a4e8d03de8f4d913239c9	Brass/Trumpet/harmonM-sus/Sum_SHTrumpet_harmonM-sus_A#2_v1_rr1.wav
100644	blob	f56faa2b68ad2d8423b051820ce6104afaa1526c	Brass/Trumpet/harmonM-sus/Sum_SHTrumpet_harmonM-sus_A#2_v3_rr1.wav
100644	blob	c315e277948b8305d5acbb9c0555a546d30c4525	Brass/Trumpet/harmonM-sus/Sum_SHTrumpet_harmonM-sus_A#3_v1_rr1.wav
100644	blob	501b6c74ec9dd3d76c01bab747b12117ccc54e2c	Brass/Trumpet/harmonM-sus/Sum_SHTrumpet_harmonM-sus_A#3_v3_rr1.wav
100644	blob	c4e1f6cf2081af12dbd2f57c85b1882b5575a0d4	Brass/Trumpet/harmonM-sus/Sum_SHTrumpet_harmonM-sus_A4_v1_rr1.wav
100644	blob	9391555a51d531dd298e7afb0ae8b6026043cf0e	Brass/Trumpet/harmonM-sus/Sum_SHTrumpet_harmonM-sus_A4_v3_rr1.wav
100644	blob	03bbd1cd153bf117a93d5d49b0c8eaa1f05476bc	Brass/Trumpet/harmonM-sus/Sum_SHTrumpet_harmonM-sus_C3_v1_rr1.wav
100644	blob	3a9526c98636a9b629c99493fc9f493ad1ab27a4	Brass/Trumpet/harmonM-sus/Sum_SHTrumpet_harmonM-sus_C3_v3_rr1.wav
100644	blob	153fb63335248e4aaaf69f4f8a5ee1153f2bcfc8	Brass/Trumpet/harmonM-sus/Sum_SHTrumpet_harmonM-sus_D#3_v1_rr1.wav
100644	blob	1327865c91e16194188b70ab794076649e44b80b	Brass/Trumpet/harmonM-sus/Sum_SHTrumpet_harmonM-sus_D#3_v3_rr1.wav
100644	blob	678536700d07c4f1f641e59560620be20afb045a	Brass/Trumpet/harmonM-sus/Sum_SHTrumpet_harmonM-sus_D4_v1_rr1.wav
100644	blob	4f7d4d7e3464a930b79e976676e305deba4eb55b	Brass/Trumpet/harmonM-sus/Sum_SHTrumpet_harmonM-sus_D4_v3_rr1.wav
100644	blob	9d0e7c7cdbddd5030e0086d377e5782bc693fa85	Brass/Trumpet/harmonM-sus/Sum_SHTrumpet_harmonM-sus_F4_v1_rr1.wav
100644	blob	566757e99d7aa371cec3c4f8081dc1378c43f056	Brass/Trumpet/harmonM-sus/Sum_SHTrumpet_harmonM-sus_F4_v3_rr1.wav
100644	blob	3f2579627d5bc4d2411d40ce5e210ada07fc46a2	Brass/Trumpet/harmonM-sus/Sum_SHTrumpet_harmonM-sus_G#3_v1_rr1.wav
100644	blob	f7820867c8299e237d3fd423c7febcc49c604cb8	Brass/Trumpet/harmonM-sus/Sum_SHTrumpet_harmonM-sus_G#3_v3_rr1.wav
040000	tree	12b8a7dc2f267cb64419284df4f1d9affeeaa148	Brass/Trumpet/stac
100644	blob	bf0e95a8fd3e63f12d208a946bfcd659b407e1bc	Brass/Trumpet/stac/Sum_SHTrumpet_stac_A#3_v1_rr1.wav
100644	blob	199c5ac074304d2a3b0dc95a3b10cae790913396	Brass/Trumpet/stac/Sum_SHTrumpet_stac_A#3_v1_rr2.wav
100644	blob	2da16b369ecc935ce024f1250afc4fb2dc151eb6	Brass/Trumpet/stac/Sum_SHTrumpet_stac_A#3_v2_rr1.wav
100644	blob	eed06e0833c95cf381ec231b1d737e2eba82d14f	Brass/Trumpet/stac/Sum_SHTrumpet_stac_A#3_v2_rr2.wav
100644	blob	b7f76652558f4b2bc8065424e9e8b119859deb8d	Brass/Trumpet/stac/Sum_SHTrumpet_stac_A#3_v3_rr1.wav
100644	blob	df3b1287a88e26172ef1c5d83f0b12a08cf30e07	Brass/Trumpet/stac/Sum_SHTrumpet_stac_A#3_v3_rr2.wav
100644	blob	f37fbc8a9bec8ac95a28b359ae13f2db9d1259e5	Brass/Trumpet/stac/Sum_SHTrumpet_stac_A2_v1_rr1.wav
100644	blob	1958d00def0a6e62ae72f959c1dd7773591e167d	Brass/Trumpet/stac/Sum_SHTrumpet_stac_A2_v1_rr2.wav
100644	blob	24bd1d129ebf8af4b218699193be85f2d4fc0471	Brass/Trumpet/stac/Sum_SHTrumpet_stac_A2_v2_rr1.wav
100644	blob	e1ade182454040684d8689235d7182d268973bc7	Brass/Trumpet/stac/Sum_SHTrumpet_stac_A2_v2_rr2.wav
100644	blob	3096788299a4fdbef104a517b885d0105b7cf9ac	Brass/Trumpet/stac/Sum_SHTrumpet_stac_A2_v3_rr1.wav
100644	blob	7411f2aa7ddf090f97d7477e737b70f7a8bbea9a	Brass/Trumpet/stac/Sum_SHTrumpet_stac_A2_v3_rr2.wav
100644	blob	4a7e8e27138b468aa8c4bdff2d14d29a73a4fdcc	Brass/Trumpet/stac/Sum_SHTrumpet_stac_A4_v1_rr1.wav
100644	blob	33e4fb87dff994f4c98c5a49ecc06e91e1591cbf	Brass/Trumpet/stac/Sum_SHTrumpet_stac_A4_v1_rr2.wav
100644	blob	e756e2573b1112d1c0a182ffedb71237006e8ff9	Brass/Trumpet/stac/Sum_SHTrumpet_stac_A4_v2_rr1.wav
100644	blob	c0822dbc84bbecbf671165b3731b8afeccadf088	Brass/Trumpet/stac/Sum_SHTrumpet_stac_A4_v2_rr2.wav
100644	blob	756e786aeabfe7b27f1b66c212ce824d5608de4e	Brass/Trumpet/stac/Sum_SHTrumpet_stac_A4_v3_rr1.wav
100644	blob	816cb43dc8f09ad900246dd00a4880a3d62c310c	Brass/Trumpet/stac/Sum_SHTrumpet_stac_A4_v3_rr2.wav
100644	blob	73bc75a68458df9dac5946665c206be58e4f4899	Brass/Trumpet/stac/Sum_SHTrumpet_stac_C3_v1_rr1.wav
100644	blob	c326617e07521b04cb6df3c4cdbc040e48fcfc74	Brass/Trumpet/stac/Sum_SHTrumpet_stac_C3_v1_rr2.wav
100644	blob	ab8da5c0a735702b45b8c4dada74f74abf816218	Brass/Trumpet/stac/Sum_SHTrumpet_stac_C3_v2_rr1.wav
100644	blob	2e3fa81623f9d20872f3b6aab25fc423e8ea6636	Brass/Trumpet/stac/Sum_SHTrumpet_stac_C3_v2_rr2.wav
100644	blob	2f50c4afc81b078ba9d67d75212d398b5115bfe6	Brass/Trumpet/stac/Sum_SHTrumpet_stac_C3_v3_rr1.wav
100644	blob	a1aaf39ce40739defd53021d08e00f8f3540bd2a	Brass/Trumpet/stac/Sum_SHTrumpet_stac_C3_v3_rr2.wav
100644	blob	234aa7a8f29ad31675b83baaff1c135fa190c04c	Brass/Trumpet/stac/Sum_SHTrumpet_stac_C5_v1_rr1.wav
100644	blob	4277f766095fe63c2348352ef9d61f83b9165366	Brass/Trumpet/stac/Sum_SHTrumpet_stac_C5_v1_rr2.wav
100644	blob	864e7856744bed4c94c9d2e50b74c02b0e5d4817	Brass/Trumpet/stac/Sum_SHTrumpet_stac_C5_v2_rr1.wav
100644	blob	b5b2dcabc2a1f07a81b3605f8299f3244fb865dd	Brass/Trumpet/stac/Sum_SHTrumpet_stac_C5_v2_rr2.wav
100644	blob	059a10515dc4ed409dfea126cff0e0a1b46cd3a7	Brass/Trumpet/stac/Sum_SHTrumpet_stac_C5_v3_rr1.wav
100644	blob	371b3c89b59fa63405e0e1e8909ae473104a3049	Brass/Trumpet/stac/Sum_SHTrumpet_stac_C5_v3_rr2.wav
100644	blob	0daa5f3026acbb9d2e71d1e93ce7af262e211875	Brass/Trumpet/stac/Sum_SHTrumpet_stac_D#3_v1_rr1.wav
100644	blob	e54f1ee5338150b5ae9eb23f21adb28b1f13f427	Brass/Trumpet/stac/Sum_SHTrumpet_stac_D#3_v1_rr2.wav
100644	blob	a88c16c3a48afb44991c1b2d99fb1394195161f7	Brass/Trumpet/stac/Sum_SHTrumpet_stac_D#3_v2_rr1.wav
100644	blob	2087047717d10850a622600ca73ac34799653413	Brass/Trumpet/stac/Sum_SHTrumpet_stac_D#3_v2_rr2.wav
100644	blob	77d17d832af6f646de8b2cb2e2793f87e939076f	Brass/Trumpet/stac/Sum_SHTrumpet_stac_D#3_v3_rr1.wav
100644	blob	427677a8e7fe48b551ef171c64cfb1414a49550b	Brass/Trumpet/stac/Sum_SHTrumpet_stac_D#3_v3_rr2.wav
100644	blob	9362f406faf92752f69f81a3e64924850f4cb829	Brass/Trumpet/stac/Sum_SHTrumpet_stac_D4_v1_rr1.wav
100644	blob	7e804b845c8db49962a83a30a30f971270f9fd3f	Brass/Trumpet/stac/Sum_SHTrumpet_stac_D4_v1_rr2.wav
100644	blob	80d482935d4b79a80938c30dc6f083bfe206e9be	Brass/Trumpet/stac/Sum_SHTrumpet_stac_D4_v2_rr1.wav
100644	blob	282b1bf9c727c8a755daaedcd546e9fe887a6ba8	Brass/Trumpet/stac/Sum_SHTrumpet_stac_D4_v2_rr2.wav
100644	blob	f1fe8074459f0c37f6212f296f299ff4416da09c	Brass/Trumpet/stac/Sum_SHTrumpet_stac_D4_v3_rr1.wav
100644	blob	87e437363c9893fbbe10a70cf9edec17bce2907f	Brass/Trumpet/stac/Sum_SHTrumpet_stac_D4_v3_rr2.wav
100644	blob	e9f946ca06becd252fd6429ae3818c7ab215a915	Brass/Trumpet/stac/Sum_SHTrumpet_stac_F2_v1_rr1.wav
100644	blob	5df204d937199917741b314de99c0b660c386c47	Brass/Trumpet/stac/Sum_SHTrumpet_stac_F2_v1_rr2.wav
100644	blob	b157118ffe94338901f32ff69944dfe63be915c4	Brass/Trumpet/stac/Sum_SHTrumpet_stac_F2_v2_rr1.wav
100644	blob	13ec72eb3c733b1b0a1be84d7ac76e958f7d23b4	Brass/Trumpet/stac/Sum_SHTrumpet_stac_F2_v2_rr2.wav
100644	blob	845cbbe1d7ecaa358fba272dd1aea6cec12b6ad5	Brass/Trumpet/stac/Sum_SHTrumpet_stac_F2_v3_rr1.wav
100644	blob	22e498b1af165faaf2ac794d7e72221a9f820056	Brass/Trumpet/stac/Sum_SHTrumpet_stac_F2_v3_rr2.wav
100644	blob	5265c95f043605ea4ade1d1d87f21382567519e4	Brass/Trumpet/stac/Sum_SHTrumpet_stac_F3_v1_rr1.wav
100644	blob	b84b438a07e076a04fa239405afb4a0a3551da3b	Brass/Trumpet/stac/Sum_SHTrumpet_stac_F3_v1_rr2.wav
100644	blob	403be9ea239d244971f7bc0130a8756c88d28640	Brass/Trumpet/stac/Sum_SHTrumpet_stac_F3_v2_rr1.wav
100644	blob	48a91912f81a27d4a474a360703ff3d8c4612280	Brass/Trumpet/stac/Sum_SHTrumpet_stac_F3_v2_rr2.wav
100644	blob	5b5082d93eade6e6b4307b6e0ab75fe4e27501e4	Brass/Trumpet/stac/Sum_SHTrumpet_stac_F3_v3_rr1.wav
100644	blob	3e1d8c464a54b7a070d0ef7380a408fd06c5e0c9	Brass/Trumpet/stac/Sum_SHTrumpet_stac_F3_v3_rr2.wav
100644	blob	53a406f4412eccb96f537ad3ade778aec190af3f	Brass/Trumpet/stac/Sum_SHTrumpet_stac_F4_v1_rr1.wav
100644	blob	7f646ed719647ffd08b30bf20d5a84fce8910ca6	Brass/Trumpet/stac/Sum_SHTrumpet_stac_F4_v1_rr2.wav
100644	blob	2cde793a0c0b3e1657ec07b7dc03395eb39d1c84	Brass/Trumpet/stac/Sum_SHTrumpet_stac_F4_v2_rr1.wav
100644	blob	01719dfe7beb254f6f16dccb8d56a906c41316c4	Brass/Trumpet/stac/Sum_SHTrumpet_stac_F4_v2_rr2.wav
100644	blob	0c64406f6cfacac35e83670215fe84988eb2862d	Brass/Trumpet/stac/Sum_SHTrumpet_stac_F4_v3_rr1.wav
100644	blob	e8363c0ab182b9eae55c3d79f855f67ca585b08f	Brass/Trumpet/stac/Sum_SHTrumpet_stac_F4_v3_rr2.wav
100644	blob	daadc87e3855aed3fd479ab3bd998a9ac144670a	Brass/Trumpet/stac/Sum_SHTrumpet_stac_G3_v1_rr1.wav
100644	blob	166a4fab909fc5def73d35f5c2c90e8243fa6e16	Brass/Trumpet/stac/Sum_SHTrumpet_stac_G3_v1_rr2.wav
100644	blob	0b6142ebe63a7f86763391286ef44ec66f26ac7c	Brass/Trumpet/stac/Sum_SHTrumpet_stac_G3_v2_rr1.wav
100644	blob	6ff7612abefebbfe086f87a843d89492b3c08d78	Brass/Trumpet/stac/Sum_SHTrumpet_stac_G3_v2_rr2.wav
100644	blob	53ef5d48ac2c8263da2f6e70f73302e84e520227	Brass/Trumpet/stac/Sum_SHTrumpet_stac_G3_v3_rr1.wav
100644	blob	3e581ffda8f01a633c045f7181474368f100d11f	Brass/Trumpet/stac/Sum_SHTrumpet_stac_G3_v3_rr2.wav
040000	tree	1dce935294ea48294c0a35cc75a835a215238e8e	Brass/Trumpet/straightM-sus
100644	blob	ce2458601901f9eebd7c1fcb1eefe186cef3b2ef	Brass/Trumpet/straightM-sus/Sum_SHTrumpet_straightM-sus_A#2_v1_rr1.wav
100644	blob	a0f42b26ba04a6ca0aca33bd1fe5ff02b7c0efb4	Brass/Trumpet/straightM-sus/Sum_SHTrumpet_straightM-sus_A#2_v3_rr1.wav
100644	blob	463570882c895842e08f450837b53eb3e93f5080	Brass/Trumpet/straightM-sus/Sum_SHTrumpet_straightM-sus_A#3_v1_rr1.wav
100644	blob	a43365376086015ef25bb0c73a622ba2dc2d9b82	Brass/Trumpet/straightM-sus/Sum_SHTrumpet_straightM-sus_A#3_v3_rr1.wav
100644	blob	02eaaf077e2b21b1d20f6a3870cd7763229c2f1e	Brass/Trumpet/straightM-sus/Sum_SHTrumpet_straightM-sus_A4_v1_rr1.wav
100644	blob	420cce95d3e3a60c56242c931b605c63bf2858e5	Brass/Trumpet/straightM-sus/Sum_SHTrumpet_straightM-sus_A4_v3_rr1.wav
100644	blob	93640d10bda368bddebcebef80815924203508e8	Brass/Trumpet/straightM-sus/Sum_SHTrumpet_straightM-sus_C3_v1_rr1.wav
100644	blob	bb3c6729338636cad866683ee187299c4c043d80	Brass/Trumpet/straightM-sus/Sum_SHTrumpet_straightM-sus_C3_v3_rr1.wav
100644	blob	fc10d92360e9d30c1241754fc33ca754657f024a	Brass/Trumpet/straightM-sus/Sum_SHTrumpet_straightM-sus_D3_v1_rr1.wav
100644	blob	fd7b0821e97c618d32bd65b5583a90b9b2f2017f	Brass/Trumpet/straightM-sus/Sum_SHTrumpet_straightM-sus_D3_v3_rr1.wav
100644	blob	8bd01ea443806a8b7fd3a19661ffeaa125a81fa0	Brass/Trumpet/straightM-sus/Sum_SHTrumpet_straightM-sus_D4_v1_rr1.wav
100644	blob	5a063a3589a8dd94fc17cf56c9eab9883109f5bc	Brass/Trumpet/straightM-sus/Sum_SHTrumpet_straightM-sus_D4_v3_rr1.wav
100644	blob	fb694b5a500aaa3d3acb16b04024bb0f2f6f9b66	Brass/Trumpet/straightM-sus/Sum_SHTrumpet_straightM-sus_F4_v1_rr1.wav
100644	blob	9bcc1cfb3b0c77c091c6d62e38a17e8b7a89bef9	Brass/Trumpet/straightM-sus/Sum_SHTrumpet_straightM-sus_F4_v3_rr1.wav
100644	blob	503ec6e37d1f563a85c2e93d03cb3e877d2b553a	Brass/Trumpet/straightM-sus/Sum_SHTrumpet_straightM-sus_G3_v1_rr1.wav
100644	blob	8b3be474037b6443329ecd598ebd3fed9eedc5b5	Brass/Trumpet/straightM-sus/Sum_SHTrumpet_straightM-sus_G3_v3_rr1.wav
040000	tree	2baed6b2630d3d7db7ae50272c981c6ddc15483c	Brass/Trumpet/sus
100644	blob	685f2d59ac73190c90384112d889083bc37a33c0	Brass/Trumpet/sus/Sum_SHTrumpet_sus_A#3_v1_rr1.wav
100644	blob	f6b2753da2ae19e4748a91b0ed412decf3973fda	Brass/Trumpet/sus/Sum_SHTrumpet_sus_A#3_v3_rr1.wav
100644	blob	59f4b5eadb7907b9656c5251869efa435a485c15	Brass/Trumpet/sus/Sum_SHTrumpet_sus_A2_v1_rr1.wav
100644	blob	85310d01faf50dbd83ed4a65ac7bed50d97904e1	Brass/Trumpet/sus/Sum_SHTrumpet_sus_A2_v3_rr1.wav
100644	blob	544285c24f712f098254f0f4677cb96e9c272081	Brass/Trumpet/sus/Sum_SHTrumpet_sus_A4_v1_rr1.wav
100644	blob	bbdc0773c636c611b953ed1383f8cf1eb6b53b38	Brass/Trumpet/sus/Sum_SHTrumpet_sus_A4_v3_rr1.wav
100644	blob	efc0c148e06d6cf1b2c5e65efc568635e4fac38f	Brass/Trumpet/sus/Sum_SHTrumpet_sus_C3_v1_rr1.wav
100644	blob	d5490467cf68db010843924b975fd71edfc41273	Brass/Trumpet/sus/Sum_SHTrumpet_sus_C3_v3_rr1.wav
100644	blob	bff7f04cb34938be10dca3793e3bdae722f88aa2	Brass/Trumpet/sus/Sum_SHTrumpet_sus_C5_v1_rr1.wav
100644	blob	9e43868b7c7e47a8ee107c68c6072756ef0f6bc1	Brass/Trumpet/sus/Sum_SHTrumpet_sus_C5_v3_rr1.wav
100644	blob	939984455c785033eaef8d951bb3888666ce29cb	Brass/Trumpet/sus/Sum_SHTrumpet_sus_D#3_v1_rr1.wav
100644	blob	0b2c29a0d8744377dd839065be025a47b7bde77e	Brass/Trumpet/sus/Sum_SHTrumpet_sus_D#3_v3_rr1.wav
100644	blob	5270a6927aa41b90f804df59b9888449aa01a2bb	Brass/Trumpet/sus/Sum_SHTrumpet_sus_D4_v1_rr1.wav
100644	blob	815560ece9f2e8d0ad6a33ba24a014345ea59814	Brass/Trumpet/sus/Sum_SHTrumpet_sus_D4_v3_rr1.wav
100644	blob	31229c3ab9801808ee11cd278d11247b1c2ef9aa	Brass/Trumpet/sus/Sum_SHTrumpet_sus_F2_v1_rr1.wav
100644	blob	ee1895af491c7c332439dae630de17e1a83a4abd	Brass/Trumpet/sus/Sum_SHTrumpet_sus_F2_v3_rr1.wav
100644	blob	c14125cf6f506ed3a5d495fee4130381d050b109	Brass/Trumpet/sus/Sum_SHTrumpet_sus_F4_v1_rr1.wav
100644	blob	cb508c5bf2e3c21dc3441194499fc6d0e7344f4b	Brass/Trumpet/sus/Sum_SHTrumpet_sus_F4_v3_rr1.wav
100644	blob	129e67aa9df78209517b461e38d8d1176a0e2861	Brass/Trumpet/sus/Sum_SHTrumpet_sus_G3_v1_rr1.wav
100644	blob	a301819024fe8d1fb8cdf86f9b5d0d8121c8c073	Brass/Trumpet/sus/Sum_SHTrumpet_sus_G3_v3_rr1.wav
040000	tree	4c2fcd59b919daf7d932c986f68711583b1c30e1	Brass/Trumpet/susvib
100644	blob	95a9cfcd1d74f641464840f7db150bc4e6050970	Brass/Trumpet/susvib/Sum_SHTrumpet_susvib_A#3_v1_rr1.wav
100644	blob	165691debf78d3fc3135a8c20a36cb00244fe604	Brass/Trumpet/susvib/Sum_SHTrumpet_susvib_A#3_v2_rr1.wav
100644	blob	469357481da1f36ef27f7da01e2e28afffaf451a	Brass/Trumpet/susvib/Sum_SHTrumpet_susvib_A2_v1_rr1.wav
100644	blob	c1426b74117537c0d900ee0f1a50abe9f80b826d	Brass/Trumpet/susvib/Sum_SHTrumpet_susvib_A2_v2_rr1.wav
100644	blob	51b9d3469da022896d379bd65931b5bb8aac8807	Brass/Trumpet/susvib/Sum_SHTrumpet_susvib_A4_v1_rr1.wav
100644	blob	b114ad315de41c67c290cf1fd94e6b7bbc30ba8e	Brass/Trumpet/susvib/Sum_SHTrumpet_susvib_A4_v2_rr1.wav
100644	blob	c824ff5e042cf2c032a471af74873e9ded31c3c7	Brass/Trumpet/susvib/Sum_SHTrumpet_susvib_C3_v1_rr1.wav
100644	blob	316ddd83d62f71464691f55e695c9911baa74fde	Brass/Trumpet/susvib/Sum_SHTrumpet_susvib_C3_v2_rr1.wav
100644	blob	a25b35a4a77babd99940089f0a27177e411ee1e6	Brass/Trumpet/susvib/Sum_SHTrumpet_susvib_C5_v1_rr1.wav
100644	blob	3647dd075a81747d559061dc15a0617e68c592da	Brass/Trumpet/susvib/Sum_SHTrumpet_susvib_C5_v2_rr1.wav
100644	blob	42505ac38151f9c9d1079b2a265c3dfcfcb86b17	Brass/Trumpet/susvib/Sum_SHTrumpet_susvib_D#3_v1_rr1.wav
100644	blob	02b6e138b28395422cf5e17ed63b274dc6e11b20	Brass/Trumpet/susvib/Sum_SHTrumpet_susvib_D#3_v2_rr1.wav
100644	blob	add78913445e51e8e02b0bb4c24811c0cc5cb44a	Brass/Trumpet/susvib/Sum_SHTrumpet_susvib_D4_v1_rr1.wav
100644	blob	471319f79fe64718967d3692c5b353b79aff2d81	Brass/Trumpet/susvib/Sum_SHTrumpet_susvib_D4_v2_rr1.wav
100644	blob	a5856816674701e7ebb4e2044c28a9b27dd097a1	Brass/Trumpet/susvib/Sum_SHTrumpet_susvib_F2_v1_rr1.wav
100644	blob	a743ef5eb3b3363767d3c0d101a08ba698575b43	Brass/Trumpet/susvib/Sum_SHTrumpet_susvib_F2_v2_rr1.wav
100644	blob	e5ec4e1cf7446cc9bdc1503b808f95e29c641130	Brass/Trumpet/susvib/Sum_SHTrumpet_susvib_F3_v1_rr1.wav
100644	blob	8d59a188e8e978e02aea926b0473af239cd72476	Brass/Trumpet/susvib/Sum_SHTrumpet_susvib_F3_v2_rr1.wav
100644	blob	7862ff26859605c3889416416edbbaca7fd5b1b7	Brass/Trumpet/susvib/Sum_SHTrumpet_susvib_F4_v1_rr1.wav
100644	blob	7efbcf69d646e70f8ea35df190235b4ad85290eb	Brass/Trumpet/susvib/Sum_SHTrumpet_susvib_F4_v2_rr1.wav
100644	blob	e7a06d5a23c4294d347f2048a49d595873e37b98	Brass/Trumpet/susvib/Sum_SHTrumpet_susvib_G3_v1_rr1.wav
100644	blob	5fd67b87a2480ec65e1f5645147f47b516afee73	Brass/Trumpet/susvib/Sum_SHTrumpet_susvib_G3_v2_rr1.wav
040000	tree	4a4c25832c5ca8b9f198b13052568b3f56ba129a	Brass/Tuba
040000	tree	5781ac4530b01b2f8b05a4ea8943acbcef18275c	Brass/Tuba/stac
100644	blob	7c22ee9e89d51c19e2930695746fa8835c35b5a4	Brass/Tuba/stac/Tuba3_stac_A#0_v1_rr1_Sum.wav
100644	blob	6aebba2034867dbf351ba819f8b0d47a5f59a037	Brass/Tuba/stac/Tuba3_stac_A#0_v1_rr2_Sum.wav
100644	blob	3d372755696ab7ae8733a0b6a11f8ae41e4ab5ce	Brass/Tuba/stac/Tuba3_stac_A#0_v1_rr3_Sum.wav
100644	blob	5eb4e4daee898d7dd77115122f2b3e774c3abcac	Brass/Tuba/stac/Tuba3_stac_A#0_v1_rr4_Sum.wav
100644	blob	a9165d8b01971e32a3185b50052d0cf34741e625	Brass/Tuba/stac/Tuba3_stac_A#0_v2_rr1_Sum.wav
100644	blob	208f679bd7760d68a5c5dc396024122c3686fb83	Brass/Tuba/stac/Tuba3_stac_A#0_v2_rr2_Sum.wav
100644	blob	70812126dc697dfe0f6837a485c115c07dbd638f	Brass/Tuba/stac/Tuba3_stac_A#0_v2_rr3_Sum.wav
100644	blob	c5b28a256c0f0cf63522a7d395f12f98f63c4e2b	Brass/Tuba/stac/Tuba3_stac_A#0_v2_rr4_Sum.wav
100644	blob	c55df0bc76a884932369b2feebbfae1d0d9ff7d5	Brass/Tuba/stac/Tuba3_stac_A#1_v1_rr1_Sum.wav
100644	blob	86358cdb41323cc288171bb0707333481ab33c28	Brass/Tuba/stac/Tuba3_stac_A#1_v1_rr2_Sum.wav
100644	blob	eb4b45fccfd783908e31a0adeb71153d9bef6c7c	Brass/Tuba/stac/Tuba3_stac_A#1_v1_rr3_Sum.wav
100644	blob	b59bd238c219a7ea1048ba226604fcaf57d28bb1	Brass/Tuba/stac/Tuba3_stac_A#1_v1_rr4_Sum.wav
100644	blob	6f9f8d7fdba8779629970e0d86da143aa08c712e	Brass/Tuba/stac/Tuba3_stac_A#1_v2_rr1_Sum.wav
100644	blob	f9cd9ddaf2dec7d23060ac268c4913e63306b193	Brass/Tuba/stac/Tuba3_stac_A#1_v2_rr2_Sum.wav
100644	blob	ccd37e6e9289545bc0e81ccf4289552885163681	Brass/Tuba/stac/Tuba3_stac_A#1_v2_rr3_Sum.wav
100644	blob	677194bbc25372f1aae6360b9804f19dfa4b742d	Brass/Tuba/stac/Tuba3_stac_A#1_v2_rr4_Sum.wav
100644	blob	cb59b84d99d0140d00ff29e5548bfc83cecb688d	Brass/Tuba/stac/Tuba3_stac_A#2_v1_rr1_Sum.wav
100644	blob	cebcdb351a754aced1d519cacf8fd52411d5db15	Brass/Tuba/stac/Tuba3_stac_A#2_v1_rr2_Sum.wav
100644	blob	f15c6feae5049e534b962b906713f5e0b6dbb842	Brass/Tuba/stac/Tuba3_stac_A#2_v1_rr3_Sum.wav
100644	blob	595c830ba9f1a4b09c3b173a4b3fa69bef054665	Brass/Tuba/stac/Tuba3_stac_A#2_v1_rr4_Sum.wav
100644	blob	6e010be66e35c4a7b1786651cf43a53c0fa71b03	Brass/Tuba/stac/Tuba3_stac_A#2_v2_rr1_Sum.wav
100644	blob	ed320bda30a823e1e732375bfc232aa6d01c9d72	Brass/Tuba/stac/Tuba3_stac_A#2_v2_rr2_Sum.wav
100644	blob	7fa5436ef134c1b3560ddc7de7e02c30136afc46	Brass/Tuba/stac/Tuba3_stac_A#2_v2_rr3_Sum.wav
100644	blob	e2d8d4326461b1ffcb5a4b46a8caf2470e4af03c	Brass/Tuba/stac/Tuba3_stac_A#2_v2_rr4_Sum.wav
100644	blob	d66d2cd35d8937b1eee12773a0c1da3de9b4e4e2	Brass/Tuba/stac/Tuba3_stac_D#1_v1_rr1_Sum.wav
100644	blob	1d989b5ac1639d4c75b73eaa7f07e38a36dd57f7	Brass/Tuba/stac/Tuba3_stac_D#1_v1_rr2_Sum.wav
100644	blob	0057468932632473300e01a87efbfe8285566b72	Brass/Tuba/stac/Tuba3_stac_D#1_v1_rr3_Sum.wav
100644	blob	f86ceb2836476fff92b913c2953e583c996c1790	Brass/Tuba/stac/Tuba3_stac_D#1_v1_rr4_Sum.wav
100644	blob	950438ecb7217d5a4a6d0c8af6d814a92ab5be0e	Brass/Tuba/stac/Tuba3_stac_D#1_v2_rr1_Sum.wav
100644	blob	5a2c37217f7cdb9125142ab5b05dcd41a20e5be2	Brass/Tuba/stac/Tuba3_stac_D#1_v2_rr2_Sum.wav
100644	blob	aa54df144b4bc892fe68cf6fd8519d60898b5362	Brass/Tuba/stac/Tuba3_stac_D#1_v2_rr3_Sum.wav
100644	blob	a3d2dce8d8334444818a2c7403f0964ea3aa5122	Brass/Tuba/stac/Tuba3_stac_D#1_v2_rr4_Sum.wav
100644	blob	acb7dfa38c0b28c0861c81d5ba39cc62dff10d8b	Brass/Tuba/stac/Tuba3_stac_D2_v1_rr1_Sum.wav
100644	blob	35ba93540d47843324241a07706abacdacd5ea6b	Brass/Tuba/stac/Tuba3_stac_D2_v1_rr2_Sum.wav
100644	blob	3910accd1dfeb1b104adad1ec2003adda18eecdf	Brass/Tuba/stac/Tuba3_stac_D2_v1_rr3_Sum.wav
100644	blob	d40b01368cdb308895fa70837a2dd12e48811259	Brass/Tuba/stac/Tuba3_stac_D2_v1_rr4_Sum.wav
100644	blob	e7dd012d9016e608fad58edccb085bba73621a33	Brass/Tuba/stac/Tuba3_stac_D2_v2_rr1_Sum.wav
100644	blob	1ad34440024d83f6f157ef48b11eb025759ed92b	Brass/Tuba/stac/Tuba3_stac_D2_v2_rr2_Sum.wav
100644	blob	afce238e76bb892386b1e01b28f189c913469852	Brass/Tuba/stac/Tuba3_stac_D2_v2_rr3_Sum.wav
100644	blob	5f0bdab9f64fb9a1bfc9119b95469c24d391cbf5	Brass/Tuba/stac/Tuba3_stac_D2_v2_rr4_Sum.wav
100644	blob	473e4c38bfa355a81ec0e5dc32ffd8e410e57685	Brass/Tuba/stac/Tuba3_stac_D3_v1_rr1_Sum.wav
100644	blob	15e9b5504e8aaeefc39e6aca64fd397d65cb4bd8	Brass/Tuba/stac/Tuba3_stac_D3_v1_rr2_Sum.wav
100644	blob	a4fe0f057b4ac41387bc42d4d05671d96c7786dd	Brass/Tuba/stac/Tuba3_stac_D3_v1_rr3_Sum.wav
100644	blob	bbc908dea58926fb3d4cd6086099ad13f2eed359	Brass/Tuba/stac/Tuba3_stac_D3_v1_rr4_Sum.wav
100644	blob	0e8fc0ae58311384c5c7caaca5ad98561d6d38c6	Brass/Tuba/stac/Tuba3_stac_D3_v2_rr1_Sum.wav
100644	blob	f57f4f3091230086dcea90f50893b840d8774658	Brass/Tuba/stac/Tuba3_stac_D3_v2_rr2_Sum.wav
100644	blob	b9d1d615626b0891a361fb5b6c26de6cbb3cc754	Brass/Tuba/stac/Tuba3_stac_D3_v2_rr3_Sum.wav
100644	blob	88b69826fcd02f6c61f0bd76d4d499bfdb1cd972	Brass/Tuba/stac/Tuba3_stac_D3_v2_rr4_Sum.wav
100644	blob	7fed15dfb84f947c91f5af42357730c3c3814cd8	Brass/Tuba/stac/Tuba3_stac_F1_v1_rr1_Sum.wav
100644	blob	50dd08f2c697fe7d8919f62f8881b2053bff97c2	Brass/Tuba/stac/Tuba3_stac_F1_v1_rr2_Sum.wav
100644	blob	f2eab297c859188643405eadbf19ebf470144c42	Brass/Tuba/stac/Tuba3_stac_F1_v1_rr3_Sum.wav
100644	blob	5813a1942b1f7be98f58f75d6307208723d9ebe6	Brass/Tuba/stac/Tuba3_stac_F1_v1_rr4_Sum.wav
100644	blob	ee1eace963e4bceaa70c84b6a0f6cbd67cfacb21	Brass/Tuba/stac/Tuba3_stac_F1_v2_rr1_Sum.wav
100644	blob	3e2525a304ec4894d7adb477d2e8134d46b6a3b1	Brass/Tuba/stac/Tuba3_stac_F1_v2_rr2_Sum.wav
100644	blob	30ccff6f19012dc772f805beb172f0dd7fabf2e6	Brass/Tuba/stac/Tuba3_stac_F1_v2_rr3_Sum.wav
100644	blob	5e3664e122ad9321309f2c4476ff9de4444c908b	Brass/Tuba/stac/Tuba3_stac_F1_v2_rr4_Sum.wav
100644	blob	26caa2ef6070cdc02df9b63a12abeceab7091099	Brass/Tuba/stac/Tuba3_stac_F2_v1_rr1_Sum.wav
100644	blob	62aa72ff55121007112354b5b2bc9444d8793a91	Brass/Tuba/stac/Tuba3_stac_F2_v1_rr2_Sum.wav
100644	blob	183c9dbfbe1dca134c768d6032281a3786e97dad	Brass/Tuba/stac/Tuba3_stac_F2_v1_rr3_Sum.wav
100644	blob	84acd34a0f1758e8e98de223f95a46f67b39a647	Brass/Tuba/stac/Tuba3_stac_F2_v1_rr4_Sum.wav
100644	blob	99f3b8910804b525fcd179c98554a2a4d9e66abb	Brass/Tuba/stac/Tuba3_stac_F2_v2_rr1_Sum.wav
100644	blob	2810975d146076a48cef57b20af86cf350cc4f05	Brass/Tuba/stac/Tuba3_stac_F2_v2_rr2_Sum.wav
100644	blob	3eb5962e9a77933318eae621e4d57aa141bc509f	Brass/Tuba/stac/Tuba3_stac_F2_v2_rr3_Sum.wav
100644	blob	243e79ab51b1c72649cb9716f41c9c27132d9d5b	Brass/Tuba/stac/Tuba3_stac_F2_v2_rr4_Sum.wav
040000	tree	64b17785b1b0945e0667d859342cf38e9640f041	Brass/Tuba/sus
100644	blob	fd6140ff19959967e9b333df7701ffe8da4e104e	Brass/Tuba/sus/Tuba3_sus_A#0_v1_rr1_Mid.wav
100644	blob	3a917152f57e9348c9dbbfaa3e072647bd76c5f7	Brass/Tuba/sus/Tuba3_sus_A#0_v2_rr1_Mid.wav
100644	blob	3157184d97b6811922900c6810cc808889aa5a90	Brass/Tuba/sus/Tuba3_sus_A#0_v3_rr1_Mid.wav
100644	blob	157be46107bde96c8e821d57035ed7c037d61dfd	Brass/Tuba/sus/Tuba3_sus_A#1_v1_rr1_Mid.wav
100644	blob	64aaad3a1c8853c6b13138d496cba6e3e21b7276	Brass/Tuba/sus/Tuba3_sus_A#1_v2_rr1_Mid.wav
100644	blob	4ad920dc5600f8d5cafa85cc2ac20d000e8603c5	Brass/Tuba/sus/Tuba3_sus_A#1_v3_rr1_Mid.wav
100644	blob	f740a33917689351ca9c9c120712ed28338810c0	Brass/Tuba/sus/Tuba3_sus_A#2_v1_rr1_Mid.wav
100644	blob	917db331de98546d72391faa46f6453375778397	Brass/Tuba/sus/Tuba3_sus_A#2_v2_rr1_Mid.wav
100644	blob	4221387eb2611cc6bf3d373ddf8a1ad5ff986a61	Brass/Tuba/sus/Tuba3_sus_A#2_v3_rr1_Mid.wav
100644	blob	8d33af67acb2eb42166b206e957cd398761acc14	Brass/Tuba/sus/Tuba3_sus_D#1_v1_rr1_Mid.wav
100644	blob	05b0d63ed94c2e597e954e94560b9ee8e7734769	Brass/Tuba/sus/Tuba3_sus_D#1_v2_rr1_Mid.wav
100644	blob	d46fa53c16a3add22369c3c07cc965eaaf583d71	Brass/Tuba/sus/Tuba3_sus_D#1_v3_rr1_Mid.wav
100644	blob	63d67bccd8075dae3f0e31deea03eefc27bd5fea	Brass/Tuba/sus/Tuba3_sus_D2_v1_rr1_Mid.wav
100644	blob	7a41908c8cfefea0f379f67857639f067f27879d	Brass/Tuba/sus/Tuba3_sus_D2_v2_rr1_Mid.wav
100644	blob	b44af5227c2021660757a4893398febc2897f582	Brass/Tuba/sus/Tuba3_sus_D2_v3_rr1_Mid.wav
100644	blob	0376412b204d1bdb841d36bf4d9a1030f6b9cda0	Brass/Tuba/sus/Tuba3_sus_D3_v1_rr1_Mid.wav
100644	blob	37e4efffdbe853674f4e351c2b8bf74d1b11df42	Brass/Tuba/sus/Tuba3_sus_F0_v1_rr1_Mid.wav
100644	blob	7963372deeb1e42a93f832bfd38f0691b1f8bfc1	Brass/Tuba/sus/Tuba3_sus_F1_v1_rr1_Mid.wav
100644	blob	f27dc8f1744b21398611c102dbfea93f16ef5683	Brass/Tuba/sus/Tuba3_sus_F1_v2_rr1_Mid.wav
100644	blob	73a0b9f07af11d3e2404a652e0d66c3a7c8aebab	Brass/Tuba/sus/Tuba3_sus_F1_v3_rr1_Mid.wav
100644	blob	ae229d0882e242b64e4b3318bb5262dd8a69e199	Brass/Tuba/sus/Tuba3_sus_F2_v1_rr1_Mid.wav
100644	blob	21cb8dd2903fb4dc30911222417ca4168cc003c7	Brass/Tuba/sus/Tuba3_sus_F2_v2_rr1_Mid.wav
100644	blob	81cf9852f41b351a49ab2831f7cbb73fd283de3b	Brass/Tuba/sus/Tuba3_sus_F2_v3_rr1_Mid.wav
040000	tree	64a3de9d46d8f31d7853b810d75af9091eb35ae2	Keys
040000	tree	5ef54cb096f303692d5c75f00f50554d58d252c7	Keys/Organ
100644	blob	dd8d26d062b2ff776cd1cf191a791e559537565f	Keys/Organ/Info.txt
040000	tree	68b87aa0475621eb448f0107150e64205b16c0f2	Keys/Organ/Loud
100644	blob	0f3273e6fd11feafc1ac940a21a4e3758e2d44c9	Keys/Organ/Loud/Rode_Man3Open_01.wav
100644	blob	80e7f33d97f47ef540f5e178e2b272b1be26715b	Keys/Organ/Loud/Rode_Man3Open_04.wav
100644	blob	fca6a7ac9c081fd2ecb7eab6319bd0d4f6762877	Keys/Organ/Loud/Rode_Man3Open_07.wav
100644	blob	67dbbbdb6f3040b8a0a03d3a52cdbd17358dcb9c	Keys/Organ/Loud/Rode_Man3Open_10.wav
100644	blob	0d68a094fbfbce26e0334c6286106c7aa3f468b8	Keys/Organ/Loud/Rode_Man3Open_13.wav
100644	blob	b9dcd8ff9b7e85a76816e148691c248afe8d1fad	Keys/Organ/Loud/Rode_Man3Open_16.wav
100644	blob	7f08f09b1afba404569f415040767aea84fe7038	Keys/Organ/Loud/Rode_Man3Open_19.wav
100644	blob	6bfaaa9813b18d839af8d025496ee3350f651470	Keys/Organ/Loud/Rode_Man3Open_22.wav
100644	blob	66755890efd10ee015f7972de4e3cd7c22ee3a69	Keys/Organ/Loud/Rode_Man3Open_25.wav
100644	blob	c77465be14701669cd9c7b33441ce94033837fd7	Keys/Organ/Loud/Rode_Man3Open_28.wav
100644	blob	b5573c0e706b03087e7f5d68087f0bbebffe44e2	Keys/Organ/Loud/Rode_Man3Open_31.wav
100644	blob	c71f73bc8a4245b05ab1b708bdb3c59d8a374731	Keys/Organ/Loud/Rode_Man3Open_34.wav
100644	blob	e1edb88fdb776827136e0c72cd37c1ea5f931cec	Keys/Organ/Loud/Rode_Man3Open_37.wav
100644	blob	2bb490a70b3ab81cc683329e6670d27e3232d7df	Keys/Organ/Loud/Rode_Man3Open_40.wav
100644	blob	1d5ef04f7b98a6d61dd4dc3932e7800b0f7d6aea	Keys/Organ/Loud/Rode_Man3Open_43.wav
100644	blob	d40f13a91325566d22347d68f551e7c2f8826d23	Keys/Organ/Loud/Rode_Man3Open_46.wav
100644	blob	0acea8ad636b504e970fbe6df4c434ad24fce7f3	Keys/Organ/Loud/Rode_Man3Open_49.wav
100644	blob	bfcab183037cf39bbf3e0c26266360b24f020b16	Keys/Organ/Loud/Rode_Man3Open_52.wav
100644	blob	b945af66d23632766a9662204976a99e5234d5c4	Keys/Organ/Loud/Rode_Man3Open_55.wav
100644	blob	e78c667910dc55b03fdcf363b9fc19fa861ef1a9	Keys/Organ/Loud/Rode_Man3Open_58.wav
100644	blob	a8313968e2d65d70934f1c58a4bb221bc80300e6	Keys/Organ/Loud/Rode_Man3Open_61.wav
100644	blob	d3147aad0d6540faf4776dcffe3a025b979be0ad	Keys/Organ/Loud/Rode_Pedal_01.wav
100644	blob	cf4106157d60f10778d1c44e887d4542354104af	Keys/Organ/Loud/Rode_Pedal_04.wav
100644	blob	53d95e89e0b0846be913865757ad9d7bde80ae91	Keys/Organ/Loud/Rode_Pedal_07.wav
100644	blob	422ec42821bce2771be260c7ead3bd7507a1f550	Keys/Organ/Loud/Rode_Pedal_10.wav
100644	blob	37d6290b8fc00af5717b406ec2926c0c6785061a	Keys/Organ/Loud/Rode_Pedal_13.wav
100644	blob	5421734a0876e2b486199034e9e5162c5f88c558	Keys/Organ/Loud/Rode_Pedal_16.wav
100644	blob	43da5afde73b4cb5d4476bad7070a3f85fe6996b	Keys/Organ/Loud/Rode_Pedal_19.wav
100644	blob	d913b48a16c5cb0e9eed50624dfa8459ef8739e7	Keys/Organ/Loud/Rode_Pedal_22.wav
100644	blob	8ada3b9bd1afc3dcce89593426a3eb715bbe5c9e	Keys/Organ/Loud/Rode_Pedal_25.wav
100644	blob	a1927621f0b070fffb66b9a3f64eeb2d025f5329	Keys/Organ/Loud/Rode_Pedal_28.wav
100644	blob	075dde813d5c8077fb22f0dfa56c0a39b5b15d83	Keys/Organ/Loud/Rode_Pedal_31.wav
040000	tree	ef61ef94c3624d5a82cf89822f0908414b8a1fc5	Keys/Organ/Quiet
100644	blob	674ed832a1540ba7c881fa6e8a584c4a324bdcc4	Keys/Organ/Quiet/NT5_Man3Quiet_122_rr1.wav
100644	blob	b697496f455adf7b1bbfbfe581836ad3970e200f	Keys/Organ/Quiet/NT5_Man3Quiet_125_rr1.wav
100644	blob	a10aa0b3fd0916b79eb8d402e69bb4477eaeac56	Keys/Organ/Quiet/NT5_Man3Quiet_128_rr1.wav
100644	blob	ede6c4c835357b7c2b66dac41cadd4d84f834a0a	Keys/Organ/Quiet/NT5_Man3Quiet_131_rr1.wav
100644	blob	2dc720c4f80f912ede3f3ac138b1f40e0215c450	Keys/Organ/Quiet/NT5_Man3Quiet_134_rr1.wav
100644	blob	001486038f749e61e625306d0a3a1166245e24fe	Keys/Organ/Quiet/NT5_Man3Quiet_137_rr1.wav
100644	blob	91c47ef85751aba62d6c8fb4477b19c727b9ebe2	Keys/Organ/Quiet/NT5_Man3Quiet_140_rr1.wav
100644	blob	56bb9953ff29a3d00d37a838389c4a94994fb0b3	Keys/Organ/Quiet/NT5_Man3Quiet_143_rr1.wav
100644	blob	862175f3f2ad7da84ba00509bbc63b1e72227d1a	Keys/Organ/Quiet/NT5_Man3Quiet_146_rr1.wav
100644	blob	298180793d259610f646b9a0a629254cb80ddfb5	Keys/Organ/Quiet/NT5_Man3Quiet_149_rr1.wav
100644	blob	ec0d00048c2187e2e09a3fb6f9a1a289cabb722b	Keys/Organ/Quiet/NT5_Man3Quiet_152_rr1.wav
100644	blob	a1c9457c57bbe4dc31ed11df59e71ab0c1e3cd0a	Keys/Organ/Quiet/NT5_Man3Quiet_155_rr1.wav
100644	blob	aaf898acca4946752d6ef5ddde411638fa28784d	Keys/Organ/Quiet/NT5_Man3Quiet_158_rr1.wav
100644	blob	62eebf2adaf965a6d73f29b3c9e2c37140b760d7	Keys/Organ/Quiet/NT5_Man3Quiet_161_rr1.wav
100644	blob	086356ba6c497000ab3ad5746bfe322ce68821c1	Keys/Organ/Quiet/NT5_Man3Quiet_164_rr1.wav
100644	blob	596cb805b62793ab61ca809983592131dac8ad70	Keys/Organ/Quiet/NT5_Man3Quiet_167_rr1.wav
100644	blob	9c70ecaec5c14162da761be5c089fad1075db374	Keys/Organ/Quiet/NT5_Man3Quiet_170_rr1.wav
100644	blob	b9cf9a97cccb82c4fcea183dd016aa9b951f5a62	Keys/Organ/Quiet/NT5_Man3Quiet_173_rr1.wav
100644	blob	0d2722382f3f31520f74b01d4e060fbb78435306	Keys/Organ/Quiet/NT5_Man3Quiet_176_rr1.wav
100644	blob	7a52a4f1288e1f6a7e595b176ee4b462aecf487e	Keys/Organ/Quiet/NT5_Man3Quiet_179_rr1.wav
100644	blob	4b75ea114f83eebe6fb21d4efe49a83a8f56ae01	Keys/Organ/Quiet/NT5_Man3Quiet_182_rr1.wav
100644	blob	1c29e3343718510e48c02a8f67b32ea426ebd529	Keys/Organ/Quiet/NT5_PedalQuiet_064_rr1.wav
100644	blob	27d14cf8ec96a79f923f0f4d330259e4202a5cb6	Keys/Organ/Quiet/NT5_PedalQuiet_067_rr1.wav
100644	blob	e7d1e967a431659277c0585ce35df5db8a01b765	Keys/Organ/Quiet/NT5_PedalQuiet_070_rr1.wav
100644	blob	fdd52307f65096355f41cc53c411376a8e771cf4	Keys/Organ/Quiet/NT5_PedalQuiet_073_rr1.wav
100644	blob	597262f717fbafa5edae2688aad00be9167d4a62	Keys/Organ/Quiet/NT5_PedalQuiet_076_rr1.wav
100644	blob	e02a5575a989c37d0f425c4c6780197af73050e9	Keys/Organ/Quiet/NT5_PedalQuiet_079_rr1.wav
100644	blob	1fb4fa1cf510b09d0ab538949b96fa1991e39fad	Keys/Organ/Quiet/NT5_PedalQuiet_082_rr1.wav
100644	blob	a19e1099bee8a2f1fc8f1f774c1145e6877262d8	Keys/Organ/Quiet/NT5_PedalQuiet_085_rr1.wav
100644	blob	cedb6e7ec8cba8903d490010bd0289604963a971	Keys/Organ/Quiet/NT5_PedalQuiet_088_rr1.wav
100644	blob	cd77c5ba1bbf96ac4f8afb604351455d063b4ed0	Keys/Organ/Quiet/NT5_PedalQuiet_091_rr1.wav
100644	blob	3755f75f6ab3f955fdb1a46112dce1d47c414eb2	Keys/Organ/Quiet/NT5_PedalQuiet_094_rr1.wav
100644	blob	5dba45445595148da5545ca83e889862d6fd3f56	Keys/Organ/Rode_Blower.wav
040000	tree	c23323f35ef40dbb9db363e7c6d5d10aa24fa593	Keys/Upright Nr1
100644	blob	4474559e1093fb36316b90641690348e73562c53	Keys/Upright Nr1/Notes.txt
100644	blob	0c9987efda27e50babf86ed50fb335d90a96fd3d	Keys/Upright Nr1/UR1_C1_f_RR1.wav
100644	blob	f5f80eefd769a4b990c10322e7c93100e54f808b	Keys/Upright Nr1/UR1_C1_f_RR2.wav
100644	blob	d61c9698c4c1cf306b7e440ead630a6f3495680e	Keys/Upright Nr1/UR1_C1_mf_RR2.wav
100644	blob	cb70a3d508163e4035600cfe287e191960be76db	Keys/Upright Nr1/UR1_C1_pp_RR1.wav
100644	blob	345b0946181a427bb30a25730162b8c4c42c16e3	Keys/Upright Nr1/UR1_C1_pp_RR2.wav
100644	blob	84cd2353a68dbe43054e9edea7537c7abbceb96a	Keys/Upright Nr1/UR1_C2_f_RR1.wav
100644	blob	d26d4053963aee3b7f44845e2c1e5f4453470179	Keys/Upright Nr1/UR1_C2_f_RR2.wav
100644	blob	67c55237469793ee90fa9dd6457fd51a714f9fe1	Keys/Upright Nr1/UR1_C2_mf_RR1.wav
100644	blob	0b91a52c2f733f540f58e7416b96e5595bac74c0	Keys/Upright Nr1/UR1_C2_mf_RR2.wav
100644	blob	aad159499f633ad8f5b5f1679ffd00e8c9077085	Keys/Upright Nr1/UR1_C2_pp_RR1.wav
100644	blob	dacaecf9ac8913b176970684a5767557a4b7adb9	Keys/Upright Nr1/UR1_C3_f_RR1.wav
100644	blob	6e38823eb4928da19488391dca7601f5b87f120c	Keys/Upright Nr1/UR1_C3_f_RR2.wav
100644	blob	622047ce32400cd99c0193f245955e3572d85a1b	Keys/Upright Nr1/UR1_C3_mf_RR1.wav
100644	blob	32d8a3bcade4393952cb50bef37d8dc0eb09423e	Keys/Upright Nr1/UR1_C3_mf_RR2.wav
100644	blob	b9b046afcfb96255f219242cf1eaaa96c6c18435	Keys/Upright Nr1/UR1_C3_pp_RR1.wav
100644	blob	3605a4a7b601c273c6874dcaf4c937f21d66d1a5	Keys/Upright Nr1/UR1_C3_pp_RR2.wav
100644	blob	d76c049063c299b9e78587cab7600882b3de0b58	Keys/Upright Nr1/UR1_C4_f_RR1.wav
100644	blob	b6d78cbe89d497199d3b6f90b4badd5a8d3d88c4	Keys/Upright Nr1/UR1_C4_f_RR2.wav
100644	blob	99c511c4d2d3fd91b68cdf530fa043e2b03f076f	Keys/Upright Nr1/UR1_C4_mf_RR1.wav
100644	blob	53c637f052c5b4ddc5d975d494963fbb57b370fb	Keys/Upright Nr1/UR1_C4_mf_RR2.wav
100644	blob	a5a8d82859df78cfd1c4ffdedd1b9b8ac209d6d4	Keys/Upright Nr1/UR1_C4_pp_RR1.wav
100644	blob	7bf1428e674ebf683fc54d8cc460b539eca751e2	Keys/Upright Nr1/UR1_C4_pp_RR2.wav
100644	blob	aca4969e3bd81b18eae2a45ad41aee1d4c4a192d	Keys/Upright Nr1/UR1_C5_f_RR1.wav
100644	blob	541fc4b1b01c68642c4c3c798f948673e962f996	Keys/Upright Nr1/UR1_C5_f_RR2.wav
100644	blob	b0079bd7ec568998e65df839d5387fb56e264b7d	Keys/Upright Nr1/UR1_C5_mf_RR1.wav
100644	blob	6d052b5ff3f278fdc5763baa28e50e52bdb90533	Keys/Upright Nr1/UR1_C5_mf_RR2.wav
100644	blob	b18f8dd3cfc2115befe960866a646d80c5c078ee	Keys/Upright Nr1/UR1_C5_pp_RR1.wav
100644	blob	4c172e4285c39997bc86d066a23779b0d610eafc	Keys/Upright Nr1/UR1_C5_pp_RR2.wav
100644	blob	96a2005cbe74a9ccc5ac6f9ee554c5caeff65041	Keys/Upright Nr1/UR1_C6_f_RR1.wav
100644	blob	c7919d8e4c5a1f8faacd5d08f5bd7bb77856e9f0	Keys/Upright Nr1/UR1_C6_f_RR2.wav
100644	blob	2c3af039f8bcf9ead897dbb46f158fe6330088dd	Keys/Upright Nr1/UR1_C6_mf_RR1.wav
100644	blob	58b056f2da0b1ed5e0eabe74f9954e76d407d594	Keys/Upright Nr1/UR1_C6_mf_RR2.wav
100644	blob	baaa90c2bb98c0b070013aec41a953803e0adf08	Keys/Upright Nr1/UR1_C6_pp_RR1.wav
100644	blob	74c966e1d4dd4e7c99898f93afae0b9ed80eefbf	Keys/Upright Nr1/UR1_C6_pp_RR2.wav
100644	blob	fad2dd6a4d9da48b3dcee5ec6383821b51128fc7	Keys/Upright Nr1/UR1_C7_f_RR1.wav
100644	blob	9da3cb40203d57fa1324dd4f7809ca8fe633bf89	Keys/Upright Nr1/UR1_C7_f_RR2.wav
100644	blob	bdadd24805e085c03f6f6323dd03b464dc5a9181	Keys/Upright Nr1/UR1_C7_mf_RR1.wav
100644	blob	b46925ef19ae1cad7e08c4e9970f0fd43795436d	Keys/Upright Nr1/UR1_C7_mf_RR2.wav
100644	blob	4c9525e1f9dd3686aa185230c303ad7fb6208371	Keys/Upright Nr1/UR1_C7_pp_RR1.wav
100644	blob	c3ddf3ad2a6501dd4b178ec0f7e7aece6d799e37	Keys/Upright Nr1/UR1_C7_pp_RR2.wav
100644	blob	4a53e29e43e7732d126908af820cfe1cdfdaeed2	Keys/Upright Nr1/UR1_G1_f_RR2.wav
100644	blob	1aca0fb64ba6c1bb477f4c46bb3a6dddf84d09f3	Keys/Upright Nr1/UR1_G1_mf_RR1.wav
100644	blob	2e374f75ddd77f93e319b74cfaefaf9a7d207da2	Keys/Upright Nr1/UR1_G1_mf_RR2.wav
100644	blob	24e7b92825f7fd78f74a6b1e62b303681d77078b	Keys/Upright Nr1/UR1_G1_pp_RR1.wav
100644	blob	e6fb7235a285c7ca0837c938bbfc5c430211d42a	Keys/Upright Nr1/UR1_G2_f_RR1.wav
100644	blob	dd147cd60acc63f5df8db18eda7a7a9437b1fdf6	Keys/Upright Nr1/UR1_G2_f_RR2.wav
100644	blob	7afcc4d73739bbc52ed313a0f21dae36970039b2	Keys/Upright Nr1/UR1_G2_mf_RR1.wav
100644	blob	85227145b6f1e208db96fefd7276c6743b137999	Keys/Upright Nr1/UR1_G2_mf_RR2.wav
100644	blob	06820c56e752e1e6a5f7dbe0da3bc87c9ff461a5	Keys/Upright Nr1/UR1_G2_pp_RR1.wav
100644	blob	0af3651b302695ed7a1ae4194f970f100c6b19ef	Keys/Upright Nr1/UR1_G3_f_RR1.wav
100644	blob	dfc30af7005eb230f79ee6552e891dc8f20f5984	Keys/Upright Nr1/UR1_G3_f_RR2.wav
100644	blob	85581601bc6c00f010fdffc7ac24ea53c4a19147	Keys/Upright Nr1/UR1_G3_mf_RR1.wav
100644	blob	220f0911622aaa1147176d287850cdac98bbe7ce	Keys/Upright Nr1/UR1_G3_mf_RR2.wav
100644	blob	33c8b7e4ecd74b38ce5d31b4ce610a01ff6dde9f	Keys/Upright Nr1/UR1_G3_pp_RR1.wav
100644	blob	e6e46d7f2408f049be45046a9491533a516440ba	Keys/Upright Nr1/UR1_G3_pp_RR2.wav
100644	blob	2df24b4e3a2e36591c8849bc6bd6b80a3412503d	Keys/Upright Nr1/UR1_G4_f_RR1.wav
100644	blob	7c812c4ae7ddec6912d792b32ae50bc5220740a8	Keys/Upright Nr1/UR1_G4_f_RR2.wav
100644	blob	b6727511ac816dd81e2e4f2dcc4d1c7b3349efcd	Keys/Upright Nr1/UR1_G4_mf_RR1.wav
100644	blob	4462ae852b9db9a5f4d235a8ff6475e43807678f	Keys/Upright Nr1/UR1_G4_mf_RR2.wav
100644	blob	d4f2fb2465ddb686035519575bdd29e684ae40f6	Keys/Upright Nr1/UR1_G4_pp_RR1.wav
100644	blob	a75d4b80defb68e3c88515156ebb13edaa9501d6	Keys/Upright Nr1/UR1_G4_pp_RR2.wav
100644	blob	da4a4d93ea16e8de93b63b4ca58a287ed0aa69f1	Keys/Upright Nr1/UR1_G5_f_RR1.wav
100644	blob	3325d2584bc5cb18c75369df6d5963bfff4f1b3c	Keys/Upright Nr1/UR1_G5_f_RR2.wav
100644	blob	b6e139fb26fa6b67ca931c5db8ad60d8beb075a8	Keys/Upright Nr1/UR1_G5_mf_RR1.wav
100644	blob	008654a4d88862d186796549b6f0e3f4e216211c	Keys/Upright Nr1/UR1_G5_mf_RR2.wav
100644	blob	d11b161a1d509ecb76953ceac32b246855268148	Keys/Upright Nr1/UR1_G5_pp_RR1.wav
100644	blob	dcad2002a7eda654a7e161cd1c6f99bae56c97b4	Keys/Upright Nr1/UR1_G5_pp_RR2.wav
100644	blob	63fc4bb1222dd4beab69adfe52077c2165ce2496	Keys/Upright Nr1/UR1_G6_f_RR1.wav
100644	blob	6a3d8b0c7633c4f44a26b7ee5865bad2b8d10e4b	Keys/Upright Nr1/UR1_G6_f_RR2.wav
100644	blob	81108c59a76bee0a6e890e0e110e42edd1d29aa2	Keys/Upright Nr1/UR1_G6_mf_RR1.wav
100644	blob	1b00fb9ac0c4f067b67ea6b3588bc5254c036360	Keys/Upright Nr1/UR1_G6_mf_RR2.wav
100644	blob	8ae8714bc743e33b428d9bed372557567f5f2564	Keys/Upright Nr1/UR1_G6_pp_RR1.wav
100644	blob	a7c995535d9f2beba953f58272d65c81854c04a4	Keys/Upright Nr1/UR1_G6_pp_RR2.wav
100644	blob	4bae0651e83e975c9719f7bfe2fd86a9bbb3a062	Keys/Upright Nr1/UR1_G7_f_RR1.wav
100644	blob	0aef8cbaecefccca74645f185728a96069e8bdd6	Keys/Upright Nr1/UR1_G7_f_RR2.wav
100644	blob	ccd334879367a96ef88f239a05a6b14167055eb1	Keys/Upright Nr1/UR1_G7_mf_RR1.wav
100644	blob	37c98a8cd45ebf13a81453160a42350e6c51ba1a	Keys/Upright Nr1/UR1_G7_mf_RR2.wav
100644	blob	cf38fbb2328816d7b32584667c9d189e2414e0ee	Keys/Upright Nr1/UR1_G7_pp_RR1.wav
100644	blob	f8b5f0ba4360fa141da1509f3cf093363143bcaa	Keys/Upright Nr1/UR1_G7_pp_RR2.wav
040000	tree	c62e883e18b21eea5571e40e2f5a1d3402502702	Keys/Upright Piano
100644	blob	088d6fa7eaf935e2fce9ecd8b59aa08b3011e109	Keys/Upright Piano/Info.txt
100644	blob	e59ab607be6408ba065ba80f34f315c62548f879	Keys/Upright Piano/MappingChart.txt
100644	blob	3b4e10ccdd8a06971564b1d936f2516a761e7f6f	Keys/Upright Piano/Player_dyn1_rr1_000.wav
100644	blob	42f56b6b301fdeddce7f7076e34c4f5a03e0fea4	Keys/Upright Piano/Player_dyn1_rr1_002.wav
100644	blob	7cb8841df46d247a0ed9a33976277902595359a6	Keys/Upright Piano/Player_dyn1_rr1_004.wav
100644	blob	10e0e1c3ec485c50bf12f7e2400e8aa9364f2bc9	Keys/Upright Piano/Player_dyn1_rr1_006.wav
100644	blob	cb2e89a7749fc4b979512aa5da883059cd3f6ad7	Keys/Upright Piano/Player_dyn1_rr1_008.wav
100644	blob	2b3b3f25903ed087eb334d985a0b25f4bbd510d4	Keys/Upright Piano/Player_dyn1_rr1_010.wav
100644	blob	5942615eb10199382e44c0e052ebb7885b167f53	Keys/Upright Piano/Player_dyn1_rr1_012.wav
100644	blob	30127aa63c8342a363b9a13b8052a3428d3bb046	Keys/Upright Piano/Player_dyn1_rr1_014.wav
100644	blob	480e9d56f8cfaefde9be4a7f9bde2b01ac3d100f	Keys/Upright Piano/Player_dyn1_rr1_016.wav
100644	blob	90745e10b1d8774db29a9817a218277102cd998b	Keys/Upright Piano/Player_dyn1_rr1_018.wav
100644	blob	084b3f131592beecd311b309e6c5f42190653f4f	Keys/Upright Piano/Player_dyn1_rr1_020.wav
100644	blob	a4238a2d033e560225a1b3d9d3fa1eef9c21ac50	Keys/Upright Piano/Player_dyn1_rr1_022.wav
100644	blob	6350b1cf0a614fe0920ad212e807d4575fcf71bd	Keys/Upright Piano/Player_dyn1_rr1_024.wav
100644	blob	9a6cd6b879752f747e136ee001e7f1b78b40dc9c	Keys/Upright Piano/Player_dyn1_rr1_026.wav
100644	blob	c371f48ff5e5a675a0d91d0e7060e79322adfc2e	Keys/Upright Piano/Player_dyn1_rr1_028.wav
100644	blob	91b0fa42ec94ba1cbda1c466ae0614a59ae927e6	Keys/Upright Piano/Player_dyn1_rr1_030.wav
100644	blob	8ac49b49803f59cf0a712261a9e06a54edd2e6eb	Keys/Upright Piano/Player_dyn1_rr1_032.wav
100644	blob	629c13e5725eda851b051c525d6fe53ad5226a66	Keys/Upright Piano/Player_dyn1_rr1_034.wav
100644	blob	ba909286b3eefe713c484953a12bb4b2b201d4ad	Keys/Upright Piano/Player_dyn1_rr1_036.wav
100644	blob	18a8573978f46906530206c2b54e35750d007b70	Keys/Upright Piano/Player_dyn1_rr1_038.wav
100644	blob	a11b447a61033b762cf757a0c3001ca99dfb1ecb	Keys/Upright Piano/Player_dyn1_rr1_040.wav
100644	blob	b875022548b6281012e78434a784b418b67ded12	Keys/Upright Piano/Player_dyn1_rr1_042.wav
100644	blob	b38476be1ca8cf4571d7ae71b2c562692ddc37d3	Keys/Upright Piano/Player_dyn1_rr1_044.wav
100644	blob	6506b03a6d64c8c9b6d0050d6217bf0e65f6e364	Keys/Upright Piano/Player_dyn2_rr1_000.wav
100644	blob	a038b982ae1dacdb01c7e7168ae32675d32caa6d	Keys/Upright Piano/Player_dyn2_rr1_002.wav
100644	blob	00abb8cca2df2b97fd3d945c4fdef29259081e17	Keys/Upright Piano/Player_dyn2_rr1_004.wav
100644	blob	fe626910074423b0c2d9165c18468d52b2e50d2c	Keys/Upright Piano/Player_dyn2_rr1_006.wav
100644	blob	ab13066d1f089f86fed417c7b887d6104e573574	Keys/Upright Piano/Player_dyn2_rr1_008.wav
100644	blob	4e6a1acfd958682e1f3dc2ba9d42b33b73de0a98	Keys/Upright Piano/Player_dyn2_rr1_010.wav
100644	blob	fd035ea95dc49897c9be8627b8124b73c56221db	Keys/Upright Piano/Player_dyn2_rr1_012.wav
100644	blob	2f341c6fca30ac8a6ae977cf97e93538f6c1e75b	Keys/Upright Piano/Player_dyn2_rr1_014.wav
100644	blob	a2fc6927cb562424c17b213e4cb47353d65e9cc5	Keys/Upright Piano/Player_dyn2_rr1_016.wav
100644	blob	c8da939be405e5f6dd7b13b99aedfef76d5c56aa	Keys/Upright Piano/Player_dyn2_rr1_018.wav
100644	blob	e6027651b23024f343a8eb7823f32b49742a35fe	Keys/Upright Piano/Player_dyn2_rr1_020.wav
100644	blob	521353ee671854c74478c330df9195d17261193c	Keys/Upright Piano/Player_dyn2_rr1_022.wav
100644	blob	77f7bc50e751c377f8e3db7c88c14861395d1288	Keys/Upright Piano/Player_dyn2_rr1_024.wav
100644	blob	946de9950a88c228d6f764e6789efb7d0147cffa	Keys/Upright Piano/Player_dyn2_rr1_026.wav
100644	blob	3a9f1381ca8a1a35ac4acdbf0d954e6aeb507dea	Keys/Upright Piano/Player_dyn2_rr1_028.wav
100644	blob	bbc718ed37a516d761b10c4ededd14243b2ba64f	Keys/Upright Piano/Player_dyn2_rr1_030.wav
100644	blob	e49d0ae70c0419e9e7dfa1a6ae94acd2731b4291	Keys/Upright Piano/Player_dyn2_rr1_032.wav
100644	blob	48078281fd0dd839c18f0eaec19f90fb97223a35	Keys/Upright Piano/Player_dyn2_rr1_034.wav
100644	blob	b539c687d7f6055868ea1e3b4bac868a8ed18e21	Keys/Upright Piano/Player_dyn2_rr1_036.wav
100644	blob	8e410d3c45ec1dce8ff6d7ef1ffd4a2640b2a12f	Keys/Upright Piano/Player_dyn2_rr1_038.wav
100644	blob	7bc2a9a79148886286c946ce155b6651020ec5f7	Keys/Upright Piano/Player_dyn2_rr1_040.wav
100644	blob	e4a96a87b47956e4d7db505b756f1f148394c30c	Keys/Upright Piano/Player_dyn2_rr1_042.wav
100644	blob	6a629d05c65f076b4b01602b67392d9f3b699261	Keys/Upright Piano/Player_dyn2_rr1_044.wav
100644	blob	27d53546a018acfdfd0c178bf44f0d6656d029a8	Keys/Upright Piano/Player_dyn3_rr1_000.wav
100644	blob	a24be261484daddfc8d1f59e9c4cffe3c5664af6	Keys/Upright Piano/Player_dyn3_rr1_002.wav
100644	blob	d996ff2f2dca27156d735ff799564caabb742027	Keys/Upright Piano/Player_dyn3_rr1_004.wav
100644	blob	54bc5bb4bc2c81e278e50b2541d5a5fb9ff65766	Keys/Upright Piano/Player_dyn3_rr1_006.wav
100644	blob	83838d0d84e6d96598b75f443ed221ec3cb3bbb0	Keys/Upright Piano/Player_dyn3_rr1_008.wav
100644	blob	250458c14cb7a095de719efdbd2728bdc3f5e9ed	Keys/Upright Piano/Player_dyn3_rr1_010.wav
100644	blob	e0c5fec5cc73ee8c2532c34e3385c0f5a5a3c4e0	Keys/Upright Piano/Player_dyn3_rr1_012.wav
100644	blob	8a860137884587939f37e8ee874081b0f535b155	Keys/Upright Piano/Player_dyn3_rr1_014.wav
100644	blob	48282e602945bd593f5c7d59b7ae7d1c98ca3b73	Keys/Upright Piano/Player_dyn3_rr1_016.wav
100644	blob	399fff7fadc9ca2c167e09dea39c2af0f8b2c386	Keys/Upright Piano/Player_dyn3_rr1_018.wav
100644	blob	ce3179aa6ec23de9ecd80dc5cffe2a2519ed916b	Keys/Upright Piano/Player_dyn3_rr1_020.wav
100644	blob	28ddbc265f8666c5032994cbb89dca46ff8c89a0	Keys/Upright Piano/Player_dyn3_rr1_022.wav
100644	blob	f223d77b03f9ea0874ccdf9fd5d75349e0d76391	Keys/Upright Piano/Player_dyn3_rr1_024.wav
100644	blob	09d29d228fdd4b1761a82f31f303e31e846bc8b0	Keys/Upright Piano/Player_dyn3_rr1_026.wav
100644	blob	cf1c463a5bcd85150d3ffd737a8a544d0c70c5a8	Keys/Upright Piano/Player_dyn3_rr1_028.wav
100644	blob	f782f10cef31ce25f78d4307aad0e81109a272c0	Keys/Upright Piano/Player_dyn3_rr1_030.wav
100644	blob	df159dfb166f8c52f3765fd1803c773f37f658df	Keys/Upright Piano/Player_dyn3_rr1_032.wav
100644	blob	4ccc1d8ab98069d20c38b0197a5e80853becb415	Keys/Upright Piano/Player_dyn3_rr1_034.wav
100644	blob	3eb2377f6868155b5161eab2fc013d626440e7e4	Keys/Upright Piano/Player_dyn3_rr1_036.wav
100644	blob	6d513d818874be2b46a1e3d59de78af080f5ed29	Keys/Upright Piano/Player_dyn3_rr1_038.wav
100644	blob	0b836190186e816eca5c9b0bbc3cdbd3a7fd416e	Keys/Upright Piano/Player_dyn3_rr1_040.wav
100644	blob	c0a670664148ec327664f9525b32c7b445bc029e	Keys/Upright Piano/Player_dyn3_rr1_042.wav
100644	blob	8941d2933abd39db561777213c47eeb393d6c0ab	Keys/Upright Piano/Player_dyn3_rr1_044.wav
100644	blob	670154e3538863b2d9891fd5483160fbdfc89164	LICENSE
040000	tree	c2bf7c78e26bf2ff013e30877d068f4a41454809	Miscellania Raw
040000	tree	f9498358ad26d6fad49d1ba7214e6a52738156f8	Miscellania Raw/Misc 1
100644	blob	39205852f19e3f52862a6493db86b73a3acad8b2	Miscellania Raw/Misc 1/alien1_ff.wav
100644	blob	c70827adf04224b15b5032535ae31f95ae99e647	Miscellania Raw/Misc 1/alien1.wav
100644	blob	1d6ede6444636b693cdf8896cfe94caf8f64897e	Miscellania Raw/Misc 1/alien2_pp.wav
100644	blob	fbd9539d0db1343180f879ec883d856cdc2781a1	Miscellania Raw/Misc 1/alien3_1.wav
100644	blob	96373ea0240fb56686e1876c0080ecfa32f0aeb3	Miscellania Raw/Misc 1/alien4.wav
100644	blob	daa5511416b3e6c3836a0ce198b51b32b868a697	Miscellania Raw/Misc 1/alien5.wav
100644	blob	a1d125cc70f36f5e06c5165783a5c77e681daa1f	Miscellania Raw/Misc 1/alien6.wav
100644	blob	cad9b9a7db61d7488d87aa686901461e88d0fe1f	Miscellania Raw/Misc 1/ambience1.wav
100644	blob	fe789c707ddfd8030f280ab0a3a3a57baf7a9d11	Miscellania Raw/Misc 1/brick_scrape.wav
100644	blob	2e533c4ba5cf7d2fce43db0018666772d632d453	Miscellania Raw/Misc 1/brick_scrape2.wav
100644	blob	01bcd0426bb96889e5a061ada7e81f67e99aaeb4	Miscellania Raw/Misc 1/bubbles.wav
100644	blob	0334375e333b2dd18a4ca2997884b4ca498db5e9	Miscellania Raw/Misc 1/bubbles2.wav
100644	blob	7e0404d408f69030e71214703d2b4dff1169c955	Miscellania Raw/Misc 1/bubbles4.wav
100644	blob	73b8ceb608d5c248f4737b876afad3236f878e51	Miscellania Raw/Misc 1/chain_grind.wav
100644	blob	3e28c911665c06af9f923f8c2494360cd879d67f	Miscellania Raw/Misc 1/chain_loop.wav
100644	blob	5452007b49945b9aa0d6c7ca64ea2ecebbf2c8d9	Miscellania Raw/Misc 1/chaingrindLoop.wav
100644	blob	02b582712578a8673b0d9b58617b9a385bfc3476	Miscellania Raw/Misc 1/cymb_gong.wav
100644	blob	c1c4e698ca0fe1b840138530ae795187f2fec50a	Miscellania Raw/Misc 1/cymb_gong2.wav
100644	blob	46a4ef86c7346f81c9a9de66f78f147a6102a976	Miscellania Raw/Misc 1/cymb_timp.wav
100644	blob	9d3b00d4e814b41d923563aab156650d4be79913	Miscellania Raw/Misc 1/cymb_timp2.wav
100644	blob	c68262126ef57573fd0bad398cccc500783b2d4a	Miscellania Raw/Misc 1/cymbgong_pp.wav
100644	blob	3d16cd69974a6795c9261dc2d9d075525c19a745	Miscellania Raw/Misc 1/cymbgong_weird.wav
100644	blob	6d49ac417edc4b597281be7ac724dd4f2ccf35fc	Miscellania Raw/Misc 1/glass_break.wav
100644	blob	80473fbaf386f2a91d7079b1e3abf107a84b49f9	Miscellania Raw/Misc 1/glass_break2.wav
100644	blob	804d157a5f7c83f33c6eb4b21559020bcf534b64	Miscellania Raw/Misc 1/glass_break3.wav
100644	blob	d890da431ff811607e7f88fe74cb1a48ceefa44e	Miscellania Raw/Misc 1/glass_break4.wav
100644	blob	8d7c8f5accd6009561b9d699781e44dceaa2ccd4	Miscellania Raw/Misc 1/glass_break5.wav
100644	blob	4211130256763cb84c76c6c155bdd8c1dbcd0d7f	Miscellania Raw/Misc 1/glass_break6.wav
100644	blob	e89d8f90c28f997d87914310f6f497405941c95d	Miscellania Raw/Misc 1/glass_break7.wav
100644	blob	ba422842e34531f2c67f8bdf08131f7c3519302d	Miscellania Raw/Misc 1/glass_break8.wav
100644	blob	b1dcfea89858cc0f8ba4c1dca5f36ff545860e62	Miscellania Raw/Misc 1/metal_hit1.wav
100644	blob	bbcea53349f692a34fd9002c103555ea7bd34120	Miscellania Raw/Misc 1/metal_hit10.wav
100644	blob	9077da61520cc5b7795a119d50238ce5f0b7ea12	Miscellania Raw/Misc 1/metal_hit11.wav
100644	blob	dce5e7839e3109efede22546492803721a7c6da7	Miscellania Raw/Misc 1/metal_hit13.wav
100644	blob	748f8ff512e94bd7b203bbe82670f04d5b8f08cd	Miscellania Raw/Misc 1/metal_hit14.wav
100644	blob	2d0d850d6620cdd9527e7be393834296560a690a	Miscellania Raw/Misc 1/metal_hit2.wav
100644	blob	c98bc4ea2e62af26d8282c3882fb9538c3e88c6d	Miscellania Raw/Misc 1/metal_hit3.wav
100644	blob	d3c59a288001ad96e7d21e4b437f15ef17f61af8	Miscellania Raw/Misc 1/metal_hit4.wav
100644	blob	fd0f96ca198812c2e61a4fa5742e453f040a8466	Miscellania Raw/Misc 1/metal_hit5.wav
100644	blob	5933170b203586e537e648653200c49bbe67c9c3	Miscellania Raw/Misc 1/metal_hit6.wav
100644	blob	42fd45ac0d4df98ed272390507c9194a9691e1f9	Miscellania Raw/Misc 1/metal_hit7.wav
100644	blob	4fa34730cf41028a84db2360e45c8514303178ce	Miscellania Raw/Misc 1/metal_hit8.wav
100644	blob	1070fdd4747807ef2cf3c7dbd7252588a204747a	Miscellania Raw/Misc 1/metal_hit9.wav
100644	blob	b022490925d7ccd88904d16cc1abaa0567f8d3e8	Miscellania Raw/Misc 1/siren1.wav
100644	blob	fff70a124cb8dc320e327255e39cff44f04a83d6	Miscellania Raw/Misc 1/siren2.wav
100644	blob	3cb10bc528010f2d06cc0ae5fb0d2d6841656620	Miscellania Raw/Misc 1/siren3.wav
100644	blob	1c5a0d72ce838d6be8c45ce4ce2563b4d57b5942	Miscellania Raw/Misc 1/siren4.wav
100644	blob	8aec458603a367ee2b5d18bedb7c68b5e5f1e653	Miscellania Raw/Misc 1/siren5.wav
100644	blob	2e2cd080df174cbed3fd14143f84e65c23c71d9a	Miscellania Raw/Misc 1/timp_snare_f.wav
100644	blob	58955dce6c92d389c597521e67dcb69ddbad88b6	Miscellania Raw/Misc 1/timp_snare_pp.wav
100644	blob	dafe17bc6cccb0df4e9d1984cf0fde5131ae64c9	Miscellania Raw/Misc 1/timp_snare_ppp.wav
100644	blob	f5ef760cd8cc50666afc856ee6cad3ea5722871f	Miscellania Raw/Misc 1/timp_snare.wav
100644	blob	fde2a1d52774e250fdb5bb0965138c6a06d5b89a	Miscellania Raw/Misc 1/timpsnare_fff.wav
100644	blob	7e90766c21155d69563750a9c5950acddc01eeb7	Miscellania Raw/Misc 1/timpsnare_mf.wav
100644	blob	ed8ec0e3d658f698605926d6d171800e3fa9bd29	Miscellania Raw/Misc 1/timpsnare_mf2.wav
100644	blob	6bb17921f3179da4a1bdf6b3abd9b1373a0f111c	Miscellania Raw/Misc 1/timpsnare_pp.wav
100644	blob	71885c700c8ce05fcb0d9e0a7b2d22ac7f131b1d	Miscellania Raw/Misc 1/timpsnare_ppp.wav
100644	blob	b2d8b45a2b5b2a532d9f0117e4faf0bbd9ae35d1	Miscellania Raw/Misc 1/timpsnare_tenor_ff.wav
100644	blob	8622da1409e5dbb3ba132082a484036a3e88f175	Miscellania Raw/Misc 1/timpsnare_tenor_fff.wav
100644	blob	a4cd82b604aa6e9479aa21fb732abd590792deaa	Miscellania Raw/Misc 1/timpsnare_tenor_fff2.wav
100644	blob	0eda2d093cd4695e930dea6097565cff9f9fcc3f	Miscellania Raw/Misc 1/timpsnare_tenor1.wav
100644	blob	fc11547809ee0fa2a31ed5065ab6bd8ba6faa786	Miscellania Raw/Misc 1/timpsnare_tenor2.wav
100644	blob	6848f1daaa6fcb12ee17951cb257620a0319f537	Miscellania Raw/Misc 1/vibraring1.wav
100644	blob	54c501f0aefdda2a210ed430f348184bd5bef2c7	Miscellania Raw/Misc 1/vibraring2.wav
100644	blob	08f052b7fdabeaa9f78fd96e67f8f0103576f0de	Miscellania Raw/Misc 1/vibraring3.wav
100644	blob	fd380c40c40a718b5617878f96af13c82226f2bf	Miscellania Raw/Misc 1/vibraring4.wav
100644	blob	48c9f86d3846a4b402b298b110f89edb8801d8af	Miscellania Raw/Misc 1/zap1.wav
100644	blob	5a22c0560678c4d3805e46e10a9c17093ed1212c	Miscellania Raw/Misc 1/zap10.wav
100644	blob	dea85c664c71cba7abf3a80359f09185a3d858a3	Miscellania Raw/Misc 1/zap11.wav
100644	blob	9a4a0ef51ed1177e6557c0320e781ed106e033b8	Miscellania Raw/Misc 1/zap12.wav
100644	blob	ec71a10d16adc5192a7f631858038b1faebf681e	Miscellania Raw/Misc 1/zap13.wav
100644	blob	056efe4c1f063319d05727d752aca369018a4be5	Miscellania Raw/Misc 1/zap14.wav
100644	blob	66be1571432c93eab37d7ed5d2f8adeff36f1e75	Miscellania Raw/Misc 1/zap2.wav
100644	blob	9b58d81e8cad658992940b0dced110f6cb9da781	Miscellania Raw/Misc 1/zap3.wav
100644	blob	9e3b747cf53e3e0cebfe37daa0fa8a9cf3f5e08c	Miscellania Raw/Misc 1/zap4.wav
100644	blob	eaf7079d41171b49ee808be345019d520729d1f2	Miscellania Raw/Misc 1/zap5.wav
100644	blob	ea6ac9e837bce74fe301ad610b6a538985a491a0	Miscellania Raw/Misc 1/zap6.wav
100644	blob	a1b918fbbf1456cdedd5ec99f9201d65bdb4e68c	Miscellania Raw/Misc 1/zap7.wav
100644	blob	a639e8b2545ab662703800d4f7a3e9dc0660478f	Miscellania Raw/Misc 1/zap8.wav
100644	blob	3f7af1fa3130db7cdba592cf4a951b9dc7119f0d	Miscellania Raw/Misc 1/zap9.wav
040000	tree	e32ff970e8524e06de47e27e2d690963b8a623ad	Miscellania Raw/Misc 2
100644	blob	32b0b900215731ad2cf6faa516f3707a4ee0b3ab	Miscellania Raw/Misc 2/_Notes.txt
040000	tree	b2e1cacb1b002ec04e762143037339e664a142e1	Miscellania Raw/Misc 2/glock_glisses
100644	blob	821bc797d6a776a35f6fd50918666bd2a5aeb257	Miscellania Raw/Misc 2/glock_glisses/glock_fx_down_chromatic_fast_01.wav
100644	blob	b9ec092a6f2121e270cb030bd9e9586398d136b3	Miscellania Raw/Misc 2/glock_glisses/glock_fx_down_chromatic_fast_02.wav
100644	blob	01a548a2045fdad7071322a04221e58c4bc8fb14	Miscellania Raw/Misc 2/glock_glisses/glock_fx_down_chromatic_fast_03.wav
100644	blob	1a4b3fc704e0450da6756c3e7dfb0275cca9980e	Miscellania Raw/Misc 2/glock_glisses/glock_fx_down_chromatic_fast_04.wav
100644	blob	c9cd7f1742cbfe006c2acfa2a6910329ab4bc96f	Miscellania Raw/Misc 2/glock_glisses/glock_fx_down_chromatic_slow_01.wav
100644	blob	d10e022d19d5e364b4a403f43bc467f39ab010e8	Miscellania Raw/Misc 2/glock_glisses/glock_fx_down_chromatic_slow_02.wav
100644	blob	f44210b557028ea0aad48de4ca6c6c5fc08560a0	Miscellania Raw/Misc 2/glock_glisses/glock_fx_down_chromatic_slow_03.wav
100644	blob	08ed4e347fa9b7c3adb6753dd3d75774a4296aa2	Miscellania Raw/Misc 2/glock_glisses/glock_fx_down_pentatonic_med_01.wav
100644	blob	1a2ad4d51cf4f5fbd944bf391a4ad193037a216a	Miscellania Raw/Misc 2/glock_glisses/glock_fx_down_pentatonic_med_02.wav
100644	blob	f6c18a7180896d6e8932e9a30075b0b6d0e096d8	Miscellania Raw/Misc 2/glock_glisses/glock_fx_down_pentatonic_med_03.wav
100644	blob	d81bfe00d9f2207612329bae5f0ef0d7382b7c8d	Miscellania Raw/Misc 2/glock_glisses/glock_fx_up_chromatic_fast_01.wav
100644	blob	64c9229052946f01dab98c356cbe803f120698b1	Miscellania Raw/Misc 2/glock_glisses/glock_fx_up_chromatic_fast_02.wav
100644	blob	f1c24f699f987b7eaf6330ce2cdc6964025552ef	Miscellania Raw/Misc 2/glock_glisses/glock_fx_up_chromatic_med_01.wav
100644	blob	b31529a52ff713e5be4425c50e0bdfd36cbdc816	Miscellania Raw/Misc 2/glock_glisses/glock_fx_up_chromatic_med_02.wav
100644	blob	67c47dc98fecfb9611e18ed194a854af0b1ac2ef	Miscellania Raw/Misc 2/glock_glisses/glock_fx_up_chromatic_med_03.wav
100644	blob	c7173b4fb995f1a5750ff9be5770e4c186257d6e	Miscellania Raw/Misc 2/glock_glisses/glock_fx_up_chromatic_slow_01.wav
100644	blob	187743543a2a42c018389d806a76dc6f57ee1feb	Miscellania Raw/Misc 2/glock_glisses/glock_fx_up_chromatic_slow_02.wav
100644	blob	8bbfc6cac78d41f3ad807b44f963a3d6b2893666	Miscellania Raw/Misc 2/glock_glisses/glock_fx_up_chromatic_slow_03.wav
100644	blob	99b94451965c811044d744beef0cda031a555901	Miscellania Raw/Misc 2/glock_glisses/glock_fx_up_pentatonic_med_01.wav
100644	blob	0be8f1d60af41a83d162e4b9762ef8bdefd3ce7c	Miscellania Raw/Misc 2/glock_glisses/glock_fx_up_pentatonic_med_02.wav
040000	tree	647bec9985dceaf100e9a830deca4a5164a03667	Miscellania Raw/Misc 2/NepaleseBells
100644	blob	5a5aaf5c900c5ea19e00ebe4f429775d3c982661	Miscellania Raw/Misc 2/NepaleseBells/fx_long_1_main.wav
100644	blob	91f7d1fb15ee91c632e99989dca857e085f52446	Miscellania Raw/Misc 2/NepaleseBells/fx_long2_main.wav
100644	blob	183f01f36697b5c30b41328cd72aa61b03fcd853	Miscellania Raw/Misc 2/NepaleseBells/fx_med_main.wav
100644	blob	071930f3c9ee91df17a3752f961a0296b4dc61f1	Miscellania Raw/Misc 2/NepaleseBells/fx1_short_r01_main.wav
100644	blob	9d571b3b6708b8d32fa15b1ad5891fd5ed82336c	Miscellania Raw/Misc 2/NepaleseBells/fx1_short_r02_main.wav
100644	blob	f7cd68affff654bb2947777812f270be8b7da8e5	Miscellania Raw/Misc 2/NepaleseBells/fx1_short_r03_main.wav
100644	blob	8fbcd5c2e12cf8f2cc2cee1ea2311c7d289aeb40	Miscellania Raw/Misc 2/NepaleseBells/fx1_short_r04_main.wav
100644	blob	375cb596aad830e31ef06972961032b5d329ab64	Miscellania Raw/Misc 2/NepaleseBells/fx1_short_r05_main.wav
100644	blob	e79ca188cdc3eb34f3d4060d36e5fd72330019c2	Miscellania Raw/Misc 2/NepaleseBells/fx1_short_r06_main.wav
100644	blob	c77addb8db2147d6aa6e29d949ab8e66cac2a579	Miscellania Raw/Misc 2/NepaleseBells/fx1_short_r07_main.wav
100644	blob	212088e7f3ac3cc06447cc667c5e0f244883b571	Miscellania Raw/Misc 2/NepaleseBells/fx1_short_r08_main.wav
100644	blob	2e905b90910288e9b7c0ee30e1454ee53844f490	Miscellania Raw/Misc 2/NepaleseBells/fx1_short_r09_main.wav
100644	blob	741be090b01a3555153a8f07cbeafc1ac6fa2571	Miscellania Raw/Misc 2/NepaleseBells/fx1_short_r10_main.wav
100644	blob	3a672ae63bbf701828db3922fcb09289f78f6705	Miscellania Raw/Misc 2/NepaleseBells/fx1_short_r11_main.wav
100644	blob	ac42d4f3f91bad272f02daaa0d6d8ec71afcb78d	Miscellania Raw/Misc 2/NepaleseBells/fx2_short_r01_main.wav
100644	blob	7fcb1590aac4e195541dc00055a88b306d32480c	Miscellania Raw/Misc 2/NepaleseBells/fx2_short_r02_main.wav
100644	blob	67477a9912581c0096624becc8e3bcf6d4168db6	Miscellania Raw/Misc 2/NepaleseBells/fx2_short_r03_main.wav
100644	blob	93ddaca6243c9077bb960c62a45bbb53cb73b91f	Miscellania Raw/Misc 2/NepaleseBells/fx2_short_r04_main.wav
100644	blob	c0f57ac60f671325cb92abf14d4090630c11548e	Miscellania Raw/Misc 2/NepaleseBells/fx2_short_r05_main.wav
100644	blob	baab586cbf2f6c89a5fb7ab14e74a0407ff0ba2e	Miscellania Raw/Misc 2/NepaleseBells/fx2_short_r06_main.wav
100644	blob	5bb4ebb696faa6d0896f2b4d17487cd59a194eed	Miscellania Raw/Misc 2/NepaleseBells/fx2_short_r07_main.wav
100644	blob	e873e98c45853462065585be686d5b658c3835de	Miscellania Raw/Misc 2/NepaleseBells/fx3_short_r01_main.wav
100644	blob	8083357303dfe49e81614b8cd1b1119157a19452	Miscellania Raw/Misc 2/NepaleseBells/fx3_short_r02_main.wav
100644	blob	4accf3fc563738fc18c9370e982ac287689aaf45	Miscellania Raw/Misc 2/NepaleseBells/fx3_short_r03_main.wav
100644	blob	21809d951397e50c9272c068e8c9f32d13080f3f	Miscellania Raw/Misc 2/NepaleseBells/fx3_short_r04_main.wav
100644	blob	91815afa6476d190f0904fe9d28884ba9bcd8fb6	Miscellania Raw/Misc 2/rtomtom_frame.wav
100644	blob	89f13a666a96fcfc3e3f8bfb66893837cfbe106c	Miscellania Raw/Misc 2/rtomtom_frame2.wav
100644	blob	48366519fda24bb60f38274ca20cdba0fcf8f485	Miscellania Raw/Misc 2/rtomtomframe_roll.wav
100644	blob	9f9a95241d9bcf4605282424a382e1dabe580037	Miscellania Raw/Misc 2/sleighbell1_hit_1.wav
100644	blob	c51d1020b78755c3a95989d4bdee05c543b62831	Miscellania Raw/Misc 2/sleighbell1_hit_2.wav
100644	blob	48041590bb893940c395e5a9f71574869399b2e4	Miscellania Raw/Misc 2/sleighbell1_hit_3.wav
100644	blob	3e0510a1b00cd74d7ffca86a87ee470b1fb2bbed	Miscellania Raw/Misc 2/sleighbell1_hit_loud_1.wav
100644	blob	1724e691b8c20ca6146a02d3cebddbc2425ca3fa	Miscellania Raw/Misc 2/sleighbell1_hit_loud_2.wav
100644	blob	fbf588146015223e84a30bc007b4080ea448aa97	Miscellania Raw/Misc 2/sleighbell1_hit_quiet.wav
100644	blob	34a694881d58b698fc0effb4ec2f05bf4f084437	Miscellania Raw/Misc 2/sleighbell1_shake1.wav
100644	blob	253c6fa4f5863edd6673fc79c73b0573799acae2	Miscellania Raw/Misc 2/sleighbell2_hit_1.wav
100644	blob	da372a04424604890a14f80cee9ffb5dbfbd5b02	Miscellania Raw/Misc 2/sleighbell2_hit_2.wav
100644	blob	3aa8b96b695e36088a404f0539d2b14a93ea593a	Miscellania Raw/Misc 2/sleighbell2_hit_loud.wav
100644	blob	fafd23c96d54a2ec656af903b335587ed63bc20a	Miscellania Raw/Misc 2/sleighbell2_shake1.wav
100644	blob	40aa33448492dbff89c17caa21ad1e900dbfcb5c	Miscellania Raw/Misc 2/spoons_fun.wav
100644	blob	34480e85ba6de9081394b24bd59b2ae15fa387a1	Miscellania Raw/Misc 2/tamb2_1.wav
100644	blob	cb957ab727ecc035ff3c2a239727a5d0edd31aab	Miscellania Raw/Misc 2/tamb2_2.wav
100644	blob	836b0a19b400df9bbc22a842be9af28171c4ed56	Miscellania Raw/Misc 2/tamb2_3.wav
100644	blob	672ecc72cff5e810fdb2eb4218161cabcff271c3	Miscellania Raw/Misc 2/tamb2_4.wav
100644	blob	55e05bf954cdad3780c4d45d90bb57fd17e3f4c1	Miscellania Raw/Misc 2/tamb2_rollFast.wav
100644	blob	f72f3b626ed556f784f2bb4de19985f0f812c8d1	Miscellania Raw/Misc 2/tamb2_rollSlow.wav
100644	blob	b95e30ff4ac1bba7a4cff2862619e6fa43bd0070	Miscellania Raw/Misc 2/tamb3_1.wav
100644	blob	d0d50956cee57c5b419898524b5bdea9173499e9	Miscellania Raw/Misc 2/tamb3_2.wav
100644	blob	ba083b6f5a550a43d916a2739ce883a67bf0aea4	Miscellania Raw/Misc 2/tamb3_3.wav
100644	blob	033eb917a512c087ea83301e8fb66ca101d75672	Miscellania Raw/Misc 2/tamb3_4.wav
100644	blob	ec30022db91a2edf69ef2a562b6660a41e237370	Miscellania Raw/Misc 2/tamb3_5.wav
100644	blob	9f5e342f12fc30ee8ecde5de9d3964d49ee5824b	Miscellania Raw/Misc 2/tamb3_6.wav
100644	blob	a10c532272f57274726cb3ed31c892d4dc154f0b	Miscellania Raw/Misc 2/tamb3_7.wav
100644	blob	bc1a0739fee3b6dc4e5653e9b50b45399e73e480	Miscellania Raw/Misc 2/tamb3_8.wav
100644	blob	d8edd29248c34d29e997a6a1d13e4fe0f3222eb6	Miscellania Raw/Misc 2/tamb3_roll.wav
100644	blob	ee7f973319c356f629f24b08f70744654d43c650	Miscellania Raw/Misc 2/tubaMP.wav
100644	blob	f261ffc84d88a64afe1a5a305a9ccdd592a0ca77	Miscellania Raw/Misc 2/tubaMP2.wav
100644	blob	7af9317de545fe6b27bb38016946da45edd630fa	Miscellania Raw/Misc 2/tubaMP3.wav
040000	tree	3e38d7d277269e61477bedcaefc3b3e65b8b27a4	Percussion
100644	blob	39205852f19e3f52862a6493db86b73a3acad8b2	Percussion/alien1_ff.wav
100644	blob	c70827adf04224b15b5032535ae31f95ae99e647	Percussion/alien1_pp.wav
100644	blob	96373ea0240fb56686e1876c0080ecfa32f0aeb3	Percussion/alien2_f.wav
100644	blob	a1d125cc70f36f5e06c5165783a5c77e681daa1f	Percussion/alien3_f.wav
100644	blob	d1036ec300d539baad7dd5c22defa2097e17a20d	Percussion/Anvil_Hit1_v1_Sum.wav
100644	blob	56d7a08cb2b065d37e1942e0997ac5bbeab87ce2	Percussion/Anvil_Hit1_v2_Sum.wav
100644	blob	6f6d95fad62e97a40970ed0ea278c1dae7b31fe2	Percussion/Anvil_Hit1_v3_Sum.wav
100644	blob	01557129aaecf0cea4fc6fe4552facce18543956	Percussion/bassdrum_rub1_v1.wav
100644	blob	5cc885750b233e211890144caf21fc878146aca0	Percussion/bassdrum_rub2_v1.wav
100644	blob	022b7d822397e9b2a8a445bfdeab1a427def2055	Percussion/bassdrum_rub3_v1.wav
100644	blob	d2202ea8a1c18c0baec92dc7ebac4513d8c984b7	Percussion/bassdrum_rub4_v1.wav
100644	blob	2bd179131d6b00e99f018210fe62c7443b4f4bd5	Percussion/BDrumNewhit_v1_rr1_Sum.wav
100644	blob	d9d4aa64beb8c8cef2b8014050314c21919fb2f2	Percussion/BDrumNewhit_v1_rr2_Sum.wav
100644	blob	90e36064984ad741962e2f033e286bc16758b46c	Percussion/BDrumNewhit_v2_rr1_Sum.wav
100644	blob	eb9b718cd1b75df824f30ae07405ba0a111f1be7	Percussion/BDrumNewhit_v2_rr2_Sum.wav
100644	blob	5f068b40b13f887c170d574b916dd21927f545ca	Percussion/BDrumNewhit_v3_rr1_Sum.wav
100644	blob	92756223015f024e235dc8a0543118cf048b7e82	Percussion/BDrumNewhit_v3_rr2_Sum.wav
100644	blob	2c50b244be4321074ce64fffcf87f8f570634f6e	Percussion/BDrumNewhit_v4_rr1_Sum.wav
100644	blob	14c3376b3c396c8447415cb3b32aeca053322948	Percussion/BDrumNewhit_v4_rr2_Sum.wav
100644	blob	6a3b5a0fdc56be45b6188c026b2221c31ba8ecb4	Percussion/BDrumNewhit_v5_rr1_Sum.wav
100644	blob	cb6a7fc6201c4466ab5ea2a0bc62359a04d2ca37	Percussion/BDrumNewhit_v5_rr2_Sum.wav
100644	blob	0bd3b2ebbebffcd253eb9b061b24677278d0b34a	Percussion/BDrumNewhit_v6_rr1_Sum.wav
100644	blob	c8745b65f57dfd91c6421ecea49b45ac7ef0358f	Percussion/BDrumNewhit_v6_rr2_Sum.wav
100644	blob	93ebf3571cef69c65ba1acba1d746e5bfa6c7db8	Percussion/BDrumNewhit_v7_rr1_Sum.wav
100644	blob	b76f283f9fffd4ad4d32689424e8562292021791	Percussion/BDrumNewhit_v7_rr2_Sum.wav
100644	blob	4ae81aa1cee673cd7be162419b752301669a3d2d	Percussion/BellTree_Stroke1_v1_Sum.wav
100644	blob	92c5d79bf9d21722752e84aa44e6fa50cd0af5d8	Percussion/BellTree_Stroke2_v1_Sum.wav
100644	blob	f53deb613b09d777629df6738e0345c8783da573	Percussion/BellTree_Stroke3_v1_Sum.wav
100644	blob	47f3a1baab171b8465482664f518f632c8be0479	Percussion/BellTree_Stroke4_v1_Sum.wav
100644	blob	7a36432bb2abf6515f84d4e31f63b3c41deed911	Percussion/BrakeDrum1_Hammer_v1_Sum.wav
100644	blob	5b69929583bd9a249c58d96d90f915985d4a1481	Percussion/BrakeDrum1_Hammer_v2_Sum.wav
100644	blob	4131356c1cf673b71a60db39b5d6c24763f4bf06	Percussion/BrakeDrum1_Hammer_v3_Sum.wav
100644	blob	e5a416a1a5a1b85fb57fc2c3035895a540368586	Percussion/Claves1_Hit_v1_rr1_Sum.wav
100644	blob	5595faedc516092d8de80c3f0ddfcda79f5574c5	Percussion/Claves1_Hit_v1_rr2_Sum.wav
100644	blob	64d31c2fa742947d83a431c266b7a18644e8d3e1	Percussion/Claves1_Hit_v2_rr1_Sum.wav
100644	blob	9e52456881fcac88e9ff0fb69f7e3125afae0df2	Percussion/Claves1_Hit_v2_rr2_Sum.wav
100644	blob	4d98b9b093c3ff659d4e5e6b07293199e1ab734f	Percussion/Claves1_Hit_v3_rr1_Sum.wav
100644	blob	c2fff7edd6d9741509bae74e59b3300fceadb4c2	Percussion/Claves1_Hit_v3_rr2_Sum.wav
100644	blob	16a927b7771ee7a512d6d6c4906aa3086bc867f2	Percussion/Conga-HitN_v1_rr1_Sum.wav
100644	blob	669aa5ba4ab9ed96ec9632bbfff90e9e7a069744	Percussion/Conga-HitN_v1_rr2_Sum.wav
100644	blob	9a0630a1212d56e838c98f87a8c6a68e9b4e9b9c	Percussion/Conga-HitN_v2_rr1_Sum.wav
100644	blob	3e4fd53fc0836f0b1609b64ef090f3ed8ceecb91	Percussion/Conga-HitN_v2_rr2_Sum.wav
100644	blob	54484187ce3db3ea58ea04e22b1afd573499230d	Percussion/Conga-HitN_v3_rr1_Sum.wav
100644	blob	961882f2c14007f608154f482438a1eda6af6e33	Percussion/Conga-HitN_v3_rr2_Sum.wav
100644	blob	9f3b3b8b77a96ee7b931b58968d7de4cf7ff537a	Percussion/Conga-Tap1_v1_rr1_Sum.wav
100644	blob	0e21a502df60db672f356d90239bc071969f77e1	Percussion/Conga-Tap1_v1_rr2_Sum.wav
100644	blob	6205a473cb35519aa78e0c38a51a53373bc2070b	Percussion/Cowbell1_Hit_v1_rr1_Sum.wav
100644	blob	b008a5ec7abfb3e2bf35649126be89f969c89da0	Percussion/Cowbell1_Hit_v1_rr2_Sum.wav
100644	blob	87aee4c818fc1f2030a49885fc1f24ae9f51ab06	Percussion/Cowbell1_Hit_v2_rr1_Sum.wav
100644	blob	defbcb7b7c8f7da7d3f10429655e8a2a028a2628	Percussion/Cowbell1_Hit_v2_rr2_Sum.wav
100644	blob	cb5e2673f32a8caf99d29ed8f35ba816a6403cd8	Percussion/Cowbell1_Hit_v3_rr1_Sum.wav
100644	blob	061071d09fedcfc23e9666bc6de0438d2d01072e	Percussion/Cowbell1_Hit_v3_rr2_Sum.wav
100644	blob	f1a70fd503d05df922a7a550c95c955117bb4371	Percussion/Cowbell1_Hit_v4_rr1_Sum.wav
100644	blob	22c8d57a5c47152b10cc429a596ef315736a831a	Percussion/Cowbell1_Hit_v4_rr2_Sum.wav
100644	blob	2c25cd11c6f8d8c1dbec501fd1c693aa6739c1fa	Percussion/cymbal-crash1_ff_rr1.wav
100644	blob	00eecfab16c3bab05a5b84b8671316b76013da0a	Percussion/cymbal-crash1_ff_rr2.wav
100644	blob	32bdfa92238d510fcd2cbe0f390e3540060146a1	Percussion/cymbal-crash1_mf_rr1.wav
100644	blob	a932ee40e4c87c70637d6e5da5b63d117bf59ce1	Percussion/cymbal-crash1_mf_rr2.wav
100644	blob	41338062a3c8c9510959464334b38bbdcdfd1677	Percussion/cymbal-crash1_mp_rr1.wav
100644	blob	b1d1bef7ed3bc13409354542640c76019971b8a2	Percussion/cymbal-crash1_mp_rr2.wav
100644	blob	0cb2c3c0cd7dd5d7c642781f0011730debc7336b	Percussion/cymbal-crash1_pp_rr1.wav
100644	blob	c20e2bdb7dfc0d808c7d259f66a3127d262ba4b2	Percussion/cymbal-crash1_pp_rr2.wav
100644	blob	3ee85753be6fec03f97da3e67206ac502902f772	Percussion/cymbal-crashshort_v1.wav
040000	tree	30ab468a7f6f7cddb53b5071d458f3e6eda71540	Percussion/Glock
100644	blob	db079c70946137f543820b6a6ac023d0afaac47c	Percussion/Glock/glock_medium_C5.wav
100644	blob	c02ff721d10eb3551372806653368f45ea5dc367	Percussion/Glock/glock_medium_C6.wav
100644	blob	a0f4aff9ef7d73e49a16f4054ead1369a78572b0	Percussion/Glock/glock_medium_C7.wav
100644	blob	a7d9ca6c68e4c56327d83f0653ee3e16e4810265	Percussion/Glock/glock_medium_G4.wav
100644	blob	dbaf80bc3975016095de3a611a202b581931311c	Percussion/Glock/glock_medium_G5.wav
100644	blob	e95738492bdc207b11ad32891a9a1ea090b6719e	Percussion/Glock/glock_medium_G6.wav
100644	blob	fb946327a07e2ab62722c981a09f25f81f7c2be7	Percussion/gongHit_f.wav
100644	blob	2c188f201871e088c649fbf5701f8ae2d7fa2c73	Percussion/gongHit_fff.wav
100644	blob	6e90170966e0955ff362264468e4e8db3f921837	Percussion/gongHit_mf.wav
100644	blob	f0cb216bfd67097784a19e303c0ae48e45eea58b	Percussion/gongHit_p.wav
100644	blob	77c8f7da3ff9865dd3be1ffb5e010b47b0d41f1b	Percussion/gongscrape_mf.wav
100644	blob	f4fb6510b5564b6ebbab12dada93b58484b537be	Percussion/gongscrape_pp.wav
100644	blob	3f2519d062438e3fc0c9b459f74cf9d2225ed149	Percussion/Guiro-Fast_v1_Sum.wav
100644	blob	40e8806804d0dccc04f2b71cebd1d87f39fbd3f4	Percussion/Guiro-Hit_v1_rr1_Sum.wav
100644	blob	69b162b538d75e8a3a4bf39c316acad9cd57556c	Percussion/Guiro-Hit_v1_rr2_Sum.wav
100644	blob	13fdab8adc18f71313cf54ee0975e9f41a85acd2	Percussion/Guiro-M_v1_Sum.wav
100644	blob	963791df3a781630cef63dbc4e6238aec40b7259	Percussion/Guiro-Slow_v1_Sum.wav
100644	blob	4adbb9907e3ae60aaeb3b386e79f6afc58cfeeb5	Percussion/LogDrumHi_MedM_v1_rr1_Sum.wav
100644	blob	80072cae50bdf1a7f0c691dc41a3e4c067713054	Percussion/LogDrumHi_MedM_v1_rr2_Sum.wav
100644	blob	3a48d67c5a28429eb5bca9f4a51151a50770b0b1	Percussion/LogDrumHi_MedM_v2_rr1_Sum.wav
100644	blob	8a0e61a2f880891775745791b6c72b567bd9b56c	Percussion/LogDrumHi_MedM_v2_rr2_Sum.wav
100644	blob	a035863ca280bcced67a1a9519bd1a1bd0d21395	Percussion/LogDrumHi_MedM_v3_rr1_Sum.wav
100644	blob	a6d7057447d2bffbdfd74ee1b08a6f1f00cb35ed	Percussion/LogDrumHi_MedM_v3_rr2_Sum.wav
100644	blob	a926252a2093a6ee0630b50276e4c24087ddbf25	Percussion/LogDrumLo_MedM_v1_rr1_Sum.wav
100644	blob	ebdbb82ac115fd696c71e890f7cfdb1a991e7556	Percussion/LogDrumLo_MedM_v1_rr2_Sum.wav
100644	blob	5141b97b980c5316cfafe49768ec059d2a43cc2f	Percussion/LogDrumLo_MedM_v2_rr1_Sum.wav
100644	blob	14dfb88486fdb22347ccec10ccb63173077ca25a	Percussion/LogDrumLo_MedM_v2_rr2_Sum.wav
100644	blob	45df3307b66e64ce44c6d5a622f1009f61baca14	Percussion/LogDrumLo_MedM_v3_rr1_Sum.wav
100644	blob	b9d34cc3569e5eb798b7c3c2ccfcbf302374f47f	Percussion/LogDrumLo_MedM_v3_rr2_Sum.wav
040000	tree	746fb69affc7e2b2a327377beb1551f5a0e8ea94	Percussion/Marimba
100644	blob	e3b63f301191c679cea1eaa61a99d3baa9c3fbfe	Percussion/Marimba/Marimba_hit_Outrigger_B2_loud_01.wav
100644	blob	cf36d9cae6614613c17069accbaa46594846c113	Percussion/Marimba/Marimba_hit_Outrigger_B4_loud_01.wav
100644	blob	155e036d3aa04fba9d3389e2cdf3accec9842e01	Percussion/Marimba/Marimba_hit_Outrigger_C2_loud_01.wav
100644	blob	fe3ec22b99ed4afdd007d0107d925669e7e1d4c9	Percussion/Marimba/Marimba_hit_Outrigger_C4_loud_01.wav
100644	blob	aa3b9670477cf7d6825cb9e6e3c9446acffa95ee	Percussion/Marimba/Marimba_hit_Outrigger_C6_loud_01.wav
100644	blob	cc5b73c4c0b50ca64a0c484f17d37e825957de50	Percussion/Marimba/Marimba_hit_Outrigger_F1_loud_01.wav
100644	blob	646d1490ead56eaf0db10c96ac352c80d3275736	Percussion/Marimba/Marimba_hit_Outrigger_F3_loud_01.wav
100644	blob	fadca10c6d332115fa9f586cc37245a008a8a859	Percussion/Marimba/Marimba_hit_Outrigger_F5_loud_01.wav
100644	blob	b73a4b8febfdeb8e86ab13edabd1e663caebd378	Percussion/Marimba/Marimba_hit_Outrigger_G2_loud_01.wav
100644	blob	3c6ea81532f6924112581140e8f530e6cc45739d	Percussion/Marimba/Marimba_hit_Outrigger_G4_loud_01.wav
100644	blob	6a49e37ad77c6c70286ae8cebc36c9a910eefbd7	Percussion/Quinto-HitN_v1_rr1_Sum.wav
100644	blob	a1048bfbe061c24f531da0ec0a5a71158d021736	Percussion/Quinto-HitN_v1_rr2_Sum.wav
100644	blob	707a380589cf542f53c665702a2e8d9a0e28cf79	Percussion/Quinto-HitN_v2_rr1_Sum.wav
100644	blob	8077224a71270cb2c87b7647ee26e2f48fab80bf	Percussion/Quinto-HitN_v2_rr2_Sum.wav
100644	blob	48363460308e5862c36aa0054d2e8cbed7e03476	Percussion/Quinto-HitN_v3_rr1_Sum.wav
100644	blob	3e87a0fa520b9edd6dc3ce572c91648b5ffe89e6	Percussion/Quinto-HitN_v3_rr2_Sum.wav
100644	blob	610c4e92eda908e31aa4db09121983aba7414e42	Percussion/Quinto-Tap1_v1_rr1_Sum.wav
100644	blob	c52994b5874222a1a7197aef46dfab4876ee9344	Percussion/Quinto-Tap1_v1_rr2_Sum.wav
100644	blob	7ff4faad0baea73e15d013edd8e05f3e18bd1150	Percussion/Ratchet1-Crank_v1_rr1_Sum.wav
100644	blob	e59ddebd25031f132878d15157a0062320da3b11	Percussion/Ratchet1-Crank_v1_rr2_Sum.wav
100644	blob	bf9341625590fd1583eda308ecb49ae4eed61b37	Percussion/Ratchet1-Fast_v1_rr1_Sum.wav
100644	blob	3a5f6054b1f232797ffc9e2ba6548fc5ae62fd3e	Percussion/Ratchet1-Slow_v1_rr1_Sum.wav
100644	blob	205c71fd44f04877c09f8dff4f7d2ec080380891	Percussion/Sleighbells_Hit_v1_rr1_Mid.wav
100644	blob	d1ba80da4166150cf77d1a84062fbe2238fd4aa4	Percussion/Sleighbells_Hit_v1_rr2_Mid.wav
100644	blob	0c81018f93ce433876c4d1e488fadd821b0d92ea	Percussion/Snare2-HitNS_v1_rr1_Sum.wav
100644	blob	df545b00d3a0a2ff03bdf1498026d5a5bd7e0a5b	Percussion/Snare2-HitNS_v1_rr2_Sum.wav
100644	blob	cec57ac1754fafec7a55e041afe815c4976dfcf2	Percussion/Snare2-HitNS_v3_rr1_Sum.wav
100644	blob	114268eebacae9498974eba4172ee3cb1eedb71a	Percussion/Snare2-HitNS_v3_rr2_Sum.wav
100644	blob	a0168bb64d2c075717920758ea52269a5df44de4	Percussion/Snare2-HitNS_v5_rr1_Sum.wav
100644	blob	a3e21d7a07fdaf36145062e09426c79548c8c59c	Percussion/Snare2-HitNS_v5_rr2_Sum.wav
100644	blob	e4755499367a76fbe9420eb31bb340f4f2de96e0	Percussion/Snare2-HitNS_v6_rr1_Sum.wav
100644	blob	402324c839bcd91ae4e873162a6b9f3e3789d781	Percussion/Snare2-HitNS_v6_rr2_Sum.wav
100644	blob	5e7829bdbca881d0124b5cae4b55733dc190cd8b	Percussion/Snare2-HitSN_v1_rr1_Sum.wav
100644	blob	2cb682331309d6434e4eb0042ae8cdfc9f06a7f2	Percussion/Snare2-HitSN_v1_rr2_Sum.wav
100644	blob	42b9e96ed8cc11399b12fffa7977c8e41e9c586a	Percussion/Snare2-HitSN_v3_rr1_Sum.wav
100644	blob	df0031afe7073164604fe48982ddeb0b9dd88704	Percussion/Snare2-HitSN_v3_rr2_Sum.wav
100644	blob	102f740d546c8f147847ea4243b7c75b6eaa3119	Percussion/Snare2-HitSN_v5_rr1_Sum.wav
100644	blob	b449ea581cb7bb5722e7e0a07df342e2c1bd0de4	Percussion/Snare2-HitSN_v5_rr2_Sum.wav
100644	blob	2d1c3921045d4c2d6148a9a16e764e2bfdfc6cd7	Percussion/Snare2-HitSN_v7_rr1_Sum.wav
100644	blob	87d4aee035e4ac29ebca2787048594c059509962	Percussion/Snare2-HitSN_v7_rr2_Sum.wav
100644	blob	c39c5e8c2acff7e954a5446603c310e238efc70d	Percussion/Snare2-HitSN_v9_rr1_Sum.wav
100644	blob	f6564fe9bd3d498859c84e0395c3f0d97443a061	Percussion/Snare2-HitSN_v9_rr2_Sum.wav
100644	blob	e98f1e9748f56361cca47f2f1acff1204c2fbe70	Percussion/Snare2-rollNS_v1_rr1_Sum.wav
100644	blob	7a94316d1c132600fe7ae05781752563e110126f	Percussion/Snare2-rollNS_v3_rr1_Sum.wav
100644	blob	e7934ed1018ca1cc42a24a9e7f4d4314892d2cc5	Percussion/Snare2-rollNS_v5_rr1_Sum.wav
100644	blob	b734eddeac719a80ce7e2964a5f6ea195e0a6d55	Percussion/Snare2-rollSN_v1_rr1_Sum.wav
100644	blob	7b35bdb92a6bab4856d2c3a84fce494a2d2d3e30	Percussion/Snare2-rollSN_v3_rr1_Sum.wav
100644	blob	bc8079c24dc9202c9603d4b5f5426e8ca68a2048	Percussion/Snare2-rollSN_v5_rr1_Sum.wav
100644	blob	74b15112b6aae19ca1989868b139931180777ede	Percussion/Snare2-taps_v1_rr1_Sum.wav
100644	blob	05e92f0e10c293f685fec26088aefc7da745ece7	Percussion/Snare2-taps_v1_rr2_Sum.wav
100644	blob	2ea5af3a1b5bb2df13923ec5e08eb982e347efbd	Percussion/Snare2-taps_v2_rr1_Sum.wav
100644	blob	4c297219ddbefce33ae4ac19aa6024e9af1b3630	Percussion/Snare2-taps_v2_rr2_Sum.wav
100644	blob	b14a77cfd9d9bc438e9acff4cb2c8b4e2910bd0b	Percussion/Snare2-taps_v3_rr1_Sum.wav
100644	blob	93b9cd0b41811c1e91adbcc70329c26c5606207d	Percussion/Snare2-taps_v3_rr2_Sum.wav
100644	blob	5d862a832bb62c53ff06348a542b0d0ef6a783f3	Percussion/Snare2-taps_v4_rr1_Sum.wav
100644	blob	4d15b1f02121faefdfaa662a818fc2be7cf62a63	Percussion/Snare2-taps_v4_rr2_Sum.wav
100644	blob	75e969385f977894570710348400f52fc4cf0bb5	Percussion/susCymb1-bow-1.wav
100644	blob	18e65afc77a932183e3eccab7f72bcaa76abfd7b	Percussion/susCymb1-bow-2.wav
100644	blob	fa55b466875ed2c90f2a77786c641445c3bb41a2	Percussion/susCymb1-bow-3.wav
100644	blob	7b506ff5a718b05714d7d8a50c9964aa3363e3a6	Percussion/susCymb1-bow-4.wav
100644	blob	f1f88a207d2e40c7a7409d26de99c68acebbc00b	Percussion/susCymb1-cresc-Long_v1.wav
100644	blob	0e1de2b7a87d8873f177e123c6bb74436a236c0c	Percussion/susCymb1-cresc-Median_v1.wav
100644	blob	02778411d215601a2de99ac1a7210cc9a5eb32e6	Percussion/susCymb1-cresc-Short_v1.wav
100644	blob	106a43a794c18fc88b4257c2b67a0bbcecf94607	Percussion/susCymb1-hit_f_rr1.wav
100644	blob	512840ed3e0cdb1d4781c4e89553b4c356576a9d	Percussion/susCymb1-hit_f_rr2.wav
100644	blob	b073dd7e3a6f871e0d550fc55d829a7158570a45	Percussion/susCymb1-hit_fff_rr1.wav
100644	blob	2a4d9cfbd594f9f61b58433f431c2663537a1d66	Percussion/susCymb1-hit_fff_rr2.wav
100644	blob	1a66cc768a4595533aab424baf00fddfa316cfb9	Percussion/susCymb1-hit_mp_rr1.wav
100644	blob	30baee15b122e70615ccea373b76678ddb3d7f9d	Percussion/susCymb1-hit_mp_rr2.wav
100644	blob	c5cf725246c8d8c6550a7f5948d7eeafbcf9c2ea	Percussion/susCymb1-hit_pp_rr1.wav
100644	blob	e3b97f828ad9ea190ec86b56543c4ae67de867ef	Percussion/susCymb1-hit_pp_rr2.wav
100644	blob	103cfc469b1ef5533e5d2f3e458241dfd0043345	Percussion/susCymb1-hit-bell_fff.wav
100644	blob	3eee09cfd9268cf7a5b867ae08ea1e7df8735bb9	Percussion/susCymb1-hit-bell_mf.wav
100644	blob	1d07e2596fd7efc7d9117cf64ef2afb3ea4ef488	Percussion/susCymb1-hit-bell_pp.wav
100644	blob	4529eca8c2b92f1b377b1eb0f55985152b245642	Percussion/susCymb1-hitstick_f_rr1.wav
100644	blob	0c6f31588f8567564503f8bdd398bd4eb991391e	Percussion/susCymb1-hitstick_f_rr2.wav
100644	blob	b7cf8e1d670cfffdf3b470d75fdd31663a700ca9	Percussion/susCymb1-hitstick_fff_rr1.wav
100644	blob	fee20fcfda7d6e5094a457dceb138e912cb6e185	Percussion/susCymb1-hitstick_fff_rr2.wav
100644	blob	22733b4388f26829d94de380711792f7a56ab4da	Percussion/susCymb1-hitstick_mp_rr1.wav
100644	blob	35dd0248163a1c21d397d068a0b37c3b63d0ef76	Percussion/susCymb1-hitstick_mp_rr2.wav
100644	blob	012211003ea58fa9075c356592ead89e937ab96b	Percussion/susCymb1-hitstick_pp_rr1.wav
100644	blob	e467abd94445d3350b9d4f653922dfb6e757e39d	Percussion/susCymb1-hitstick_pp_rr2.wav
100644	blob	8c32d4c14ae56c40b9bc603c753d7552260fc914	Percussion/susCymb1-scrape1_v1.wav
100644	blob	c91f100b66d4a6d388f2883bd01d455166afce00	Percussion/susCymb1-scrape2_v1.wav
100644	blob	fbddb1e497d238e85b5c5646ed2c435767ae4385	Percussion/Tamb1-Hit_v1_rr1_Sum.wav
100644	blob	a9077c258202b6ae4065a33b93478814079065ef	Percussion/Tamb1-Hit_v1_rr2_Sum.wav
100644	blob	de276008d59c05d274d56457931781263380f8f2	Percussion/Tamb1-Hit_v2_rr1_Sum.wav
100644	blob	e446f1fa39898b778aae62f99e8ed51a031f6834	Percussion/Tamb1-Hit_v2_rr2_Sum.wav
100644	blob	35e0d59936e59600e4d18b9968e4668e57014c07	Percussion/Tamb1-Roll_v1_rr1_Sum.wav
100644	blob	42cd417e2ddb111f3cfc47a325c8bf32fe42265a	Percussion/Tamb1-Roll_v2_rr1_Sum.wav
100644	blob	1831851e4cfd5d43d438ae452351a673f6aba9a1	Percussion/Tamb1-Roll_v3_rr1_Sum.wav
100644	blob	81fe6eb985f6aa698843375933a326f6a8134876	Percussion/Tamb1-Shake_v1_rr1_Sum.wav
100644	blob	5257373afa17a8f8565c1df68ca511cf13935de4	Percussion/Tamb1-Shake_v1_rr2_Sum.wav
100644	blob	76efa7c6770b43a670a2cdde701ec26486af9c46	Percussion/TB_hit_C4_v4_rr1.wav
100644	blob	fe75a4f8ae5be638b5bb5fc575fd526674aac5a6	Percussion/TB_hit_C5_v4_rr1.wav
100644	blob	5415ea3d805fb047a21ef1f5dd380678df3682fd	Percussion/TB_hit_F5_v3_rr1.wav
100644	blob	5360b27e9e160acea82a4e705381007b0845b06c	Percussion/TB_hit_G4_v4_rr1.wav
040000	tree	75260a5e3e0f90c09a49863d8308deb4603dc98d	Percussion/temp
100644	blob	2e2cd080df174cbed3fd14143f84e65c23c71d9a	Percussion/temp/timp-snare_f.wav
100644	blob	7e90766c21155d69563750a9c5950acddc01eeb7	Percussion/temp/timpsnare_mf.wav
100644	blob	6bb17921f3179da4a1bdf6b3abd9b1373a0f111c	Percussion/temp/timpsnare_pp.wav
100644	blob	dafe17bc6cccb0df4e9d1984cf0fde5131ae64c9	Percussion/temp/timpsnare_ppp.wav
100644	blob	fc11547809ee0fa2a31ed5065ab6bd8ba6faa786	Percussion/temp/timpsnaretenor_f.wav
100644	blob	b2d8b45a2b5b2a532d9f0117e4faf0bbd9ae35d1	Percussion/temp/timpsnaretenor_ff.wav
100644	blob	a4cd82b604aa6e9479aa21fb732abd590792deaa	Percussion/temp/timpsnaretenor_fff.wav
100644	blob	d65c289803375e669cf73aefec295a6fa22c7d51	Percussion/temp/Triangle3-Hit_v1_rr1_Sum.wav
100644	blob	f5b9c03b11423e8473438dc312769c65d71e9dfe	Percussion/temp/Triangle3-Hit_v1_rr2_Sum.wav
100644	blob	d10404330f27f4611b4ea5a3dd87c5fe8d877a25	Percussion/temp/Triangle3-Hit_v2_rr1_Sum.wav
100644	blob	2709e6fc6a55c35a0d3f9438103f7525cb856d92	Percussion/temp/Triangle3-Hit_v2_rr2_Sum.wav
100644	blob	e7e6c32d6910c46b270af65c875321d299bbd014	Percussion/temp/Triangle3-HitFM_v1_rr1_Sum.wav
100644	blob	84d50a81d3d9cb47010b456a0c2e383bc13804ae	Percussion/temp/Triangle3-HitFM_v1_rr2_Sum.wav
100644	blob	b87e2319630ba9e94e04fe619cea400ca04028d2	Percussion/temp/Triangle3-HitFM_v2_rr1_Sum.wav
100644	blob	91e6d8f389c9529524def378709cfd6e438a12e5	Percussion/temp/Triangle3-HitFM_v2_rr2_Sum.wav
100644	blob	29e1072c90f16d54475bc68c07e86eddb1a4809c	Percussion/temp/Triangle3-HitM_v1_rr1_Sum.wav
100644	blob	cb334a1b9c2542a2917febf47b2f3ae2a285a643	Percussion/temp/Triangle3-HitM_v1_rr2_Sum.wav
100644	blob	71c85cf983af922220fc91bfea289a6b0a6cb922	Percussion/temp/Triangle3-HitM_v2_rr1_Sum.wav
100644	blob	e6e5b96b2000459f6227d02ae022088dbab5a1ef	Percussion/temp/Triangle3-HitM_v2_rr2_Sum.wav
100644	blob	78357eb727c1930665db0b5f61ad69fe81e721c0	Percussion/temp/Triangle3-Roll_v2_rr1_Sum.wav
100644	blob	301d5f4d46a8894b6ca74fd0b7675ad003428d47	Percussion/temp/Triangle6-Hit_v1_rr1_Sum.wav
100644	blob	d7656983cbd590493494c2bd8dbe72845eab4bff	Percussion/temp/Triangle6-Hit_v1_rr2_Sum.wav
100644	blob	e400b815b70b7138a0ca059e5cf752afa3ea489b	Percussion/temp/Triangle6-Hit_v2_rr1_Sum.wav
100644	blob	370781a9e647c5bd3e9d6ccd78f2cbf9cd1ce4c2	Percussion/temp/Triangle6-Hit_v2_rr2_Sum.wav
100644	blob	3cf72070b1708e8686e205571469d9ba6cd2d135	Percussion/temp/Triangle6-HitFM_v1_rr1_Sum.wav
100644	blob	602602276aac4c25f3ec8461fa80110c771be29e	Percussion/temp/Triangle6-HitFM_v1_rr2_Sum.wav
100644	blob	98c6987bd730a0c1941406f427592174d3d5f115	Percussion/temp/Triangle6-HitFM_v2_rr1_Sum.wav
100644	blob	e25bcf4676235b69b62f417f685d047f42b08a8c	Percussion/temp/Triangle6-HitFM_v2_rr2_Sum.wav
100644	blob	cddcb0e888d79d1152aa2242fa8bebd29618b60f	Percussion/temp/Triangle6-HitM_v1_rr1_Sum.wav
100644	blob	0f711583ba8f16a28ba6b2c5529c6cb68aab8a18	Percussion/temp/Triangle6-HitM_v1_rr2_Sum.wav
100644	blob	831740fd20fc81985744255912afd17688eb4d27	Percussion/temp/Triangle6-HitM_v2_rr1_Sum.wav
100644	blob	9b202202a8b7b8795cf5c2b348391fe1f11082fe	Percussion/temp/Triangle6-HitM_v2_rr2_Sum.wav
100644	blob	4e75fdf4b07d874a234165521c876b4da8bc6fc4	Percussion/temp/Triangle6-Roll_v2_rr1_Sum.wav
100644	blob	27be5474b92270d079d8a7323b99ae5b41b530f2	Percussion/temp/Tumba-HitN_v1_rr1_Sum.wav
100644	blob	9c83c8c30ea107c53414a4988b65997c1670aee6	Percussion/temp/Tumba-HitN_v1_rr2_Sum.wav
100644	blob	8f54617d22b01eae35d3374b8eb662c0d3c6a284	Percussion/temp/Tumba-HitN_v2_rr1_Sum.wav
100644	blob	0616640b03e7884ce67a73d031ddeeb27e419a2b	Percussion/temp/Tumba-HitN_v2_rr2_Sum.wav
100644	blob	5fafad3fe5a0047c692b9af14333335f29e9e3db	Percussion/temp/Tumba-HitN_v3_rr1_Sum.wav
100644	blob	c6e4fd93daca6b8e4c34e65da2c94bf44b8fe2cc	Percussion/temp/Tumba-HitN_v3_rr2_Sum.wav
100644	blob	8ce0ffbb53503af161bbedb39797b025b9e7059c	Percussion/temp/Tumba-Tap1_v1_rr1_Sum.wav
100644	blob	8de599ee7b5787194c6a9a4305d6d8e6233dd6df	Percussion/temp/Tumba-Tap1_v1_rr2_Sum.wav
100644	blob	54c501f0aefdda2a210ed430f348184bd5bef2c7	Percussion/temp/vibraring_v1_rr1.wav
100644	blob	fd380c40c40a718b5617878f96af13c82226f2bf	Percussion/temp/vibraring_v1_rr2.wav
100644	blob	5a22c0560678c4d3805e46e10a9c17093ed1212c	Percussion/temp/zap1_v1.wav
100644	blob	66be1571432c93eab37d7ed5d2f8adeff36f1e75	Percussion/temp/zap2_v1.wav
100644	blob	ec71a10d16adc5192a7f631858038b1faebf681e	Percussion/temp/zap3_v1.wav
100644	blob	ea6ac9e837bce74fe301ad610b6a538985a491a0	Percussion/temp/zap4_v1.wav
100644	blob	2e2cd080df174cbed3fd14143f84e65c23c71d9a	Percussion/timp-snare_f.wav
040000	tree	0a770f8d5065d0d088b23dfe69e59f9b3a866426	Percussion/Timpani
040000	tree	a7c2d559b569a40187fb63d16ca08565cdc8f8c1	Percussion/Timpani/Rolls
100644	blob	a587ab55a495a0d19144d03d524031a2a16e4a57	Percussion/Timpani/Rolls/Timpani1_Roll_v3_rr1_Sum.wav
100644	blob	63efbcb5542a4477c4d53379583d4c7907daf90e	Percussion/Timpani/Rolls/Timpani1_Roll_v5_rr1_Sum.wav
100644	blob	52d693f5dd22311ffcc608ab78c7baa0d404310f	Percussion/Timpani/Rolls/Timpani2_Roll_v3_rr1_Sum.wav
100644	blob	7e504e4da16ba9c85b2aa7c8656d31138be5eac9	Percussion/Timpani/Rolls/Timpani2_Roll_v5_rr1_Sum.wav
100644	blob	89d70965a543aaf65003eaecd2668373d0f3ad6e	Percussion/Timpani/Rolls/Timpani3_Roll_v3_rr1_Sum.wav
100644	blob	135a2ecf726a055521fbd7fe3ea5e3a97ee47e54	Percussion/Timpani/Rolls/Timpani3_Roll_v5_rr1_Sum.wav
100644	blob	e0ddaca9930c5b4a184b649dcfcec265f4abfd47	Percussion/Timpani/Rolls/Timpani4_Roll_v3_rr1_Sum.wav
100644	blob	15ee54706de8db65b8eb7e5737a5996a4f69bda8	Percussion/Timpani/Rolls/Timpani4_Roll_v5_rr1_Sum.wav
100644	blob	10af1f1f0206b8099ea70db38895ed6e18a4ec88	Percussion/Timpani/Rolls/Timpani5_Roll_v3_rr1_Sum.wav
100644	blob	6edd78469dbff041770d9701a77196dd497218e9	Percussion/Timpani/Rolls/Timpani5_Roll_v4_rr1_Sum.wav
100644	blob	77c36162c32a539649022e5917e0aa764a9c081b	Percussion/Timpani/Timpani1_Hit_v1_rr1_Sum.wav
100644	blob	525877a1eead2c5f3034b446631341f63b9ece92	Percussion/Timpani/Timpani1_Hit_v1_rr2_Sum.wav
100644	blob	86d8e078c8820d49fd15124fe037cbd667ae8fa2	Percussion/Timpani/Timpani1_Hit_v3_rr1_Sum.wav
100644	blob	3e681d3622b0a6e73eef4c0411312969656f5f2c	Percussion/Timpani/Timpani1_Hit_v3_rr2_Sum.wav
100644	blob	0cf89f0c95be1cc91c8dea45d747bf924219b3e2	Percussion/Timpani/Timpani2_Hit_v1_rr1_Sum.wav
100644	blob	91f805e9cb2491d4fe897a4e1a6226974b6acdd5	Percussion/Timpani/Timpani2_Hit_v1_rr2_Sum.wav
100644	blob	23f38123671e904b64b45c694deec814daff98ce	Percussion/Timpani/Timpani2_Hit_v3_rr1_Sum.wav
100644	blob	3e2b66cceb028c6d4894d50a521cdb98f3ab01c3	Percussion/Timpani/Timpani2_Hit_v3_rr2_Sum.wav
100644	blob	9ea50b2bf3a7c6d438e939e348a698d93f30f1f3	Percussion/Timpani/Timpani2_Hit_v4_rr1_Sum.wav
100644	blob	31908758783ecec5d24643310fbca5057764ae77	Percussion/Timpani/Timpani2_Hit_v4_rr2_Sum.wav
100644	blob	afeffb8bc93738852c91a1fbef8f8619039f5da6	Percussion/Timpani/Timpani3_Hit_v1_rr1_Sum.wav
100644	blob	331354ea98dc9ae7d39380b253c1ba1b1ff1ba94	Percussion/Timpani/Timpani3_Hit_v1_rr2_Sum.wav
100644	blob	1996b4911a0c0a0d6f8ef7e5efd823fbcc7612ff	Percussion/Timpani/Timpani3_Hit_v3_rr1_Sum.wav
100644	blob	f1289188398845fdd9263bf4e0808b1722e11229	Percussion/Timpani/Timpani3_Hit_v3_rr2_Sum.wav
100644	blob	020341b6f206e571211e240e544f2bc314215553	Percussion/Timpani/Timpani3_Hit_v4_rr1_Sum.wav
100644	blob	f724d0f32e5ee8dc0ed7231707843f92ab0cde0f	Percussion/Timpani/Timpani3_Hit_v4_rr2_Sum.wav
100644	blob	62d1f1ce105698df2395e2d46a8158eaaa01deb7	Percussion/Timpani/Timpani4_Hit_v1_rr1_Sum.wav
100644	blob	cbf9eeae44051eaf9900eff7802bf7ed6cd025f2	Percussion/Timpani/Timpani4_Hit_v1_rr2_Sum.wav
100644	blob	198b2582307137805b0fccef4e7eb71a4398e953	Percussion/Timpani/Timpani4_Hit_v3_rr1_Sum.wav
100644	blob	f6b877fdbaf6ff5236d3a9eb2f2c6781becfe155	Percussion/Timpani/Timpani4_Hit_v3_rr2_Sum.wav
100644	blob	e677f48530d9715c1e8ebbd35e1795de9e7ea207	Percussion/Timpani/Timpani4_Hit_v4_rr1_Sum.wav
100644	blob	9188167f8360c03538b757fa5c7801d39355323f	Percussion/Timpani/Timpani4_Hit_v4_rr2_Sum.wav
100644	blob	dd17dd4aea5781b0761a6461e16459a66f057354	Percussion/Timpani/Timpani5_Hit_v1_rr1_Sum.wav
100644	blob	18fce5347cb112c40026c885a808f0d5383bc1b3	Percussion/Timpani/Timpani5_Hit_v1_rr2_Sum.wav
100644	blob	52b8d8441ff31e3870572cdbba0ae317c201bfe9	Percussion/Timpani/Timpani5_Hit_v3_rr1_Sum.wav
100644	blob	4f2eeb4ba6dc3547684c5d36106e5a0d9b97eba5	Percussion/Timpani/Timpani5_Hit_v3_rr2_Sum.wav
100644	blob	5de0226ebb7e3b4a343b23e71517147aa5102f2e	Percussion/Timpani/Timpani5_Hit_v4_rr1_Sum.wav
100644	blob	c9bc3ccf75025ad7f907d833a1d1d417a945a5b3	Percussion/Timpani/Timpani5_Hit_v4_rr2_Sum.wav
100644	blob	7e90766c21155d69563750a9c5950acddc01eeb7	Percussion/timpsnare_mf.wav
100644	blob	6bb17921f3179da4a1bdf6b3abd9b1373a0f111c	Percussion/timpsnare_pp.wav
100644	blob	dafe17bc6cccb0df4e9d1984cf0fde5131ae64c9	Percussion/timpsnare_ppp.wav
100644	blob	fc11547809ee0fa2a31ed5065ab6bd8ba6faa786	Percussion/timpsnaretenor_f.wav
100644	blob	b2d8b45a2b5b2a532d9f0117e4faf0bbd9ae35d1	Percussion/timpsnaretenor_ff.wav
100644	blob	a4cd82b604aa6e9479aa21fb732abd590792deaa	Percussion/timpsnaretenor_fff.wav
100644	blob	d65c289803375e669cf73aefec295a6fa22c7d51	Percussion/Triangle3-Hit_v1_rr1_Sum.wav
100644	blob	f5b9c03b11423e8473438dc312769c65d71e9dfe	Percussion/Triangle3-Hit_v1_rr2_Sum.wav
100644	blob	d10404330f27f4611b4ea5a3dd87c5fe8d877a25	Percussion/Triangle3-Hit_v2_rr1_Sum.wav
100644	blob	2709e6fc6a55c35a0d3f9438103f7525cb856d92	Percussion/Triangle3-Hit_v2_rr2_Sum.wav
100644	blob	e7e6c32d6910c46b270af65c875321d299bbd014	Percussion/Triangle3-HitFM_v1_rr1_Sum.wav
100644	blob	84d50a81d3d9cb47010b456a0c2e383bc13804ae	Percussion/Triangle3-HitFM_v1_rr2_Sum.wav
100644	blob	b87e2319630ba9e94e04fe619cea400ca04028d2	Percussion/Triangle3-HitFM_v2_rr1_Sum.wav
100644	blob	91e6d8f389c9529524def378709cfd6e438a12e5	Percussion/Triangle3-HitFM_v2_rr2_Sum.wav
100644	blob	29e1072c90f16d54475bc68c07e86eddb1a4809c	Percussion/Triangle3-HitM_v1_rr1_Sum.wav
100644	blob	cb334a1b9c2542a2917febf47b2f3ae2a285a643	Percussion/Triangle3-HitM_v1_rr2_Sum.wav
100644	blob	71c85cf983af922220fc91bfea289a6b0a6cb922	Percussion/Triangle3-HitM_v2_rr1_Sum.wav
100644	blob	e6e5b96b2000459f6227d02ae022088dbab5a1ef	Percussion/Triangle3-HitM_v2_rr2_Sum.wav
100644	blob	78357eb727c1930665db0b5f61ad69fe81e721c0	Percussion/Triangle3-Roll_v2_rr1_Sum.wav
100644	blob	301d5f4d46a8894b6ca74fd0b7675ad003428d47	Percussion/Triangle6-Hit_v1_rr1_Sum.wav
100644	blob	d7656983cbd590493494c2bd8dbe72845eab4bff	Percussion/Triangle6-Hit_v1_rr2_Sum.wav
100644	blob	e400b815b70b7138a0ca059e5cf752afa3ea489b	Percussion/Triangle6-Hit_v2_rr1_Sum.wav
100644	blob	370781a9e647c5bd3e9d6ccd78f2cbf9cd1ce4c2	Percussion/Triangle6-Hit_v2_rr2_Sum.wav
100644	blob	3cf72070b1708e8686e205571469d9ba6cd2d135	Percussion/Triangle6-HitFM_v1_rr1_Sum.wav
100644	blob	602602276aac4c25f3ec8461fa80110c771be29e	Percussion/Triangle6-HitFM_v1_rr2_Sum.wav
100644	blob	98c6987bd730a0c1941406f427592174d3d5f115	Percussion/Triangle6-HitFM_v2_rr1_Sum.wav
100644	blob	e25bcf4676235b69b62f417f685d047f42b08a8c	Percussion/Triangle6-HitFM_v2_rr2_Sum.wav
100644	blob	cddcb0e888d79d1152aa2242fa8bebd29618b60f	Percussion/Triangle6-HitM_v1_rr1_Sum.wav
100644	blob	0f711583ba8f16a28ba6b2c5529c6cb68aab8a18	Percussion/Triangle6-HitM_v1_rr2_Sum.wav
100644	blob	831740fd20fc81985744255912afd17688eb4d27	Percussion/Triangle6-HitM_v2_rr1_Sum.wav
100644	blob	9b202202a8b7b8795cf5c2b348391fe1f11082fe	Percussion/Triangle6-HitM_v2_rr2_Sum.wav
100644	blob	4e75fdf4b07d874a234165521c876b4da8bc6fc4	Percussion/Triangle6-Roll_v2_rr1_Sum.wav
100644	blob	27be5474b92270d079d8a7323b99ae5b41b530f2	Percussion/Tumba-HitN_v1_rr1_Sum.wav
100644	blob	9c83c8c30ea107c53414a4988b65997c1670aee6	Percussion/Tumba-HitN_v1_rr2_Sum.wav
100644	blob	8f54617d22b01eae35d3374b8eb662c0d3c6a284	Percussion/Tumba-HitN_v2_rr1_Sum.wav
100644	blob	0616640b03e7884ce67a73d031ddeeb27e419a2b	Percussion/Tumba-HitN_v2_rr2_Sum.wav
100644	blob	5fafad3fe5a0047c692b9af14333335f29e9e3db	Percussion/Tumba-HitN_v3_rr1_Sum.wav
100644	blob	c6e4fd93daca6b8e4c34e65da2c94bf44b8fe2cc	Percussion/Tumba-HitN_v3_rr2_Sum.wav
100644	blob	8ce0ffbb53503af161bbedb39797b025b9e7059c	Percussion/Tumba-Tap1_v1_rr1_Sum.wav
100644	blob	8de599ee7b5787194c6a9a4305d6d8e6233dd6df	Percussion/Tumba-Tap1_v1_rr2_Sum.wav
100644	blob	54c501f0aefdda2a210ed430f348184bd5bef2c7	Percussion/vibraring_v1_rr1.wav
100644	blob	fd380c40c40a718b5617878f96af13c82226f2bf	Percussion/vibraring_v1_rr2.wav
040000	tree	a67edd5ea6cfd85a5d4f3fd1174e6665cacbd155	Percussion/Xylo
100644	blob	af5c4ea6431fc38aa5049cd202dde9e58102e6b7	Percussion/Xylo/Xylo_Medium_C4_ff_01_far.wav
100644	blob	f8bd2232bc174009e2a4e1a531e879e8cbd74199	Percussion/Xylo/Xylo_Medium_C5_ff_01_far.wav
100644	blob	b947a33529eb125a762090fc368b1942a4e3aa72	Percussion/Xylo/Xylo_Medium_C6_ff_01_far.wav
100644	blob	d44013498ae967ea9998cb03bac8b59f461865ed	Percussion/Xylo/Xylo_Medium_C7_ff_01_far.wav
100644	blob	0ebb689b682277fdbcde0a3c76b9b1e197ef29fa	Percussion/Xylo/Xylo_Medium_G3_ff_01_far.wav
100644	blob	dd8e753fbd1a67efa83049e7b226ddabc5644720	Percussion/Xylo/Xylo_Medium_G4_ff_01_far.wav
100644	blob	7183664e7583871c9221e3b0c40a324a265706f7	Percussion/Xylo/Xylo_Medium_G5_ff_01_far.wav
100644	blob	911cb8efac1a84a05d071a04ff35d6b3b087e313	Percussion/Xylo/Xylo_Medium_G6_ff_01_far.wav
100644	blob	5a22c0560678c4d3805e46e10a9c17093ed1212c	Percussion/zap1_v1.wav
100644	blob	66be1571432c93eab37d7ed5d2f8adeff36f1e75	Percussion/zap2_v1.wav
100644	blob	ec71a10d16adc5192a7f631858038b1faebf681e	Percussion/zap3_v1.wav
100644	blob	ea6ac9e837bce74fe301ad610b6a538985a491a0	Percussion/zap4_v1.wav
100644	blob	64362229eaee3d93aae6cb86446b6b5f4f0a1170	README.md
100644	blob	72e2bfeac69f91a77497254c4991a3c5fbb87bfb	Readme.txt
040000	tree	88c679182d55c136d001196333486b2442fc1e6e	Strings
040000	tree	6faa5b0f6f1b3cbf55187d590a1e3f196baa58ea	Strings/Cello Section
040000	tree	b24000b74efdf7899cc88539ee4bbdb5997d07fe	Strings/Cello Section/pizzT
100644	blob	3e1fec71b531697030215d70a51889260324a225	Strings/Cello Section/pizzT/pizzT_A2_v1_RR1.wav
100644	blob	2f0d3adf6cad8227f6c340d71a9b5597dfa6f319	Strings/Cello Section/pizzT/pizzT_A2_v1_RR2.wav
100644	blob	72e0f0d5d328ff59c7b0227a451c1a226b892265	Strings/Cello Section/pizzT/pizzT_A2_v2_RR1.wav
100644	blob	fa1956ce30140cf95d335c16a5d8986b53751c8e	Strings/Cello Section/pizzT/pizzT_A2_v2_RR2.wav
100644	blob	a77d940699042d211e6e329d2331d95ca76842c8	Strings/Cello Section/pizzT/pizzT_B1_v1_RR1.wav
100644	blob	2ac3786f8de7fa92086cf2620d4acf0be60c0ae9	Strings/Cello Section/pizzT/pizzT_B1_v1_RR2.wav
100644	blob	4a241c20bb2cb76be13837019363537e85851f40	Strings/Cello Section/pizzT/pizzT_B1_v2_RR1.wav
100644	blob	7792131afbc5bdc2e2e85ca070954a72239ef523	Strings/Cello Section/pizzT/pizzT_B1_v2_RR2.wav
100644	blob	9beeb61bac3f90a6031fc44df73203dca0128518	Strings/Cello Section/pizzT/pizzT_B3_v1_RR1.wav
100644	blob	c2336fd8d3a7f7d9267b0ec5124d6b7c2295522f	Strings/Cello Section/pizzT/pizzT_B3_v1_RR2.wav
100644	blob	37e30848e2c86eeb1a7fd6f704fc33b23c4afa4b	Strings/Cello Section/pizzT/pizzT_B3_v2_RR1.wav
100644	blob	344e9c73227fb784fa182a14ad266c4ba9bf5398	Strings/Cello Section/pizzT/pizzT_B3_v2_RR2.wav
100644	blob	c075a85b166054bbb9d1f900393a76f05f10a8b1	Strings/Cello Section/pizzT/pizzT_C1_v1_RR1.wav
100644	blob	ab41bf7563e84434f5babc50dda270e92fdb89d2	Strings/Cello Section/pizzT/pizzT_C1_v1_RR2.wav
100644	blob	e863415fcc1daf43bb56c7ad2990774f66c1cb98	Strings/Cello Section/pizzT/pizzT_C1_v2_RR1.wav
100644	blob	a6030389c8d46bdbfdcb9954de2db56972743873	Strings/Cello Section/pizzT/pizzT_C1_v2_RR2.wav
100644	blob	0e8a8a7eadd8ea2b5f009f70fd4b1c2e325ec137	Strings/Cello Section/pizzT/pizzT_C3_v1_RR1.wav
100644	blob	5f02b7ab2afbf1825bfef67c4b24516fa2136c0c	Strings/Cello Section/pizzT/pizzT_C3_v1_RR2.wav
100644	blob	a0a21bf7abdff541715f3c49df50ca0a3b5ef0f7	Strings/Cello Section/pizzT/pizzT_C3_v2_RR1.wav
100644	blob	0f4fb38d9ece8c7ce5f2176b184c7695ff715540	Strings/Cello Section/pizzT/pizzT_C3_v2_RR2.wav
100644	blob	602ef076ef3e60774a7a9d99450fbceaa7f4d24b	Strings/Cello Section/pizzT/pizzT_D2_v1_RR1.wav
100644	blob	896b65e4cff10b895f49ecf50d3eb12bde14f341	Strings/Cello Section/pizzT/pizzT_D2_v1_RR2.wav
100644	blob	55891f1ec98c1742b27e0b7565c0ef2f027e9bbc	Strings/Cello Section/pizzT/pizzT_D2_v2_RR1.wav
100644	blob	15d9901c6962456d98fa7e435e485df07bd39e3e	Strings/Cello Section/pizzT/pizzT_D2_v2_RR2.wav
100644	blob	d431933dfc477cab274a7ba5e17bbad5ab68f768	Strings/Cello Section/pizzT/pizzT_D4_v1_RR1.wav
100644	blob	1f45b6a4eff699b0104c9ad0461f1cb493f93926	Strings/Cello Section/pizzT/pizzT_D4_v1_RR2.wav
100644	blob	d8b97e0669415235b2d28ed65f247430264cc847	Strings/Cello Section/pizzT/pizzT_D4_v2_RR1.wav
100644	blob	c4e580cdb994d107d7cc292e0c69e4cc7d7556b4	Strings/Cello Section/pizzT/pizzT_D4_v2_RR2.wav
100644	blob	9678586affff8ef2973ef9da03259ba0132d1b67	Strings/Cello Section/pizzT/pizzT_E1_v1_RR1.wav
100644	blob	9a4a5b9bd741c22fbd2646eed0bf48f839c8445d	Strings/Cello Section/pizzT/pizzT_E1_v1_RR2.wav
100644	blob	7e8f2ebee318b74e00763e877c7da474511e3341	Strings/Cello Section/pizzT/pizzT_E1_v2_RR1.wav
100644	blob	0031262b33fb7a612eab5f7e42b7737600275eca	Strings/Cello Section/pizzT/pizzT_E1_v2_RR2.wav
100644	blob	e25e4b7b69df776d59a8e66ce3c3203f02ca3b59	Strings/Cello Section/pizzT/pizzT_E3_v1_RR1.wav
100644	blob	a24e7e2f05f7aa3073c8ef0f641eadf33a1f7fed	Strings/Cello Section/pizzT/pizzT_E3_v1_RR2.wav
100644	blob	81e7e715c82c068767246b948aa5720bdacd61ba	Strings/Cello Section/pizzT/pizzT_E3_v2_RR1.wav
100644	blob	3079bc3db63fa205a7e7beef171611877d1abc8b	Strings/Cello Section/pizzT/pizzT_E3_v2_RR2.wav
100644	blob	65b06f53a4d2c449f38b30a22aeea6bf1ce814af	Strings/Cello Section/pizzT/pizzT_F2_v1_RR1.wav
100644	blob	69b5bd25c32e439c69df8ce0623d767bcc98fd08	Strings/Cello Section/pizzT/pizzT_F2_v1_RR2.wav
100644	blob	20c6e50e4f6e6d4e677a66989de22ebe44af9707	Strings/Cello Section/pizzT/pizzT_F2_v2_RR1.wav
100644	blob	d172b1efd4ed288c0be128c1360583756a5d04bd	Strings/Cello Section/pizzT/pizzT_F2_v2_RR2.wav
100644	blob	24895de3e0d59db4ba2f2905777d1d4cb1f3242f	Strings/Cello Section/pizzT/pizzT_F4_v1_RR1.wav
100644	blob	ece05cdbcb43e57d592e819806fe323395b68666	Strings/Cello Section/pizzT/pizzT_F4_v1_RR2.wav
100644	blob	5a5d41fbab07b45e1c15f8332ad3a9be98d9087c	Strings/Cello Section/pizzT/pizzT_F4_v2_RR1.wav
100644	blob	3103fe64aa82efa50834f8060e6f869c70e74786	Strings/Cello Section/pizzT/pizzT_F4_v2_RR2.wav
100644	blob	7a2e62d4053cf9d0260ededbe1b97b1963cdd1e0	Strings/Cello Section/pizzT/pizzT_G1_v1_RR1.wav
100644	blob	1f424612f211f3360db750f4f1cbd5c7c25b6812	Strings/Cello Section/pizzT/pizzT_G1_v1_RR2.wav
100644	blob	9e6b7510899020e0deffdf7cd84ebc207057ec27	Strings/Cello Section/pizzT/pizzT_G1_v2_RR1.wav
100644	blob	dc1935483eda7148f8db4cc3b62d0f6dce23a4d6	Strings/Cello Section/pizzT/pizzT_G1_v2_RR2.wav
100644	blob	3e51a603e5395b476a41ebdcf91e2b6902fe5bfd	Strings/Cello Section/pizzT/pizzT_G3_v1_RR1.wav
100644	blob	11b3dbf3c78e4ba6138d74a7001731d26f448a65	Strings/Cello Section/pizzT/pizzT_G3_v1_RR2.wav
100644	blob	2aee48b5212697b6c897260d25c3ad31f6b8e8aa	Strings/Cello Section/pizzT/pizzT_G3_v2_RR1.wav
100644	blob	b9ff26a22c79a87e0967bea0a871c9c4dfd12b69	Strings/Cello Section/pizzT/pizzT_G3_v2_RR2.wav
040000	tree	20739fad58003775b339b19fcc20f7baf82f3730	Strings/Cello Section/spic
100644	blob	01ed4d069a05a5077d0744c08db9af7c152702a6	Strings/Cello Section/spic/spic_A2_v1_RR1.wav
100644	blob	5ab7f2a2748a9c2c5544339393e04e2a15a12405	Strings/Cello Section/spic/spic_A2_v1_RR2.wav
100644	blob	6023bf05728d62289c152b3deb52f0e194dbf146	Strings/Cello Section/spic/spic_A2_v2_RR1.wav
100644	blob	6cf453f636aec69acaf3a67540560a6fb1b3a0c3	Strings/Cello Section/spic/spic_A2_v2_RR2.wav
100644	blob	fdecb0155c8203ab685159463ed1bd64f853e98f	Strings/Cello Section/spic/spic_B1_v1_RR1.wav
100644	blob	6e4aec99a9c0d7ae0304e9074f9892fd038c28e1	Strings/Cello Section/spic/spic_B1_v1_RR2.wav
100644	blob	7ea6d7230a2c6c29cd6750c9ff3357edb6621ee5	Strings/Cello Section/spic/spic_B1_v2_RR1.wav
100644	blob	3e68292dfe615f66e42cb2da40486beec4675e80	Strings/Cello Section/spic/spic_B1_v2_RR2.wav
100644	blob	5ad1734300412278953e53b4003cb46c6dd2c81c	Strings/Cello Section/spic/spic_B3_v1_RR1.wav
100644	blob	c5710589c9a29deb66f170d97893bca670c34ab0	Strings/Cello Section/spic/spic_B3_v1_RR2.wav
100644	blob	15154d7fc1daef5b3a64ae37fe131a07c0264d92	Strings/Cello Section/spic/spic_B3_v2_RR1.wav
100644	blob	aee9180f6955adcbb3a616772a53ef898824cb81	Strings/Cello Section/spic/spic_B3_v2_RR2.wav
100644	blob	6a4fa67a26dd26715083cfd79967695edac31e06	Strings/Cello Section/spic/spic_C1_v1_RR1.wav
100644	blob	4a586d8c0a6238a46b5d349316add9f2a02c03e9	Strings/Cello Section/spic/spic_C1_v1_RR2.wav
100644	blob	a8bd5d4e51a6c38c7ce1949cd1b50850eecb51e6	Strings/Cello Section/spic/spic_C1_v2_RR1.wav
100644	blob	4ac53906d49989bb98b5c0deb549e1f2c33c9dea	Strings/Cello Section/spic/spic_C1_v2_RR2.wav
100644	blob	cc9f933429d125d89238c28baa48ff64819563d0	Strings/Cello Section/spic/spic_C3_v1_RR1.wav
100644	blob	d2ca393681c67a3f8de9a6a332ae253396f50350	Strings/Cello Section/spic/spic_C3_v1_RR2.wav
100644	blob	44110289cbce539a41aabc50f6d48a665f563198	Strings/Cello Section/spic/spic_C3_v2_RR1.wav
100644	blob	ca63b74ef7bff88e4ed632f6032ead210f562079	Strings/Cello Section/spic/spic_C3_v2_RR2.wav
100644	blob	d5424a07cdfa0213020f9d9b042baf25adca8e93	Strings/Cello Section/spic/spic_D2_v1_RR1.wav
100644	blob	2257d013d9bef0761c28418069e69a95b7601486	Strings/Cello Section/spic/spic_D2_v1_RR2.wav
100644	blob	feaa6ecee38e4b5dd478aaf88c2cb1264cc45c4c	Strings/Cello Section/spic/spic_D2_v2_RR1.wav
100644	blob	7566f8e267570edcdcf2e1b8069b4e30baaef610	Strings/Cello Section/spic/spic_D2_v2_RR2.wav
100644	blob	ce1cadfcdfe3929b5990b51f3b5afa446d5c3df6	Strings/Cello Section/spic/spic_D4_v1_RR1.wav
100644	blob	f75159a874b88ba43971ccea9acd9ee61859faf6	Strings/Cello Section/spic/spic_D4_v1_RR2.wav
100644	blob	d5eb423d25f48568b93920bc173d1c46b14c59be	Strings/Cello Section/spic/spic_D4_v2_RR1.wav
100644	blob	3de3959626e350483ab308ee73d1e522bf3cc619	Strings/Cello Section/spic/spic_D4_v2_RR2.wav
100644	blob	3f0d96a12f2113b45e8d0233f6b46cb8a6990098	Strings/Cello Section/spic/spic_E1_v1_RR1.wav
100644	blob	f03bd7f7287388076a058a48db359dc527c94497	Strings/Cello Section/spic/spic_E1_v1_RR2.wav
100644	blob	9d40bd22e27a51218e404019a2b5920529cb2015	Strings/Cello Section/spic/spic_E1_v2_RR1.wav
100644	blob	aa826bae797c1c9b5a4191859fd65321c93949c0	Strings/Cello Section/spic/spic_E1_v2_RR2.wav
100644	blob	4d3a8ed35407f94b2681cb63edb88bb54ffef3c7	Strings/Cello Section/spic/spic_E3_v1_RR1.wav
100644	blob	74f6d2222e5e0a673852d22c34c70f15c84d785f	Strings/Cello Section/spic/spic_E3_v1_RR2.wav
100644	blob	fd37800c131511727ba9f633b14e3d6ddd9bd472	Strings/Cello Section/spic/spic_E3_v2_RR1.wav
100644	blob	8053f186261fb4247bdc5932c9cc932ca01ab7af	Strings/Cello Section/spic/spic_E3_v2_RR2.wav
100644	blob	0e2f2654ecdedcf68f9c1b87985025fac5443a9d	Strings/Cello Section/spic/spic_F2_v1_RR1.wav
100644	blob	b3a928c5183452964d7924dce232e30d671354f5	Strings/Cello Section/spic/spic_F2_v1_RR2.wav
100644	blob	3c0258c27207d83e8f932c732c74534b077e3c08	Strings/Cello Section/spic/spic_F2_v2_RR1.wav
100644	blob	a383e1f075923e4452286f07b4c1a2aae7b9a0b7	Strings/Cello Section/spic/spic_F2_v2_RR2.wav
100644	blob	495455b4beaceb03b3b6a82581dbba80e1f55084	Strings/Cello Section/spic/spic_F4_v1_RR1.wav
100644	blob	48cd5dc529137258bb24ddce10830aac476c5168	Strings/Cello Section/spic/spic_F4_v1_RR2.wav
100644	blob	a35d1c7ef09388d1e047f89c6410aa8b320a8ef0	Strings/Cello Section/spic/spic_F4_v2_RR1.wav
100644	blob	109c3ea50bc7d1be36dc9f034aa3f09ca7a121cb	Strings/Cello Section/spic/spic_F4_v2_RR2.wav
100644	blob	48331d770d78700e7681f681e99876531a07ce99	Strings/Cello Section/spic/spic_G1_v1_RR1.wav
100644	blob	dc77aef2b1562bbf2e7cbf7ce886fe94b32647d3	Strings/Cello Section/spic/spic_G1_v1_RR2.wav
100644	blob	373cf1dd9138334460fe9c108e31a3a257d22497	Strings/Cello Section/spic/spic_G1_v2_RR1.wav
100644	blob	e09e531c9a46ac44547c6c040dc7073c12e8c3d3	Strings/Cello Section/spic/spic_G1_v2_RR2.wav
100644	blob	f206574780f7e1661c050244a36a198de0cff4b4	Strings/Cello Section/spic/spic_G3_v1_RR1.wav
100644	blob	ea163e3f86478b12c06ddab17b9fab7e5845110a	Strings/Cello Section/spic/spic_G3_v1_RR2.wav
100644	blob	6b4769050f1e77567fd60c15d7318e96b5ebbef1	Strings/Cello Section/spic/spic_G3_v2_RR1.wav
100644	blob	10fb31cd9f4829f11a0e1747dfd8e0dd47dfb81e	Strings/Cello Section/spic/spic_G3_v2_RR2.wav
040000	tree	069e69122cdb666a6e3cad0800a589c587e9a219	Strings/Cello Section/susvib
100644	blob	76df6b474aff133b2ac9d96bf2466cb6fd865c72	Strings/Cello Section/susvib/susvib_A2_v1_1.wav
100644	blob	ad696c6ad3cbacb37b6d9cf4f26da4a54521e7ce	Strings/Cello Section/susvib/susvib_A2_v3_1.wav
100644	blob	d6a4a2d1a688c6ccb4e1e1a56b878c9c93df468b	Strings/Cello Section/susvib/susvib_B1_v1_1.wav
100644	blob	56c81412c60a2b04b8556dfa26a7e0127357c5cb	Strings/Cello Section/susvib/susvib_B1_v3_1.wav
100644	blob	16d846690d7c4d385f3cfc8f1fe25873d6bd5b01	Strings/Cello Section/susvib/susvib_B3_v1_1.wav
100644	blob	3b1685e657db57bd71c979da8c2d9d35d2d0d197	Strings/Cello Section/susvib/susvib_B3_v3_1.wav
100644	blob	ff87d1ae488d87189f33a0d18550d3bcde012f3d	Strings/Cello Section/susvib/susvib_C1_v1_1.wav
100644	blob	d3820a6d57daf9a202a000bff0fa082a3f77acf6	Strings/Cello Section/susvib/susvib_C1_v3_1.wav
100644	blob	73ccb5dc2cc2a07926a1c41aa3c5621b19f420bf	Strings/Cello Section/susvib/susvib_C3_v1_1.wav
100644	blob	a192845091cb8e669c72d3ff4a88eb1c5968e626	Strings/Cello Section/susvib/susvib_C3_v3_1.wav
100644	blob	8076f809d4f6a8057f3835e12d22751a25e39252	Strings/Cello Section/susvib/susvib_D2_v1_1.wav
100644	blob	fdb46242bb68876ad275b9b8ed10c4b8508b9292	Strings/Cello Section/susvib/susvib_D2_v3_1.wav
100644	blob	e1125afc13def9b43e4612cdcebd11b99fce20cc	Strings/Cello Section/susvib/susvib_D4_v1_1.wav
100644	blob	9189549dab9d3e0928fc7e42f94c04d66d28c52b	Strings/Cello Section/susvib/susvib_D4_v3_1.wav
100644	blob	fcd27d29a8c0d520539cef6aad659bf9006ae730	Strings/Cello Section/susvib/susvib_E1_v1_1.wav
100644	blob	d5756d400ce67b25c332e04061dd9f32dc89d283	Strings/Cello Section/susvib/susvib_E1_v1_2.wav
100644	blob	666f0d1ba1a76133c12c9859222c1c7094b613cf	Strings/Cello Section/susvib/susvib_E1_v3_1.wav
100644	blob	63f4d6df3a25fb95f417b5d45b5f8bf6a11107bf	Strings/Cello Section/susvib/susvib_E3_v1_1.wav
100644	blob	7711cb67795d692b0d732eb8fd234c41d5980f42	Strings/Cello Section/susvib/susvib_E3_v3_1.wav
100644	blob	78f52c49ddc8a357657d92b05cd89f15beb6c717	Strings/Cello Section/susvib/susvib_F2_v1_1.wav
100644	blob	a384e84a342ab9be12ca55b92c845a3c351b75bf	Strings/Cello Section/susvib/susvib_F2_v3_1.wav
100644	blob	7f39cccecb392eaa0ff4c94e3607dc2294458a30	Strings/Cello Section/susvib/susvib_F4_v1_1.wav
100644	blob	074f12a91124e13ea0e4fb34d9ecbe7279ec0806	Strings/Cello Section/susvib/susvib_F4_v3_1.wav
100644	blob	42a2731d11a4749c3026f0618e21a8c9370c2024	Strings/Cello Section/susvib/susvib_G1_v1_1.wav
100644	blob	35971538059e18b8f38cdc556630967777a0a0d5	Strings/Cello Section/susvib/susvib_G1_v3_1.wav
100644	blob	7880157fbb8e57fb0b7a694b8569701bc0d942ea	Strings/Cello Section/susvib/susvib_G3_v1_1.wav
100644	blob	732d0c80596fdfc593f55b5a24f65c07cd3191cd	Strings/Cello Section/susvib/susvib_G3_v3_1.wav
040000	tree	4d8a250ffca713523705eb0504cf4eb9dd5e81c6	Strings/Cello Section/trem
100644	blob	01ce1406581e223d03d177428cc71f8d5dc29182	Strings/Cello Section/trem/trem_A2_v1_1.wav
100644	blob	b3cd3fa75e3e3c811dd961e7d76886a4713c7f62	Strings/Cello Section/trem/trem_A2_v2_1.wav
100644	blob	2db14b5e140812631f237e00a0bd4aacdcff43b1	Strings/Cello Section/trem/trem_B1_v1_1.wav
100644	blob	8ba6739037b2536455aa1e4209ced38c5fe12f09	Strings/Cello Section/trem/trem_B2_v2_1.wav
100644	blob	8cc90cd06bed0a3070eed294bc02084e436c453b	Strings/Cello Section/trem/trem_B3_v1_1.wav
100644	blob	1a20c03fbf3a28d806683ba439e6917235a062bd	Strings/Cello Section/trem/trem_B3_v2_1.wav
100644	blob	8141e6a8454370af624f9de17168e212e9437a45	Strings/Cello Section/trem/trem_C1_v2_1.wav
100644	blob	83115162183b6ad0de0d61436725178876ee884d	Strings/Cello Section/trem/trem_C3_v1_1.wav
100644	blob	8963b914a975e7ace7b8778e95d228183a716202	Strings/Cello Section/trem/trem_C3_v2_1.wav
100644	blob	5ea16cf0e585b17de9a6091ecd10cbc3ef30f63a	Strings/Cello Section/trem/trem_D2_v1_1.wav
100644	blob	6ecbe9a4436e2e523dd33a17417370c3d4aee1c4	Strings/Cello Section/trem/trem_D2_v2_1.wav
100644	blob	d0e303b7e23498e25c325853bb35dfd489b46785	Strings/Cello Section/trem/trem_D4_v1_1.wav
100644	blob	7e0ee3f7543a7ddf7327b5eb07e8984be90d45bf	Strings/Cello Section/trem/trem_D4_v2_1.wav
100644	blob	4f0b0e37586cc963551ba7184f52e7167a349bf5	Strings/Cello Section/trem/trem_E1_v1_1.wav
100644	blob	40a2d21fe4b129d4418e9311a09111e3521406d1	Strings/Cello Section/trem/trem_E1_v2_1.wav
100644	blob	7b8d7f3284af6eaecfcfffc1af1bef17911b4820	Strings/Cello Section/trem/trem_E3_v1_1.wav
100644	blob	074c54e05e9f6a5a4912636a5cb5596c39ee1871	Strings/Cello Section/trem/trem_E3_v2_1.wav
100644	blob	375d82e77d730ba12d9780c36a83ccf69ee6e809	Strings/Cello Section/trem/trem_F2_v1_1.wav
100644	blob	e5c951db69e1f4a025d65ea05aa439c4c049c358	Strings/Cello Section/trem/trem_F2_v2_1.wav
100644	blob	e93f13f0a0a8ef85427b1e49926d1bfb36fd3d95	Strings/Cello Section/trem/trem_F4_v1_1.wav
100644	blob	5fa88c274ec2a5c8459b6cf4a411c2701d85ad4a	Strings/Cello Section/trem/trem_F4_v2_1.wav
100644	blob	d55c7811f86d14a9413837861a805ddebbc00d88	Strings/Cello Section/trem/trem_G1_v1_1.wav
100644	blob	134d8cc1208f874ddf4e92e38da5eceff00fad76	Strings/Cello Section/trem/trem_G1_v2_1.wav
100644	blob	31bc5adda1a85a5266c890f7cbfb207c635067ba	Strings/Cello Section/trem/trem_G3_v1_1.wav
100644	blob	1e5bc46d26793ae51fe85f4d56994d67133b7f9d	Strings/Cello Section/trem/trem_G3_v2_1.wav
040000	tree	e1bfe2a80484a38ae60c864f09e191d4590b25f5	Strings/Harp
100644	blob	265383d75cb23b2882ca297e6c50908e3ec8247a	Strings/Harp/KSHarp_A2_mf.wav
100644	blob	acbece38a84e886cb5516e0f29d6ff5d38900fe1	Strings/Harp/KSHarp_A4_mf.wav
100644	blob	9fc9959804954e24e6837c426d702031fd2a3b7f	Strings/Harp/KSHarp_A6_mf.wav
100644	blob	bb26292fd8b4d4d7f95703c69667c8f2234eebc8	Strings/Harp/KSHarp_B1_mf.wav
100644	blob	8d06cd55bc871d19f25a2bb1b56c7a567aabbc6b	Strings/Harp/KSHarp_B3_mf.wav
100644	blob	2d2689e8ca023cd685ed5a29161f3d641f109da9	Strings/Harp/KSHarp_B5_mf.wav
100644	blob	d350ad472b663c9c239802f10228cd0073cf698d	Strings/Harp/KSHarp_B6_mf.wav
100644	blob	20e91e167e86132bb16601f682c90444779d8a23	Strings/Harp/KSHarp_C3_mf.wav
100644	blob	748b4b1366616972c2a22e81fc48a86178801c45	Strings/Harp/KSHarp_C5_mf.wav
100644	blob	2a9d5a18ceb32459a29995a4e68e06c8f78dff5d	Strings/Harp/KSHarp_D2_mf.wav
100644	blob	342eec5072e2c0a7fb7cb03b6f5b46d84ed6ac69	Strings/Harp/KSHarp_D4_mf.wav
100644	blob	f66e88f651740695e4971c3197e6a1d61d6380c1	Strings/Harp/KSHarp_D6_mf.wav
100644	blob	096a6d12f2a4e01c952d85100d11030b8ab2fdf9	Strings/Harp/KSHarp_D7_f.wav
100644	blob	483714bd64ecf4947fe70d0ae0da6f2292c958f2	Strings/Harp/KSHarp_E1_f.wav
100644	blob	5c6c7410ae0ff7800214931f9db9a7f52db5987e	Strings/Harp/KSHarp_E3_mf.wav
100644	blob	20675907d698db011d0c8bc72cf9af4e7a1ac971	Strings/Harp/KSHarp_E5_mf.wav
100644	blob	03c3ce65453dc79a0b36805126b57574ff7dc654	Strings/Harp/KSHarp_F2_mf.wav
100644	blob	a1966639b165b623ac533270d616814cbc5389ef	Strings/Harp/KSHarp_F4_mf.wav
100644	blob	5d80932f790a28c088fab5dc2727c01ef2a130fc	Strings/Harp/KSHarp_F6_mf.wav
100644	blob	2451907b2acc4cdf9b371111c760abc9bb866926	Strings/Harp/KSHarp_F7_f.wav
100644	blob	b7935d0f8828a40be189f960960d4cb8d3235328	Strings/Harp/KSHarp_G1_mp.wav
100644	blob	a2f7fcc2bce81d039d9c0c529a94159f589f36e1	Strings/Harp/KSHarp_G3_mf.wav
100644	blob	8e3593345c95368ae9d74591c1046d21de6a8e60	Strings/Harp/KSHarp_G5_mf.wav
040000	tree	d57e323b07264907633074fd3329b1070db286c3	Strings/Solo Contrabass
040000	tree	c088d0906dbbf27aa696ad2bae1a64a7cc6f0147	Strings/Solo Contrabass/Pizz
100644	blob	6b42c2b752ac8aa098fa512b1c068229036f9d55	Strings/Solo Contrabass/Pizz/BKCtbss_Pizz_A#0_v1_rr1.wav
100644	blob	74b090dd2b40841aa3657f35859ae5810ed3344e	Strings/Solo Contrabass/Pizz/BKCtbss_Pizz_A#0_v1_rr2.wav
100644	blob	b5525c15a77e1871feb42f70cc17a6650aee4355	Strings/Solo Contrabass/Pizz/BKCtbss_Pizz_A#0_v3_rr1.wav
100644	blob	3bcb6e93918b0e8355867acfcaca87106e421b23	Strings/Solo Contrabass/Pizz/BKCtbss_Pizz_A#0_v3_rr2.wav
100644	blob	311a5027a127715530f1e723a21f7927d280d493	Strings/Solo Contrabass/Pizz/BKCtbss_Pizz_A1_v1_rr1.wav
100644	blob	4ccbcc407cdc07f124f6523d50778d8e77ac2aad	Strings/Solo Contrabass/Pizz/BKCtbss_Pizz_A1_v1_rr2.wav
100644	blob	c5bfef7aaa68a98928f172b8572711ea6ce8975d	Strings/Solo Contrabass/Pizz/BKCtbss_Pizz_B2_v1_rr1.wav
100644	blob	a36c908d3b8b07d9ecc0107d465ab391160e3c79	Strings/Solo Contrabass/Pizz/BKCtbss_Pizz_B2_v1_rr2.wav
100644	blob	16b7ca596182a49fe693b81ed925df8d2fc1be59	Strings/Solo Contrabass/Pizz/BKCtbss_Pizz_C#2_v1_rr1.wav
100644	blob	1538275fda063011eae150b531752b410186c2b6	Strings/Solo Contrabass/Pizz/BKCtbss_Pizz_C#2_v1_rr2.wav
100644	blob	46a4f947083669e7281be98b16c89b434529ea9e	Strings/Solo Contrabass/Pizz/BKCtbss_Pizz_C1_v1_rr1.wav
100644	blob	aa16603fb7d318a87c47abf01e3ea321cdc78418	Strings/Solo Contrabass/Pizz/BKCtbss_Pizz_C1_v1_rr2.wav
100644	blob	eb8c1aa8049e386288b71b7678098352a0c8f037	Strings/Solo Contrabass/Pizz/BKCtbss_Pizz_C1_v3_rr1.wav
100644	blob	974926b4eda1088bb5c7865de6712acc7803d304	Strings/Solo Contrabass/Pizz/BKCtbss_Pizz_C1_v3_rr2.wav
100644	blob	623693ad1479a3e1da230fe62b8d012406412d86	Strings/Solo Contrabass/Pizz/BKCtbss_Pizz_D1_v1_rr1.wav
100644	blob	6b66446765a55ddcad2fbfdf3b47fdc6737bc540	Strings/Solo Contrabass/Pizz/BKCtbss_Pizz_D1_v1_rr2.wav
100644	blob	8e025f9d9f072fd42a12ff27bad023f95016203f	Strings/Solo Contrabass/Pizz/BKCtbss_Pizz_E0_v1_rr1.wav
100644	blob	548f3bf22840c6477487df248e1a2d6417ad7175	Strings/Solo Contrabass/Pizz/BKCtbss_Pizz_E0_v1_rr2.wav
100644	blob	3258f6728cacc74c5ad6addadaa8a61cbb9d57cd	Strings/Solo Contrabass/Pizz/BKCtbss_Pizz_E0_v3_rr1.wav
100644	blob	92da6c6d93f06c950cbf8ebd737947cc8cd02769	Strings/Solo Contrabass/Pizz/BKCtbss_Pizz_E0_v3_rr2.wav
100644	blob	da8962289a777507e94094c6dde7131916ca1b64	Strings/Solo Contrabass/Pizz/BKCtbss_Pizz_E1_v1_rr1.wav
100644	blob	3326b2b4ae5a4bc6156e7ec8ce5adaca94e867e5	Strings/Solo Contrabass/Pizz/BKCtbss_Pizz_E1_v1_rr2.wav
100644	blob	1cada4277b16b2eb8b240d4a6da4bbd3aca989a0	Strings/Solo Contrabass/Pizz/BKCtbss_Pizz_E1_v3_rr1.wav
100644	blob	9033e53e840a4ca791ff0ae57bd1f171bc5a310c	Strings/Solo Contrabass/Pizz/BKCtbss_Pizz_E1_v3_rr2.wav
100644	blob	ba882653db7ef6fcebc5dc0e373707cdca944e62	Strings/Solo Contrabass/Pizz/BKCtbss_Pizz_E2_v1_rr1.wav
100644	blob	0d330f46bca35ae676072455ab09bc1391ffdff7	Strings/Solo Contrabass/Pizz/BKCtbss_Pizz_E2_v1_rr2.wav
100644	blob	4578fd1b4f56290dc35ee453105e487efb3c5c67	Strings/Solo Contrabass/Pizz/BKCtbss_Pizz_F#0_v1_rr1.wav
100644	blob	d0a056d068a5c9e2b9e1ddbf1f309c80e617dc9f	Strings/Solo Contrabass/Pizz/BKCtbss_Pizz_F#0_v1_rr2.wav
100644	blob	4e6933681d86ea908000d9319e01db9858b499e1	Strings/Solo Contrabass/Pizz/BKCtbss_Pizz_F#0_v3_rr1.wav
100644	blob	09b455dcad902b0c725168f405e5635c580ed3f2	Strings/Solo Contrabass/Pizz/BKCtbss_Pizz_F#0_v3_rr2.wav
100644	blob	757d0487bc7ad3461aac13cdce1999fabb3952b3	Strings/Solo Contrabass/Pizz/BKCtbss_Pizz_F#1_v1_rr1.wav
100644	blob	9a7f711fd6039b0ba71e6061edfb7de9d7102a8a	Strings/Solo Contrabass/Pizz/BKCtbss_Pizz_F#1_v1_rr2.wav
100644	blob	1b3774619e9ae958177bc6bd4429d32fbef0c0c8	Strings/Solo Contrabass/Pizz/BKCtbss_Pizz_G#1_v1_rr1.wav
100644	blob	51b5c8bbabf1760a072fc557652fb84bcaf827d8	Strings/Solo Contrabass/Pizz/BKCtbss_Pizz_G#1_v1_rr2.wav
100644	blob	b32004f92c141a30ba5e314dd0cc1d2687b92856	Strings/Solo Contrabass/Pizz/BKCtbss_Pizz_G#2_v1_rr1.wav
100644	blob	425eaabaf3d12ea8da780056e5e1a7ee4ddbde80	Strings/Solo Contrabass/Pizz/BKCtbss_Pizz_G#2_v1_rr2.wav
100644	blob	45d11b0a0545d59407f740b938461b205e8c91cb	Strings/Solo Contrabass/Pizz/BKCtbss_Pizz_G0_v1_rr1.wav
100644	blob	968cf37ef77070e116c8f665d0242af1287530fc	Strings/Solo Contrabass/Pizz/BKCtbss_Pizz_G0_v1_rr2.wav
100644	blob	219542998cac263bb0b5bd03ab02fd6bbdcb3d21	Strings/Solo Contrabass/Pizz/BKCtbss_Pizz_G0_v3_rr1.wav
100644	blob	09b63873d4e3070f2d0c513f69cb827ed83911c0	Strings/Solo Contrabass/Pizz/BKCtbss_Pizz_G0_v3_rr2.wav
040000	tree	bf87f5ac6470d2b51d69ad27658525be9f51ffe4	Strings/Solo Contrabass/Spic
100644	blob	1246bcb65fd3fe48e16f248486059944ca983a68	Strings/Solo Contrabass/Spic/BKCtbss_Spic_A#0_v1_rr1.wav
100644	blob	7d4edcd42a2a9a379862b31fda8062f2bf715ae2	Strings/Solo Contrabass/Spic/BKCtbss_Spic_A#0_v1_rr2.wav
100644	blob	4e04468888ee97306ae5b8ce73270c25e60ee612	Strings/Solo Contrabass/Spic/BKCtbss_Spic_A#0_v3_rr1.wav
100644	blob	94be75a715e9c897afa4d470f21f48006ee46ebd	Strings/Solo Contrabass/Spic/BKCtbss_Spic_A#0_v3_rr2.wav
100644	blob	8f020de45fd955ffe1d55570bacf8e57ab0de143	Strings/Solo Contrabass/Spic/BKCtbss_Spic_A1_v1_rr1.wav
100644	blob	56b700e9339329f60bcbf5860f1092cd36552b7d	Strings/Solo Contrabass/Spic/BKCtbss_Spic_A1_v1_rr2.wav
100644	blob	4b198581d8d4e38816e76c365372a68254a2c81f	Strings/Solo Contrabass/Spic/BKCtbss_Spic_B2_v1_rr1.wav
100644	blob	1697ad01a6d3d7bd685577499c89b97041b41a92	Strings/Solo Contrabass/Spic/BKCtbss_Spic_B2_v1_rr2.wav
100644	blob	b92ba9831b089dcef128055c70fc7953fc9aea05	Strings/Solo Contrabass/Spic/BKCtbss_Spic_C#2_v1_rr1.wav
100644	blob	8254730ce72baad0bf5a5136c61bea13a3e339c4	Strings/Solo Contrabass/Spic/BKCtbss_Spic_C#2_v1_rr2.wav
100644	blob	03ebca73c64b7cb65c9f5db30133d4e61ad1c898	Strings/Solo Contrabass/Spic/BKCtbss_Spic_C1_v1_rr1.wav
100644	blob	a5823cc28774e098618b11aad5a36a82a602a79c	Strings/Solo Contrabass/Spic/BKCtbss_Spic_C1_v1_rr2.wav
100644	blob	712a59e62af56d68c210424b5526d4aed5009a95	Strings/Solo Contrabass/Spic/BKCtbss_Spic_C1_v3_rr1.wav
100644	blob	0be6efd7a711446edda295307b0a4d4b139f0c00	Strings/Solo Contrabass/Spic/BKCtbss_Spic_C1_v3_rr2.wav
100644	blob	7076b42d62f57410c4369394b5305997e11bc5ba	Strings/Solo Contrabass/Spic/BKCtbss_Spic_D1_v1_rr1.wav
100644	blob	4fbd9525f5f7209fccdaf2c3d89e4d45fc54f9df	Strings/Solo Contrabass/Spic/BKCtbss_Spic_D1_v1_rr2.wav
100644	blob	49365a97360e240092041c32071f73cb053e4f74	Strings/Solo Contrabass/Spic/BKCtbss_Spic_D1_v3_rr1.wav
100644	blob	5fa713d49854842b5fca7d4017dcf7c22a44a82c	Strings/Solo Contrabass/Spic/BKCtbss_Spic_D1_v3_rr2.wav
100644	blob	c858fe0aeac53874ae33b98b463ad19b76b44d9c	Strings/Solo Contrabass/Spic/BKCtbss_Spic_E0_v1_rr1.wav
100644	blob	b6bc513466e27e2a9a062deff52e2f297b7b520f	Strings/Solo Contrabass/Spic/BKCtbss_Spic_E0_v1_rr2.wav
100644	blob	51db108d52c9a212fbc5e8e454bc0a6b4bf4abb6	Strings/Solo Contrabass/Spic/BKCtbss_Spic_E0_v3_rr1.wav
100644	blob	a3e80dea43cd183121c4bd51c1bf70387873f3d3	Strings/Solo Contrabass/Spic/BKCtbss_Spic_E0_v3_rr2.wav
100644	blob	de8a53628a9de1cdcc18202c23f5e1c4d9b8e512	Strings/Solo Contrabass/Spic/BKCtbss_Spic_E1_v1_rr1.wav
100644	blob	cabffb611561da582253b44928a4d16421c1d776	Strings/Solo Contrabass/Spic/BKCtbss_Spic_E1_v1_rr2.wav
100644	blob	a48af4d19d4f79180e3a7f89506e438f1242a104	Strings/Solo Contrabass/Spic/BKCtbss_Spic_E1_v3_rr1.wav
100644	blob	2cbf3b69db08f5cd16ecc0c8abdf7149d9ed2067	Strings/Solo Contrabass/Spic/BKCtbss_Spic_E1_v3_rr2.wav
100644	blob	491a14198674d517cd3ed77999fc3d1f5032aada	Strings/Solo Contrabass/Spic/BKCtbss_Spic_E2_v1_rr1.wav
100644	blob	d0f0e8ba56ec350e36f3440148cb87b1aaf86709	Strings/Solo Contrabass/Spic/BKCtbss_Spic_E2_v1_rr2.wav
100644	blob	a5e00f82168c8655fc18a5efc69409a7614689c8	Strings/Solo Contrabass/Spic/BKCtbss_Spic_F#0_v1_rr1.wav
100644	blob	8f08c1ed5de2ef2ab6ef24432a030807c84d42b2	Strings/Solo Contrabass/Spic/BKCtbss_Spic_F#0_v1_rr2.wav
100644	blob	037927cef0283303513110d106f6bb52c44c97ac	Strings/Solo Contrabass/Spic/BKCtbss_Spic_F#0_v3_rr1.wav
100644	blob	4bb66d9a107f67f70482069606a804246bbe59c7	Strings/Solo Contrabass/Spic/BKCtbss_Spic_F#0_v3_rr2.wav
100644	blob	b8ea57d499c58ca57b0c1d85a921c2511b8c0502	Strings/Solo Contrabass/Spic/BKCtbss_Spic_F#1_v1_rr1.wav
100644	blob	c2340e867d5c68c57d520fbe92e88bd21019d5d3	Strings/Solo Contrabass/Spic/BKCtbss_Spic_F#1_v1_rr2.wav
100644	blob	468d3d287dd12990fdaf439e44497fe44e37f34e	Strings/Solo Contrabass/Spic/BKCtbss_Spic_G#1_v1_rr1.wav
100644	blob	ddf5871bec661b4bdf8462459d078b87a60e29fe	Strings/Solo Contrabass/Spic/BKCtbss_Spic_G#1_v1_rr2.wav
100644	blob	50ec5338d2532e5eb5baa9fc446119815ea934b0	Strings/Solo Contrabass/Spic/BKCtbss_Spic_G#2_v1_rr1.wav
100644	blob	30ad8e0b53c87fb65bcb53ba1dfe2c1c1997736d	Strings/Solo Contrabass/Spic/BKCtbss_Spic_G#2_v1_rr2.wav
100644	blob	d2fb7767c684ddd8f7a80fc914c837ba35485180	Strings/Solo Contrabass/Spic/BKCtbss_Spic_G0_v1_rr1.wav
100644	blob	e76d210ca57dadee06c02a3dbee89b2a4b3a6e5e	Strings/Solo Contrabass/Spic/BKCtbss_Spic_G0_v1_rr2.wav
100644	blob	08e14035167f3baf33d2388bb3a224b839c18564	Strings/Solo Contrabass/Spic/BKCtbss_Spic_G0_v3_rr1.wav
100644	blob	ed9eb3889e172db4dfe32cfde3fde6b692f1432d	Strings/Solo Contrabass/Spic/BKCtbss_Spic_G0_v3_rr2.wav
040000	tree	b3105875963961cda19fbd941a022ac62eb9c606	Strings/Solo Contrabass/SusNV
100644	blob	7cf00f069ec3bcd2168ab3bf323528ccad07444c	Strings/Solo Contrabass/SusNV/BKCtbss_SusNV_A#0_v1_rr1.wav
100644	blob	938d98f61c6df3573658c7b1ebfaddc3643b29ee	Strings/Solo Contrabass/SusNV/BKCtbss_SusNV_A#0_v3_rr1.wav
100644	blob	1bffe0476c289a25c3404d023a37e26d473dee48	Strings/Solo Contrabass/SusNV/BKCtbss_SusNV_A1_v1_rr1.wav
100644	blob	1931bca16de18f5a7f4f3d36334b8d49bbfd935f	Strings/Solo Contrabass/SusNV/BKCtbss_SusNV_A1_v3_rr1.wav
100644	blob	1fa75f0eabf6637e3b64eedc7bcbda664b7bd5c9	Strings/Solo Contrabass/SusNV/BKCtbss_SusNV_B2_v1_rr1.wav
100644	blob	ffc3f8d81a8d551a7caa650d75b7ff45b27870c6	Strings/Solo Contrabass/SusNV/BKCtbss_SusNV_B2_v3_rr1.wav
100644	blob	6c81a4f26d83527e775f705a8888cde24224e75e	Strings/Solo Contrabass/SusNV/BKCtbss_SusNV_C#2_v1_rr1.wav
100644	blob	2e6da6b6e76e5eb396bf7203f847413f344202cf	Strings/Solo Contrabass/SusNV/BKCtbss_SusNV_C#2_v3_rr1.wav
100644	blob	e8b4cd7952603319926b7ad8d1ac363c07f61a67	Strings/Solo Contrabass/SusNV/BKCtbss_SusNV_C1_v1_rr1.wav
100644	blob	b682eeea5db633ff03765d15add584871a421092	Strings/Solo Contrabass/SusNV/BKCtbss_SusNV_C1_v3_rr1.wav
100644	blob	efc144474b11569f4c40c48b3b112d068d038274	Strings/Solo Contrabass/SusNV/BKCtbss_SusNV_D1_v1_rr1.wav
100644	blob	249f36163d2073c10a9085072324ac90c427641d	Strings/Solo Contrabass/SusNV/BKCtbss_SusNV_D1_v3_rr1.wav
100644	blob	3ec46c827e37588c7f5eed288055e85b75171a08	Strings/Solo Contrabass/SusNV/BKCtbss_SusNV_E0_v1_rr1.wav
100644	blob	755166d7fa032b814274c2eb48f927069c20f03d	Strings/Solo Contrabass/SusNV/BKCtbss_SusNV_E0_v3_rr1.wav
100644	blob	bfa40160c441f0b4ef4fb964a05434ba79513c10	Strings/Solo Contrabass/SusNV/BKCtbss_SusNV_E1_v1_rr1.wav
100644	blob	bfb7197f57602935e10486ad753a4bc20220bb2e	Strings/Solo Contrabass/SusNV/BKCtbss_SusNV_E1_v3_rr1.wav
100644	blob	b419330c6a748a8b4aa1cf2c3cffb04da87ec22a	Strings/Solo Contrabass/SusNV/BKCtbss_SusNV_E2_v1_rr1.wav
100644	blob	458b973c82eb8d06aa8df74744c388e9571aa324	Strings/Solo Contrabass/SusNV/BKCtbss_SusNV_E2_v3_rr1.wav
100644	blob	6ad421289478178f9e3bec82ae206bebb7ce5292	Strings/Solo Contrabass/SusNV/BKCtbss_SusNV_F#0_v1_rr1.wav
100644	blob	51a849123c202178bccee68191009a1a862cd3e1	Strings/Solo Contrabass/SusNV/BKCtbss_SusNV_F#0_v3_rr1.wav
100644	blob	7bcbf7236cdee6c05b998b43bfe3d845d8a07837	Strings/Solo Contrabass/SusNV/BKCtbss_SusNV_F#1_v1_rr1.wav
100644	blob	a6681f7efe06d19894b0bdb03b7f15f04fe4c135	Strings/Solo Contrabass/SusNV/BKCtbss_SusNV_F#1_v3_rr1.wav
100644	blob	a7fb50754e56af940300a7af2f834f3635d2228d	Strings/Solo Contrabass/SusNV/BKCtbss_SusNV_G#1_v1_rr1.wav
100644	blob	6142b5a07c12982809119348f2633bc57ff8c400	Strings/Solo Contrabass/SusNV/BKCtbss_SusNV_G#1_v3_rr1.wav
100644	blob	c9eb10a6d480739d47e232f70f99b7441cd2ca4f	Strings/Solo Contrabass/SusNV/BKCtbss_SusNV_G#2_v1_rr1.wav
100644	blob	95169c0f1fb4287e2b9bafb006912ba524dddac1	Strings/Solo Contrabass/SusNV/BKCtbss_SusNV_G#2_v3_rr1.wav
100644	blob	1a0f1864681c12fbc9a0dd8ca118754e95bb20c6	Strings/Solo Contrabass/SusNV/BKCtbss_SusNV_G0_v1_rr1.wav
100644	blob	d6a91ce81864ed75338f79038c55c57fd18d48bc	Strings/Solo Contrabass/SusNV/BKCtbss_SusNV_G0_v3_rr1.wav
040000	tree	6ea62679f25b245d67bf8bc48bfc79d66618335f	Strings/Solo Contrabass/SusVib
100644	blob	6121cdd1a2011599c3f016c8bba312902d8dff5f	Strings/Solo Contrabass/SusVib/BKCtbss_SusVib_A#0_v1_rr1.wav
100644	blob	93b045a2ce6f37a7b479ee32c17b87a791bc16e0	Strings/Solo Contrabass/SusVib/BKCtbss_SusVib_A#0_v3_rr1.wav
100644	blob	552d5297f6a9b0384a4544eda9689fbb1f9f0950	Strings/Solo Contrabass/SusVib/BKCtbss_SusVib_A1_v1_rr1.wav
100644	blob	2829c3686a2ae6c728cd2c924679b66d850d74de	Strings/Solo Contrabass/SusVib/BKCtbss_SusVib_A1_v3_rr1.wav
100644	blob	ec3908bbb75b03c60c5fdfc182761016e90b3a89	Strings/Solo Contrabass/SusVib/BKCtbss_SusVib_B2_v1_rr1.wav
100644	blob	9424df5a5e339fc2aec523d78b99efa0de6e4d09	Strings/Solo Contrabass/SusVib/BKCtbss_SusVib_B2_v3_rr1.wav
100644	blob	7c9dde09e9bc254c0b7523ccce679c69b87a25e3	Strings/Solo Contrabass/SusVib/BKCtbss_SusVib_C#2_v1_rr1.wav
100644	blob	b84db77f1fec73b106f2f108037c66d23a35c1ce	Strings/Solo Contrabass/SusVib/BKCtbss_SusVib_C#2_v3_rr1.wav
100644	blob	b0698cd7f3deab8320de5bda1d96d1c3443a51b2	Strings/Solo Contrabass/SusVib/BKCtbss_SusVib_C1_v1_rr1.wav
100644	blob	961971106505e82db1b2a2c850e573528a75c6e7	Strings/Solo Contrabass/SusVib/BKCtbss_SusVib_C1_v3_rr1.wav
100644	blob	305eaa62b5a84f1035a8723792fe0f4011d7f9e6	Strings/Solo Contrabass/SusVib/BKCtbss_SusVib_D1_v1_rr1.wav
100644	blob	e66dde25194ee27477b4fdd31fd7726e84df2d73	Strings/Solo Contrabass/SusVib/BKCtbss_SusVib_D1_v3_rr1.wav
100644	blob	b1fbaaf4c5226a1ea8447b4e3687fb0539d62b0c	Strings/Solo Contrabass/SusVib/BKCtbss_SusVib_E1_v1_rr1.wav
100644	blob	c1749de03dc4ea9b49eca55318e7698b76e5b65d	Strings/Solo Contrabass/SusVib/BKCtbss_SusVib_E1_v3_rr1.wav
100644	blob	8a7643452697f29cfddba49c23549fdc913a8726	Strings/Solo Contrabass/SusVib/BKCtbss_SusVib_E2_v1_rr1.wav
100644	blob	2fc3c01f5d1a0449489800a5b5dabd3bc8817c80	Strings/Solo Contrabass/SusVib/BKCtbss_SusVib_E2_v3_rr1.wav
100644	blob	ddd3f5c1bff906167aa16bee3ceb45589fc32f22	Strings/Solo Contrabass/SusVib/BKCtbss_SusVib_F#0_v1_rr1.wav
100644	blob	4ffc597b3930f4e383be776141f0dab145120d62	Strings/Solo Contrabass/SusVib/BKCtbss_SusVib_F#0_v3_rr1.wav
100644	blob	cb95407f5853c21b4544a117bcca9cf074f45e71	Strings/Solo Contrabass/SusVib/BKCtbss_SusVib_F#1_v1_rr1.wav
100644	blob	dce2dab98559f73837834f23d80a1f73f6a57ad1	Strings/Solo Contrabass/SusVib/BKCtbss_SusVib_F#1_v3_rr1.wav
100644	blob	318147f57e7e2c6c13306e2a703dbcba670454a8	Strings/Solo Contrabass/SusVib/BKCtbss_SusVib_G#1_v1_rr1.wav
100644	blob	6f701d221e67b5451cb80affd3002e743c8e4e68	Strings/Solo Contrabass/SusVib/BKCtbss_SusVib_G#1_v3_rr1.wav
100644	blob	a9f242894bb6b52da9f7bef619023888e3b70c65	Strings/Solo Contrabass/SusVib/BKCtbss_SusVib_G#2_v1_rr1.wav
100644	blob	e64bf733e9622fb6bea298708d0d30e3ce1c49b6	Strings/Solo Contrabass/SusVib/BKCtbss_SusVib_G#2_v3_rr1.wav
100644	blob	35ee3d675424306c55438f2130f2c05e312da3f6	Strings/Solo Contrabass/SusVib/BKCtbss_SusVib_G0_v1_rr1.wav
100644	blob	834df8922de2c341ee5f841f5bcc13e0bcb1206c	Strings/Solo Contrabass/SusVib/BKCtbss_SusVib_G0_v3_rr1.wav
040000	tree	5e84c7a9c9eaf30b92e18fccb4c34329b955abf0	Strings/Solo Contrabass/Trem
100644	blob	4bd5ac9b95bb34ced666a8c7f617f281c2524a8c	Strings/Solo Contrabass/Trem/BKCtbss_Trem_B2_v1_rr1.wav
100644	blob	4d343afe708a988521914157d5c3cb1b26f04004	Strings/Solo Contrabass/Trem/BKCtbss_Trem_B2_v2_rr1.wav
100644	blob	41b8665b1aaca24c7644c4af711dc447266dcfae	Strings/Solo Contrabass/Trem/BKCtbss_Trem_C1_v1_rr1.wav
100644	blob	eb79be467b6f087fb653f573b8508ffcaecb77ab	Strings/Solo Contrabass/Trem/BKCtbss_Trem_C1_v2_rr1.wav
100644	blob	d3560d0bd9d24c341ecbba75c04ecc82861e34b2	Strings/Solo Contrabass/Trem/BKCtbss_Trem_E0_v1_rr1.wav
100644	blob	a6c21e1b33bbe38a8eb6191b9fc393ebc82e887e	Strings/Solo Contrabass/Trem/BKCtbss_Trem_E0_v2_rr1.wav
100644	blob	daea5b25219713a5314c06407a0108a4d67e1d9a	Strings/Solo Contrabass/Trem/BKCtbss_Trem_E1_v1_rr1.wav
100644	blob	f22c7de7b31174f01452d0018306bbd6bbcc0771	Strings/Solo Contrabass/Trem/BKCtbss_Trem_E1_v2_rr1.wav
100644	blob	357879c646efa49ce2635f1bbedd817cee26cde8	Strings/Solo Contrabass/Trem/BKCtbss_Trem_E2_v1_rr1.wav
100644	blob	1e1d52ea6dc808fc53b0df2bbdc58d3b82c70c51	Strings/Solo Contrabass/Trem/BKCtbss_Trem_E2_v2_rr1.wav
100644	blob	4d4f4f504dedaa7084bb8291397d4ae797758fde	Strings/Solo Contrabass/Trem/BKCtbss_Trem_G#1_v1_rr1.wav
100644	blob	364bad13ba84df7f651f43e26f704f621e1eae46	Strings/Solo Contrabass/Trem/BKCtbss_Trem_G#1_v2_rr1.wav
100644	blob	ca79dea597d50a21eb089f8d6220550854437d20	Strings/Solo Contrabass/Trem/BKCtbss_Trem_G#2_v1_rr1.wav
100644	blob	b2038c220b9ee2249f2993695d28a6ea4b7eabb6	Strings/Solo Contrabass/Trem/BKCtbss_Trem_G#2_v2_rr1.wav
100644	blob	40dcdf796f7aee1e80a61dde24b3c8aee21ec30b	Strings/Solo Contrabass/Trem/BKCtbss_Trem_G0_v1_rr1.wav
100644	blob	d322da95ef63b833ff5b589f03b8baaca11bbfd2	Strings/Solo Contrabass/Trem/BKCtbss_Trem_G0_v2_rr1.wav
040000	tree	d887629e046a4927cdf246b978ffa628db54404d	Strings/Solo Violin
040000	tree	fa78dd38fcf6d707d46eca4a1d46df32788bc99d	Strings/Solo Violin/Arco Vib
100644	blob	82964f15bb0ca3d34dbdfdd43ad0148f9d8767af	Strings/Solo Violin/Arco Vib/LLVln_ArcoVib_A3_f.wav
100644	blob	7122b440f4dbd148a81319fca1d04a550710cef3	Strings/Solo Violin/Arco Vib/LLVln_ArcoVib_A3_p.wav
100644	blob	3155c72c1f9ea1518ddb6c1a20eb5c0a094bd537	Strings/Solo Violin/Arco Vib/LLVln_ArcoVib_A4_f.wav
100644	blob	e8667671328e1cfcd769a7624c26fac133ad7b0f	Strings/Solo Violin/Arco Vib/LLVln_ArcoVib_A4_p.wav
100644	blob	eebb9f220dc2a93557acc849d5dd3273b8f0ff8f	Strings/Solo Violin/Arco Vib/LLVln_ArcoVib_A5_f.wav
100644	blob	5eb8185d8ca9b3f34110654c2779e587de513921	Strings/Solo Violin/Arco Vib/LLVln_ArcoVib_A5_p.wav
100644	blob	c296065592b8adf9e12f51af9d003b7259ecc6e2	Strings/Solo Violin/Arco Vib/LLVln_ArcoVib_A6_f.wav
100644	blob	32e4646793f68c897271fb7f97887c95dbaf59fc	Strings/Solo Violin/Arco Vib/LLVln_ArcoVib_A6_p.wav
100644	blob	8a700075b7ae2f19c1c56108738324dfba6959e8	Strings/Solo Violin/Arco Vib/LLVln_ArcoVib_C4_f.wav
100644	blob	9f876cafa572a8719e2e93fc994c5303992b8e62	Strings/Solo Violin/Arco Vib/LLVln_ArcoVib_C4_p.wav
100644	blob	93e9a2cf8106acc5e49ba18dab112c947473917f	Strings/Solo Violin/Arco Vib/LLVln_ArcoVib_C5_f.wav
100644	blob	71f0671d77cf8b79ce1a18ba20d9661e24f086fc	Strings/Solo Violin/Arco Vib/LLVln_ArcoVib_C5_p.wav
100644	blob	89f48f37313800df4c5901dc76b49b1c5c69e396	Strings/Solo Violin/Arco Vib/LLVln_ArcoVib_C6_f.wav
100644	blob	33bc7e87816637462d6e174da9949eb9b5e45ef4	Strings/Solo Violin/Arco Vib/LLVln_ArcoVib_C6_p.wav
100644	blob	2348056e211ef9b6d309f3718d8e4e49471f65ce	Strings/Solo Violin/Arco Vib/LLVln_ArcoVib_C7_f.wav
100644	blob	bc1f4c13bb7c9693f7c5ef5a44bfe27463aa8cda	Strings/Solo Violin/Arco Vib/LLVln_ArcoVib_C7_p.wav
100644	blob	6b1bcdf57513dd089a2172adc0ddbac4a335b3a0	Strings/Solo Violin/Arco Vib/LLVln_ArcoVib_E4_f.wav
100644	blob	99279ebc21258ab48aae6eb63d1eb7538f28d306	Strings/Solo Violin/Arco Vib/LLVln_ArcoVib_E4_p.wav
100644	blob	269658d510e82345227ac10d22f928cfae428c99	Strings/Solo Violin/Arco Vib/LLVln_ArcoVib_E5_f.wav
100644	blob	670865e19772aceab538850ea7a0d1a86024d955	Strings/Solo Violin/Arco Vib/LLVln_ArcoVib_E5_p.wav
100644	blob	26855bca28a7be29386cbd6db56d2ae6f7c3b66c	Strings/Solo Violin/Arco Vib/LLVln_ArcoVib_E6_f.wav
100644	blob	52407eb061956458643424aa623998ee43ce5136	Strings/Solo Violin/Arco Vib/LLVln_ArcoVib_E6_p.wav
100644	blob	a09b038528097878ad6b12d30da4ac1a227d5a98	Strings/Solo Violin/Arco Vib/LLVln_ArcoVib_G3_f.wav
100644	blob	bc5f7d33610abbc3000f432562f36063f1d3d725	Strings/Solo Violin/Arco Vib/LLVln_ArcoVib_G3_p.wav
100644	blob	f9c1a5547a7e062eb34ee6bef09e559d3839f46e	Strings/Solo Violin/Arco Vib/LLVln_ArcoVib_G4_f.wav
100644	blob	7324564c663bf239802020287c217b27c76b8142	Strings/Solo Violin/Arco Vib/LLVln_ArcoVib_G4_p.wav
100644	blob	f8745db337ebf8e82d59f90cea7c0f060a3615ce	Strings/Solo Violin/Arco Vib/LLVln_ArcoVib_G5_f.wav
100644	blob	a0ac97ce56dcbfb7b622abd2aa3c61678053f791	Strings/Solo Violin/Arco Vib/LLVln_ArcoVib_G5_p.wav
100644	blob	9bd2b0d9d6e5505a0c0ce0722bd10db7913ee97d	Strings/Solo Violin/Arco Vib/LLVln_ArcoVib_G6_f.wav
100644	blob	eca2508aa84cef89ee2002953d3b5f9867d53802	Strings/Solo Violin/Arco Vib/LLVln_ArcoVib_G6_p.wav
040000	tree	d0e7b528a811ca290764404ee800fa38ae14a008	Strings/Solo Violin/Pizz
100644	blob	e73444b559e8f5cacde32568c1e5cd5916e64767	Strings/Solo Violin/Pizz/LLVln_Pizz_A3_f_RR1.wav
100644	blob	035403d940005c8d8ec62fd185154e5d52aa76f7	Strings/Solo Violin/Pizz/LLVln_Pizz_A3_f_RR2.wav
100644	blob	5a602ef63e0ec7598c5ddbe04dd47810f18e08d4	Strings/Solo Violin/Pizz/LLVln_Pizz_A3_p_RR1.wav
100644	blob	2b583ba22edfa2412479560b44e62d473089a468	Strings/Solo Violin/Pizz/LLVln_Pizz_A3_p_RR2.wav
100644	blob	0068a6bd084708b278b10b1e6880cf97ffd59245	Strings/Solo Violin/Pizz/LLVln_Pizz_A4_f_RR1.wav
100644	blob	61c9f743fce95fdf5e820b8d3508dfb0a72dc726	Strings/Solo Violin/Pizz/LLVln_Pizz_A4_f_RR2.wav
100644	blob	e1edd9dec991f5e30ccfbea1e71e44a36cf3d037	Strings/Solo Violin/Pizz/LLVln_Pizz_A4_p_RR1.wav
100644	blob	2df344122ff2eae349af7b22648346044bfbf01e	Strings/Solo Violin/Pizz/LLVln_Pizz_A4_p_RR2.wav
100644	blob	262a86433d8e1130483315af38c1f645076bf7cf	Strings/Solo Violin/Pizz/LLVln_Pizz_A5_f_RR1.wav
100644	blob	eefa5108617b5f14aceeeaa8b46ae62ac0b708a6	Strings/Solo Violin/Pizz/LLVln_Pizz_A5_f_RR2.wav
100644	blob	a40098f5d112f566074d41204a45192f199381c9	Strings/Solo Violin/Pizz/LLVln_Pizz_A5_p_RR1.wav
100644	blob	37f7eb78ac0c7311edaaa75eacb8343530245997	Strings/Solo Violin/Pizz/LLVln_Pizz_A5_p_RR2.wav
100644	blob	6e74fd53eeb0bc387c63367b9813ad31afe411c9	Strings/Solo Violin/Pizz/LLVln_Pizz_A6_f_RR1.wav
100644	blob	046e2309074eebcd05d153d4edc66dd52e5a3b1a	Strings/Solo Violin/Pizz/LLVln_Pizz_A6_f_RR2.wav
100644	blob	6c869ff5041622f68dfdc242013f8be83584d585	Strings/Solo Violin/Pizz/LLVln_Pizz_C4_f_RR1.wav
100644	blob	06ab4b8f5891038d7b7c5b0a896827f42ac37553	Strings/Solo Violin/Pizz/LLVln_Pizz_C4_f_RR2.wav
100644	blob	1de8534ffd8027c438bf8e676c1d8bd619a51c05	Strings/Solo Violin/Pizz/LLVln_Pizz_C4_p_RR1.wav
100644	blob	3fbea8e8d9bca978a4b2808d8e6a26da39388942	Strings/Solo Violin/Pizz/LLVln_Pizz_C4_p_RR2.wav
100644	blob	6b098e94523e710182b7ffdc9b61a6831b8bf956	Strings/Solo Violin/Pizz/LLVln_Pizz_C5_f_RR1.wav
100644	blob	6d0e35664cac7fe32cef9ea7c35dee95f6089ab5	Strings/Solo Violin/Pizz/LLVln_Pizz_C5_f_RR2.wav
100644	blob	62e1847954dd5c8e979db5238fd36129c61d54dc	Strings/Solo Violin/Pizz/LLVln_Pizz_C5_p_RR1.wav
100644	blob	1fcb0a0583690560c4991b6f4455b2637b10e423	Strings/Solo Violin/Pizz/LLVln_Pizz_C5_p_RR2.wav
100644	blob	167fd12572f38700327585840479299286704019	Strings/Solo Violin/Pizz/LLVln_Pizz_C7_f.wav
100644	blob	ddd3aef5e50524c121d01dde12e026547d0c3b44	Strings/Solo Violin/Pizz/LLVln_Pizz_E4_f_RR1.wav
100644	blob	fdf75c90e30fb70c9a1ac05b0e98601ccb0e05ee	Strings/Solo Violin/Pizz/LLVln_Pizz_E4_f_RR2.wav
100644	blob	f8033df88e916726881994b8d7af8b1731358dc0	Strings/Solo Violin/Pizz/LLVln_Pizz_E4_p_RR1.wav
100644	blob	1179a775b51c7842d0ad8e2d0ca9137ac71e1ef3	Strings/Solo Violin/Pizz/LLVln_Pizz_E4_p_RR2.wav
100644	blob	78fa76ba4c64ca8c9d93e201e3b3d53657118b6d	Strings/Solo Violin/Pizz/LLVln_Pizz_E5_f_RR1.wav
100644	blob	54f85086b5d772b993ae3b763b835aaab46e4402	Strings/Solo Violin/Pizz/LLVln_Pizz_E5_f_RR2.wav
100644	blob	1c2138383e304522c69019ba23bd9fe2682225ee	Strings/Solo Violin/Pizz/LLVln_Pizz_E5_p_RR1.wav
100644	blob	a100ec48192b0a6de1d7ee2c54e08fbf2454f917	Strings/Solo Violin/Pizz/LLVln_Pizz_E5_p_RR2.wav
100644	blob	c772b62c24da878732b1c7aabe303569a2e04649	Strings/Solo Violin/Pizz/LLVln_Pizz_E6_f_RR1.wav
100644	blob	58f3916f60314b6e17e226f5d6e3cf07b3dad81d	Strings/Solo Violin/Pizz/LLVln_Pizz_E6_f_RR2.wav
100644	blob	3babfa3e843a8252100cad58d4931d5e9784c2c0	Strings/Solo Violin/Pizz/LLVln_Pizz_G3_f_RR1.wav
100644	blob	463670173ba5e4a8104b325e74fa8fb8bad8eec0	Strings/Solo Violin/Pizz/LLVln_Pizz_G3_f_RR2.wav
100644	blob	b00ffdca3db2879b00121f6948176d63ec46e89d	Strings/Solo Violin/Pizz/LLVln_Pizz_G3_p_RR1.wav
100644	blob	b88cb207441bd8dd97220f849351a377d0df55ab	Strings/Solo Violin/Pizz/LLVln_Pizz_G4_f_RR1.wav
100644	blob	827b57fde631ce963509d12c1e9eea04fa6b1497	Strings/Solo Violin/Pizz/LLVln_Pizz_G4_f_RR2.wav
100644	blob	0974949115e937fb8380bc6b1363da3c928a9524	Strings/Solo Violin/Pizz/LLVln_Pizz_G4_p_RR1.wav
100644	blob	dccbd510dd1f858ae2f19f4bb9d51311c49b093c	Strings/Solo Violin/Pizz/LLVln_Pizz_G4_p_RR2.wav
100644	blob	56bbed3374d802c8a01634f8dbdb288c0fa54468	Strings/Solo Violin/Pizz/LLVln_Pizz_G5_f_RR1.wav
100644	blob	8f481a3a43a2dcd2f13b42c047a9805df8e41be4	Strings/Solo Violin/Pizz/LLVln_Pizz_G5_f_RR2.wav
100644	blob	f5237bb8d72a272bf5b9ac6c4b5cc109559a77b8	Strings/Solo Violin/Pizz/LLVln_Pizz_G5_p_RR1.wav
100644	blob	d697b47443ca17b5978a0a0f562011ee7b5efaf1	Strings/Solo Violin/Pizz/LLVln_Pizz_G5_p_RR2.wav
040000	tree	c903155bd5f452533dc61d29f485be03c31b5040	Strings/Solo Violin/spic
100644	blob	211254adc1095c5cd07ffe446cab03d13d199f4e	Strings/Solo Violin/spic/LLVln_spic_A2_v1_rr1.wav
100644	blob	70f2c40b11103c2b500051f590a906c75731674b	Strings/Solo Violin/spic/LLVln_spic_A2_v1_rr2.wav
100644	blob	eca9436681313234882a4c17c3082d9343f27808	Strings/Solo Violin/spic/LLVln_spic_A2_v2_rr1.wav
100644	blob	42f611e564b7b69f886f522cc6e547ee4f06ccfc	Strings/Solo Violin/spic/LLVln_spic_A2_v2_rr2.wav
100644	blob	908f547bf41f4c96f563a477d49729837512a21e	Strings/Solo Violin/spic/LLVln_spic_A3_v1_rr1.wav
100644	blob	62e4007089ee95bc0bb6d7564b25d7db5bde43f3	Strings/Solo Violin/spic/LLVln_spic_A3_v1_rr2.wav
100644	blob	1dea32d696864337efef8d8c6b0cd28adf1161d5	Strings/Solo Violin/spic/LLVln_spic_A3_v2_rr1.wav
100644	blob	decce7ea868ddf499e2e611f9814f0865cdf7a2a	Strings/Solo Violin/spic/LLVln_spic_A3_v2_rr2.wav
100644	blob	944b32b43f491ffdbc799411fc1835023c5c7468	Strings/Solo Violin/spic/LLVln_spic_A4_v1_rr1.wav
100644	blob	d795873816e42fa52865482d0e0dfe261c61e3b3	Strings/Solo Violin/spic/LLVln_spic_A4_v1_rr2.wav
100644	blob	9d34ba95a4f5e3d57cf41a9c4e70ed743e9763bb	Strings/Solo Violin/spic/LLVln_spic_A4_v2_rr1.wav
100644	blob	5cbe11816807f935d8c622fe093502c4be99ce04	Strings/Solo Violin/spic/LLVln_spic_A4_v2_rr2.wav
100644	blob	9fa3c1afc57721aca459f95ba62e7a4f2a8c44f0	Strings/Solo Violin/spic/LLVln_spic_A5_v1_rr1.wav
100644	blob	f9b0e3f8b5f9c6d08a026a3c6e48f7746f0921a0	Strings/Solo Violin/spic/LLVln_spic_A5_v1_rr2.wav
100644	blob	59f6e7795b71e1b8a669bc6d649eef49bb4a5f6c	Strings/Solo Violin/spic/LLVln_spic_A5_v2_rr1.wav
100644	blob	fc5dc7e25d856634d4176a97d5c1a82cc95edee7	Strings/Solo Violin/spic/LLVln_spic_A5_v2_rr2.wav
100644	blob	c9abfda176f7c980a813cab215d8c7d9a7202702	Strings/Solo Violin/spic/LLVln_spic_C3_v1_rr1.wav
100644	blob	7296148d638da5a13dc7869e4c698447b0754f27	Strings/Solo Violin/spic/LLVln_spic_C3_v1_rr2.wav
100644	blob	2db2c5caa332b7f80ce3db072751ffb261e02507	Strings/Solo Violin/spic/LLVln_spic_C3_v2_rr1.wav
100644	blob	604935c00648d3cf3de3812d058116a2fea2e2b9	Strings/Solo Violin/spic/LLVln_spic_C3_v2_rr2.wav
100644	blob	e28743348f83c23fbacba710f2d0ca1efe1732be	Strings/Solo Violin/spic/LLVln_spic_C4_v1_rr1.wav
100644	blob	c4a85464d54132ebd749a4478e0eb0aebb105434	Strings/Solo Violin/spic/LLVln_spic_C4_v1_rr2.wav
100644	blob	9ba721d1e32ea23a21668fb93a20b8c7baba8552	Strings/Solo Violin/spic/LLVln_spic_C4_v2_rr1.wav
100644	blob	7a236b75693dcf3334b0cbe315492b478a14a8d6	Strings/Solo Violin/spic/LLVln_spic_C4_v2_rr2.wav
100644	blob	b668b7180e25f0220c67ebb42737441085d307fb	Strings/Solo Violin/spic/LLVln_spic_C5_v1_rr1.wav
100644	blob	e06665c7ebac0cf00495643eb80199fb3cb5afba	Strings/Solo Violin/spic/LLVln_spic_C5_v1_rr2.wav
100644	blob	f99aa8b70b2853d7eb18b33d61f3636a1a09aa3e	Strings/Solo Violin/spic/LLVln_spic_C5_v2_rr1.wav
100644	blob	5515bc6f34bfdb6576f818d2233992d8097c54b3	Strings/Solo Violin/spic/LLVln_spic_C5_v2_rr2.wav
100644	blob	1effead1f870eda3d8df49149fa6f8e1a1cc6f91	Strings/Solo Violin/spic/LLVln_spic_C6_v1_rr1.wav
100644	blob	e58b7f8a952a0c811f3aeb5ea31b32818c281bb6	Strings/Solo Violin/spic/LLVln_spic_C6_v1_rr2.wav
100644	blob	b5394fffeb1e8a094446ae606a6d0411c7f02ec9	Strings/Solo Violin/spic/LLVln_spic_C6_v2_rr1.wav
100644	blob	e508cc8e810ea18466f7024c5945e54e0970bec9	Strings/Solo Violin/spic/LLVln_spic_C6_v2_rr2.wav
100644	blob	8fa7ec4ed3489504ed74b6d93d5ae9d0f5ddb81c	Strings/Solo Violin/spic/LLVln_spic_E3_v1_rr1.wav
100644	blob	e6fb2b1addc8baf3136fcb76b43e8f554da64020	Strings/Solo Violin/spic/LLVln_spic_E3_v1_rr2.wav
100644	blob	9b62458ed0cf1d75d3f8b9c81d0a2bdb306ceee1	Strings/Solo Violin/spic/LLVln_spic_E3_v2_rr1.wav
100644	blob	77290d529a4f0d9618df5edeaed1fd33a08cee99	Strings/Solo Violin/spic/LLVln_spic_E3_v2_rr2.wav
100644	blob	253fda64fb563265822d6b4ba01aa3611e77607f	Strings/Solo Violin/spic/LLVln_spic_E4_v1_rr1.wav
100644	blob	9958739b6962455e04cd091ed5f2c5abcf5a14dc	Strings/Solo Violin/spic/LLVln_spic_E4_v1_rr2.wav
100644	blob	92f3ec662cf22a853c7742fc75a003239915eebc	Strings/Solo Violin/spic/LLVln_spic_E4_v2_rr1.wav
100644	blob	b603d34101e30c725aaa4d13086c8e5fbee053cb	Strings/Solo Violin/spic/LLVln_spic_E4_v2_rr2.wav
100644	blob	92076286dd7dce51640594b504164cb0fcbb389b	Strings/Solo Violin/spic/LLVln_spic_E5_v1_rr1.wav
100644	blob	8482e37b5318476932bb79ce8e876bff9a2b43dc	Strings/Solo Violin/spic/LLVln_spic_E5_v1_rr2.wav
100644	blob	d5f86ab47c85be60cad90a3c1762a252ddd4ec27	Strings/Solo Violin/spic/LLVln_spic_E5_v2_rr1.wav
100644	blob	6928fc3785ee468048421b64cf1fbeaffcedef91	Strings/Solo Violin/spic/LLVln_spic_E5_v2_rr2.wav
100644	blob	ba70f44254bcb8e29d70bc183fda36fde930d6d8	Strings/Solo Violin/spic/LLVln_spic_G2_v1_rr1.wav
100644	blob	d1f02c01501100bd249169ef28d2c7a0db7cced5	Strings/Solo Violin/spic/LLVln_spic_G2_v1_rr2.wav
100644	blob	db74dd3455da835f2a32cf260cbb02fa26d0f0b7	Strings/Solo Violin/spic/LLVln_spic_G2_v2_rr1.wav
100644	blob	275e8c8daf0b552de0750fccefedc05d040513e8	Strings/Solo Violin/spic/LLVln_spic_G2_v2_rr2.wav
100644	blob	cbd6597be4125472c37149341bba7864adb6c2bc	Strings/Solo Violin/spic/LLVln_spic_G3_v1_rr1.wav
100644	blob	51e5e0a2c564d4b2ff1ad9bcb04e33b23d610806	Strings/Solo Violin/spic/LLVln_spic_G3_v1_rr2.wav
100644	blob	48c6b41928f6b676c4b3372ef3bf7e271370566f	Strings/Solo Violin/spic/LLVln_spic_G3_v2_rr1.wav
100644	blob	46a505b3aaf448ae9849d015f84daeabffc02da4	Strings/Solo Violin/spic/LLVln_spic_G3_v2_rr2.wav
100644	blob	2ffdb43df271a27a189ac6cdd94f4becdfcfd5c5	Strings/Solo Violin/spic/LLVln_spic_G4_v1_rr1.wav
100644	blob	f762c40bb3f095821fb74b8601c729711830f943	Strings/Solo Violin/spic/LLVln_spic_G4_v1_rr2.wav
100644	blob	2ab520fa524a0d3599ae6cc08ee2645cf3482efc	Strings/Solo Violin/spic/LLVln_spic_G4_v2_rr1.wav
100644	blob	bf2c7c53c19cae414f6b775ea6993513c0fd1bb6	Strings/Solo Violin/spic/LLVln_spic_G4_v2_rr2.wav
100644	blob	bf88ecd7cd28778614588177c8acf2e99f155fbf	Strings/Solo Violin/spic/LLVln_spic_G5_v1_rr1.wav
100644	blob	fc3457d5b420ea7771069f7e9f68d34dd4cb095c	Strings/Solo Violin/spic/LLVln_spic_G5_v1_rr2.wav
100644	blob	6b66264e9aac4b2b7e59eee940843a93a2343e96	Strings/Solo Violin/spic/LLVln_spic_G5_v2_rr1.wav
100644	blob	be48f20e235522dfbec184da6f4ccbd5c1514f99	Strings/Solo Violin/spic/LLVln_spic_G5_v2_rr2.wav
040000	tree	0c673f82565a4343e59c5dee89765cf20c454a7c	Strings/Solo Violin/Trem
100644	blob	a2a34e7d4e11c786102489b9edecd897914b5f1e	Strings/Solo Violin/Trem/LLVln_trem_A2_v1_rr1.wav
100644	blob	0e6cf170a98fa2d6cd87c9b0f3b742e8a1d96948	Strings/Solo Violin/Trem/LLVln_trem_A2_v2_rr1.wav
100644	blob	b05e9f2e63db6447bd91165f4777244b719db259	Strings/Solo Violin/Trem/LLVln_trem_A3_v1_rr1.wav
100644	blob	b790de6a30af1a6b735a400a6bb2789e46058ca8	Strings/Solo Violin/Trem/LLVln_trem_A3_v2_rr1.wav
100644	blob	d92aca7f77f5288c47954fa15d1a58fc1dafbf17	Strings/Solo Violin/Trem/LLVln_trem_A4_v1_rr1.wav
100644	blob	dfb62d47ec80c9733ed938ac79cc9c5166371b53	Strings/Solo Violin/Trem/LLVln_trem_A4_v2_rr1.wav
100644	blob	7d15239eb5e1bcde2bce8e21091f301938de5fd1	Strings/Solo Violin/Trem/LLVln_trem_C3_v1_rr1.wav
100644	blob	88815cd35151089b3e19e115a85968497f51e761	Strings/Solo Violin/Trem/LLVln_trem_C3_v2_rr1.wav
100644	blob	eb9aa85e53c57bdff184d9d7825a7a04ee1e8ac1	Strings/Solo Violin/Trem/LLVln_trem_C4_v1_rr1.wav
100644	blob	5dd7adb8a15a05794a0f9b94933e388a6aae0183	Strings/Solo Violin/Trem/LLVln_trem_C4_v2_rr1.wav
100644	blob	6b2a0edb3b53bfb4c1bfe953c7b56399c1c3ffd3	Strings/Solo Violin/Trem/LLVln_trem_C5_v1_rr1.wav
100644	blob	a0ba87d9f4f462c5a5dc66f53c33b3db738ff310	Strings/Solo Violin/Trem/LLVln_trem_C5_v2_rr1.wav
100644	blob	3360e3637e8d367f1cdf21c8e302eb25bfe9846c	Strings/Solo Violin/Trem/LLVln_trem_C6_v2_rr1.wav
100644	blob	4c6b97372045f0ebbaecee30381d251b98a91b9d	Strings/Solo Violin/Trem/LLVln_trem_E3_v1_rr1.wav
100644	blob	9607e5bbcc8907beeb26665ce7e09442ffbde4c1	Strings/Solo Violin/Trem/LLVln_trem_E3_v2_rr1.wav
100644	blob	aae3b51f5c62478f5d68c1d93a99252118e19fcc	Strings/Solo Violin/Trem/LLVln_trem_E4_v1_rr1.wav
100644	blob	ae6d11a641c974641950744334b6b1a5626ac411	Strings/Solo Violin/Trem/LLVln_trem_E4_v2_rr1.wav
100644	blob	6e6cdf7eb24559c735fe9a511ce00496da76314b	Strings/Solo Violin/Trem/LLVln_trem_E5_v1_rr1.wav
100644	blob	6ac89880fb68aeb4e27a16cb8f1469c1784c247f	Strings/Solo Violin/Trem/LLVln_trem_E5_v2_rr1.wav
100644	blob	4533a387820f4a07e0c52c2d76d3562681cbd6e0	Strings/Solo Violin/Trem/LLVln_trem_G2_v1_rr1.wav
100644	blob	cb3127b3ca2cbe3395b4ea678a45ea54fc9a2c3c	Strings/Solo Violin/Trem/LLVln_trem_G2_v2_rr1.wav
100644	blob	5b869ae9e77b61b88e5a518c0691991c0d48d986	Strings/Solo Violin/Trem/LLVln_trem_G3_v1_rr1.wav
100644	blob	8f3a5c5da8931c33bad473054079347f195a3e71	Strings/Solo Violin/Trem/LLVln_trem_G3_v2_rr1.wav
100644	blob	4137625c50acb02b0355d6ef27caeeee5f75346a	Strings/Solo Violin/Trem/LLVln_trem_G4_v1_rr1.wav
100644	blob	4962ef0da4b1cf48385377496f7311c3cfa84e04	Strings/Solo Violin/Trem/LLVln_trem_G4_v2_rr1.wav
100644	blob	6796c2947c47697125e52b5f89ada2742193c6e5	Strings/Solo Violin/Trem/LLVln_trem_G5_v1_rr1.wav
100644	blob	39feb64ebd20a227e445b42bd6f77240a5a7b6ca	Strings/Solo Violin/Trem/LLVln_trem_G5_v2_rr1.wav
040000	tree	37bbf7752ead820b0314b80c803ad07d90041a5b	Strings/Viola Section
040000	tree	87922711c9cde40900c3848397cf1864d5363658	Strings/Viola Section/pizz
100644	blob	9e79655db650ba68cb3d0394044bb01eb0625761	Strings/Viola Section/pizz/ViolaEns_pizz_A3_v1_rr1.wav
100644	blob	e74461d23a5310539d7abae002a43edff0ffd4b8	Strings/Viola Section/pizz/ViolaEns_pizz_A3_v1_rr2.wav
100644	blob	9de4d07c67de4dca6f27cf2327ebb6c08c1b94f3	Strings/Viola Section/pizz/ViolaEns_pizz_A3_v2_rr1.wav
100644	blob	2ea6ad363b9163b72a912bee4d031c6744e78e4d	Strings/Viola Section/pizz/ViolaEns_pizz_A3_v2_rr2.wav
100644	blob	cb78e06a28de6cef9418c397ad888c9c0c08d44e	Strings/Viola Section/pizz/ViolaEns_pizz_B2_v1_rr1.wav
100644	blob	e5e9fc90bf58f608705e7946e2421ba3b9e78338	Strings/Viola Section/pizz/ViolaEns_pizz_B2_v1_rr2.wav
100644	blob	f173ceb40736998973ab4337bbdd465eca7f56c7	Strings/Viola Section/pizz/ViolaEns_pizz_B2_v2_rr1.wav
100644	blob	250c435360d6a963254fd57b01dbce0ba760ab2d	Strings/Viola Section/pizz/ViolaEns_pizz_B2_v2_rr2.wav
100644	blob	b77228684ce83c89167c923886308c6c10026aa3	Strings/Viola Section/pizz/ViolaEns_pizz_B4_v1_rr1.wav
100644	blob	b3378a46d3b8f9a52665beb77169087a5b705abd	Strings/Viola Section/pizz/ViolaEns_pizz_B4_v1_rr2.wav
100644	blob	f18ce2e445e9de37eb5eb378f15b6e51734096b4	Strings/Viola Section/pizz/ViolaEns_pizz_B4_v2_rr1.wav
100644	blob	c36405bbd5564a0ab9a4890f7e5636f02528beed	Strings/Viola Section/pizz/ViolaEns_pizz_B4_v2_rr2.wav
100644	blob	681e5aac2f7e7e79449609fd01edb99b9d7a9915	Strings/Viola Section/pizz/ViolaEns_pizz_C2_v1_rr1.wav
100644	blob	9df0a42549a2dc6b107a876b3f130fba8c78c1da	Strings/Viola Section/pizz/ViolaEns_pizz_C2_v1_rr2.wav
100644	blob	42b07fe5c91fa44ce0c1a9708d9a2c31ed72d273	Strings/Viola Section/pizz/ViolaEns_pizz_C2_v2_rr1.wav
100644	blob	51ae8e702fb269b268d997c633e20c86d9ed2153	Strings/Viola Section/pizz/ViolaEns_pizz_C2_v2_rr2.wav
100644	blob	e9f5427323653e6e4072f714d3525642d30a0c5c	Strings/Viola Section/pizz/ViolaEns_pizz_C4_v1_rr1.wav
100644	blob	024a6340cc8c13aa8712055db7a6e2008c3ba201	Strings/Viola Section/pizz/ViolaEns_pizz_C4_v1_rr2.wav
100644	blob	925a67d46b76698778086c3654f89c75c4bea758	Strings/Viola Section/pizz/ViolaEns_pizz_C4_v2_rr1.wav
100644	blob	aed00952457a473b3e40743267b26d8f729ea3ff	Strings/Viola Section/pizz/ViolaEns_pizz_C4_v2_rr2.wav
100644	blob	215c51dec2a5a182f19c652e82a5f7214f964f0d	Strings/Viola Section/pizz/ViolaEns_pizz_D3_v1_rr1.wav
100644	blob	b601b3f8cd8082bb32325a6eb0319019c6d0d8b2	Strings/Viola Section/pizz/ViolaEns_pizz_D3_v1_rr2.wav
100644	blob	d9f9a65a0bb7bea7a24b493277224189c88bd66d	Strings/Viola Section/pizz/ViolaEns_pizz_D3_v2_rr1.wav
100644	blob	8d1b5d42631c2a617717b8a61b5a7411c83165b0	Strings/Viola Section/pizz/ViolaEns_pizz_D3_v2_rr2.wav
100644	blob	d923ff493d566981e5f7f20fb371aa009c809656	Strings/Viola Section/pizz/ViolaEns_pizz_D5_v1_rr1.wav
100644	blob	9a5f0c442d1c63ed2814f6049bce074515b82409	Strings/Viola Section/pizz/ViolaEns_pizz_D5_v1_rr2.wav
100644	blob	0e6395ddd69d3181dc79d4e0d8892d5f87e25c60	Strings/Viola Section/pizz/ViolaEns_pizz_E2_v1_rr1.wav
100644	blob	fb8666c37d082e544aff209c312d6dd0ce64d155	Strings/Viola Section/pizz/ViolaEns_pizz_E2_v1_rr2.wav
100644	blob	44c2457a6e282d7c0e2a8599d82ad98d7a369c89	Strings/Viola Section/pizz/ViolaEns_pizz_E2_v2_rr1.wav
100644	blob	a5772b8121c095a178ee24f404dcceea9ce147fb	Strings/Viola Section/pizz/ViolaEns_pizz_E2_v2_rr2.wav
100644	blob	5de1e8f41bc35125422aa5493f5adebeb3eb462b	Strings/Viola Section/pizz/ViolaEns_pizz_E4_v1_rr1.wav
100644	blob	fd07cdc2800f65b2d7da088d0097e52b5b80e6ff	Strings/Viola Section/pizz/ViolaEns_pizz_E4_v1_rr2.wav
100644	blob	f5ef63b7ec6edf1878e8e27e4819e8faaec2b458	Strings/Viola Section/pizz/ViolaEns_pizz_E4_v2_rr1.wav
100644	blob	3330871e68bb94abc55d8379b910bdd40b71d9f1	Strings/Viola Section/pizz/ViolaEns_pizz_E4_v2_rr2.wav
100644	blob	410d464cf9c4aaba28bc8f03209ff1381fb1122f	Strings/Viola Section/pizz/ViolaEns_pizz_F3_v1_rr1.wav
100644	blob	b03a32b1dcf0af32496cc8b8e27ad87cefd6e3a0	Strings/Viola Section/pizz/ViolaEns_pizz_F3_v1_rr2.wav
100644	blob	95611c06607f789e89326df5bc477b3f107889fd	Strings/Viola Section/pizz/ViolaEns_pizz_F3_v2_rr1.wav
100644	blob	d21c0dfab81e4aa214b53f84dc00742b521b3891	Strings/Viola Section/pizz/ViolaEns_pizz_F3_v2_rr2.wav
100644	blob	c6f1fcf03c6e58a8271de5241f9ebba587fde53f	Strings/Viola Section/pizz/ViolaEns_pizz_G2_v1_rr1.wav
100644	blob	363365ee2f9dbab59db11e75bf354a1b5d9df4bd	Strings/Viola Section/pizz/ViolaEns_pizz_G2_v1_rr2.wav
100644	blob	848f66b586381b00db427ee53af6812c736ab633	Strings/Viola Section/pizz/ViolaEns_pizz_G2_v2_rr1.wav
100644	blob	7f03df3f840615771554d49f43af240c3ab2f1a8	Strings/Viola Section/pizz/ViolaEns_pizz_G2_v2_rr2.wav
100644	blob	9f0504d7ce462cc908885c87efec1115682ea4bc	Strings/Viola Section/pizz/ViolaEns_pizz_G4_v1_rr1.wav
100644	blob	f16c3d2c5f3f2f5ea80a4599d3721231df2a0bf0	Strings/Viola Section/pizz/ViolaEns_pizz_G4_v1_rr2.wav
100644	blob	f965b64b0a3df20c90778abe2bc20be6f5eabb5a	Strings/Viola Section/pizz/ViolaEns_pizz_G4_v2_rr1.wav
100644	blob	c709c28a81da81ab639bf99aeb84bbabae64cd84	Strings/Viola Section/pizz/ViolaEns_pizz_G4_v2_rr2.wav
040000	tree	51abbb6432ffa40e59fdae85becab142dfd94bc0	Strings/Viola Section/spic
100644	blob	7e0fe9260ccaa6dc22332ff4b1e7ec376ac13a47	Strings/Viola Section/spic/Violas_spic_A3_v1_rr1.wav
100644	blob	7f071d51f17e778a57009ee5d7a9b008a8940196	Strings/Viola Section/spic/Violas_spic_A3_v1_rr2.wav
100644	blob	44b2193506505200a49ada7a335d3d1032f6a5d0	Strings/Viola Section/spic/Violas_spic_A3_v2_rr1.wav
100644	blob	354283e800b3fc5a4e2fd3dc078eb88fe700ffc4	Strings/Viola Section/spic/Violas_spic_A3_v2_rr2.wav
100644	blob	00b1eb7ef0e9bda09f47a722bf516cfa313a944a	Strings/Viola Section/spic/Violas_spic_B2_v1_rr1.wav
100644	blob	b5dafc0c0e8b185dbe682f73fff781d1df0fbc6e	Strings/Viola Section/spic/Violas_spic_B2_v1_rr2.wav
100644	blob	0ca70c1a4810a6b40e2a3724aa36b94e2fd661b1	Strings/Viola Section/spic/Violas_spic_B2_v2_rr1.wav
100644	blob	284597f40065c6ed8816d1007d22abe362d19169	Strings/Viola Section/spic/Violas_spic_B2_v2_rr2.wav
100644	blob	f43c8dfe6acb756a3e4b4af6f66543bc683db0d7	Strings/Viola Section/spic/Violas_spic_B4_v1_rr1.wav
100644	blob	303b63a9e49fbddb3f66d683f99f19b4229cb7aa	Strings/Viola Section/spic/Violas_spic_B4_v1_rr2.wav
100644	blob	c0584aea529622c863396ab812e0c73a942de662	Strings/Viola Section/spic/Violas_spic_B4_v2_rr1.wav
100644	blob	aed906fb05ccf322816d4c4cc91003a067f84d0f	Strings/Viola Section/spic/Violas_spic_B4_v2_rr2.wav
100644	blob	26546725ea33650be2efb4bb83d9412ef3a7fc7b	Strings/Viola Section/spic/Violas_spic_C2_v1_rr1.wav
100644	blob	367346aaa0d3c3a7619da8fdf720d4d16cb3fdbf	Strings/Viola Section/spic/Violas_spic_C2_v1_rr2.wav
100644	blob	1b8860fd1fc4a363b24ec7bbf6231059dc2e1eba	Strings/Viola Section/spic/Violas_spic_C2_v2_rr1.wav
100644	blob	4d57d8817155c6bf2a9886f8f4900145bf9b7fa3	Strings/Viola Section/spic/Violas_spic_C2_v2_rr2.wav
100644	blob	ddf5da12e45541bd16f2851ef2ed4c15647bec56	Strings/Viola Section/spic/Violas_spic_C4_v1_rr1.wav
100644	blob	25f23648a77f06b60c6e959d4a3da0f3795330e1	Strings/Viola Section/spic/Violas_spic_C4_v1_rr2.wav
100644	blob	cceb73f75e0edd3f55a486c81f8afa818dc13b64	Strings/Viola Section/spic/Violas_spic_C4_v2_rr1.wav
100644	blob	51d8d5401812ca82f22c34af429bde2ab014481f	Strings/Viola Section/spic/Violas_spic_C4_v2_rr2.wav
100644	blob	c805f017e5c979e5c75deac8395f7ec02c02afc4	Strings/Viola Section/spic/Violas_spic_D3_v1_rr1.wav
100644	blob	90be2e3ad0eb2bb667235cd1607db0018f9fdf26	Strings/Viola Section/spic/Violas_spic_D3_v1_rr2.wav
100644	blob	c9a87c2769b0d900c8dcbc1f9bd4f9bd521eed53	Strings/Viola Section/spic/Violas_spic_D3_v2_rr1.wav
100644	blob	02632aa236013435dbd9485a7eaf0f9f05312d04	Strings/Viola Section/spic/Violas_spic_D3_v2_rr2.wav
100644	blob	b5c91075bf9267719d21c232bc3b6740463f4dbb	Strings/Viola Section/spic/Violas_spic_D5_v1_rr1.wav
100644	blob	d5b32a7f72306872aecf34525512a46b588abbe9	Strings/Viola Section/spic/Violas_spic_D5_v1_rr2.wav
100644	blob	4eb25b19317276dbcee9e5767144d4bda1c5034d	Strings/Viola Section/spic/Violas_spic_D5_v2_rr1.wav
100644	blob	d24469b8f8113af5fcae5ec0ddcc17ce3df3dfd7	Strings/Viola Section/spic/Violas_spic_D5_v2_rr2.wav
100644	blob	3c273e443cec4eaab0087d572c7c991b163c5e64	Strings/Viola Section/spic/Violas_spic_E2_v1_rr1.wav
100644	blob	fed0ed515a247ef69543639d3768db59a42e9fe3	Strings/Viola Section/spic/Violas_spic_E2_v1_rr2.wav
100644	blob	6223e41ace2a4c3d1008d20793c6cbdb23e5f157	Strings/Viola Section/spic/Violas_spic_E2_v2_rr1.wav
100644	blob	222008100682dbed82f52e914c5e8da38639c90b	Strings/Viola Section/spic/Violas_spic_E2_v2_rr2.wav
100644	blob	c002f9119b08ca33e4753b3138c5889552b74843	Strings/Viola Section/spic/Violas_spic_E4_v1_rr1.wav
100644	blob	02d309ba9380d73050699a1cbe979152961c9171	Strings/Viola Section/spic/Violas_spic_E4_v1_rr2.wav
100644	blob	8674892c8fd5b3b767efff0384f7b510b00373aa	Strings/Viola Section/spic/Violas_spic_E4_v2_rr1.wav
100644	blob	d4be5ef49af97700e1431e0fa9728b8ff9857e57	Strings/Viola Section/spic/Violas_spic_E4_v2_rr2.wav
100644	blob	4e3bbfc1ed1bddecbf15bb1ac15488c4d9363d4b	Strings/Viola Section/spic/Violas_spic_F3_v1_rr1.wav
100644	blob	91ecd239a51a8e05d2d3342e00cacc9d2723db76	Strings/Viola Section/spic/Violas_spic_F3_v1_rr2.wav
100644	blob	5c04487955ce47d9f6851fee9da6bbfbd9b95051	Strings/Viola Section/spic/Violas_spic_F3_v2_rr1.wav
100644	blob	6933ddcd167f333374c969c416119964b8b2cf7a	Strings/Viola Section/spic/Violas_spic_F3_v2_rr2.wav
100644	blob	0abf00c92f84da56264333829fe382b9935850a9	Strings/Viola Section/spic/Violas_spic_G2_v1_rr1.wav
100644	blob	d02d3ee8a41945ae40687f9850c4c00a81a8c6af	Strings/Viola Section/spic/Violas_spic_G2_v1_rr2.wav
100644	blob	93129efe05ce1337fde24d013057fa44a0ea831d	Strings/Viola Section/spic/Violas_spic_G2_v2_rr1.wav
100644	blob	af42459a70f5b51345d79a6c4520add841c23c2c	Strings/Viola Section/spic/Violas_spic_G2_v2_rr2.wav
100644	blob	c59252833699782fb9d27dcf24e39a5a2c336621	Strings/Viola Section/spic/Violas_spic_G4_v1_rr1.wav
100644	blob	d7ef4c9ff8ec51480b8fb42453bd6b09b320e5ed	Strings/Viola Section/spic/Violas_spic_G4_v1_rr2.wav
100644	blob	89ef2e483a61ff8533a811c82b07f6044e595701	Strings/Viola Section/spic/Violas_spic_G4_v2_rr1.wav
100644	blob	a407057a4fec9d652b3c3564631e5c2783574d1a	Strings/Viola Section/spic/Violas_spic_G4_v2_rr2.wav
040000	tree	7f7a78c4cd91ec956c901f1a38bc89b5975a9d02	Strings/Viola Section/susvib
100644	blob	a57d0e5e328257ef14a3dd09b1debea045671527	Strings/Viola Section/susvib/ViolaEns_susvib_A3_v1_1.wav
100644	blob	b479361fe3bed076db011092b8d48bca54daf83f	Strings/Viola Section/susvib/ViolaEns_susvib_A3_v2_1.wav
100644	blob	86e2428bca77c49d795e5e3d5be7dd9b022fce65	Strings/Viola Section/susvib/ViolaEns_susvib_B2_v1_1.wav
100644	blob	0f7bee6ccadc6e25a101cbd7be1c27ac6e896ea4	Strings/Viola Section/susvib/ViolaEns_susvib_B2_v2_1.wav
100644	blob	66520dad5b544b8e93c48e0f3aa941b3e85bc633	Strings/Viola Section/susvib/ViolaEns_susvib_B4_v1_1.wav
100644	blob	818ac60340e41f1287024c738d43c5bf3cf7dc9d	Strings/Viola Section/susvib/ViolaEns_susvib_B4_v2_1.wav
100644	blob	b1cfb66c1ab03bdb9adac7e347b427bc61524b94	Strings/Viola Section/susvib/ViolaEns_susvib_C2_v1_1.wav
100644	blob	7851268d881b226650cba4ef1d4e9578ae212099	Strings/Viola Section/susvib/ViolaEns_susvib_C2_v2_1.wav
100644	blob	a88aa6006bbc4ad1b25e4f08eb2d8ac974a7097f	Strings/Viola Section/susvib/ViolaEns_susvib_C4_v1_1.wav
100644	blob	4561f010d9b6de44b121246731042d1879d38ab7	Strings/Viola Section/susvib/ViolaEns_susvib_C4_v2_1.wav
100644	blob	d508161e1c7a255d291f1d32f9605a9c215357aa	Strings/Viola Section/susvib/ViolaEns_susvib_D2_v1_1.wav
100644	blob	bf8a94de83b7d96375bef7c94e07d616f43f9c14	Strings/Viola Section/susvib/ViolaEns_susvib_D2_v2_1.wav
100644	blob	9a3a65b93d871964a666d6a86deec4d29425d828	Strings/Viola Section/susvib/ViolaEns_susvib_D3_v1_1.wav
100644	blob	2f6d74aa54f4f23889de311ff85d9f704fb600b9	Strings/Viola Section/susvib/ViolaEns_susvib_D3_v2_1.wav
100644	blob	57d1de0867673e6861f318c01ed3358ffbff2996	Strings/Viola Section/susvib/ViolaEns_susvib_D5_v1_1.wav
100644	blob	05a181827b7f6b3f339a92fa8eaf648f352651a5	Strings/Viola Section/susvib/ViolaEns_susvib_D5_v2_1.wav
100644	blob	6401156b3518b6f39e95fdaefc74cc814d6aceb2	Strings/Viola Section/susvib/ViolaEns_susvib_E2_v1_1.wav
100644	blob	764698fba8db1da82ecc6b5ec54fe61c0036e4f2	Strings/Viola Section/susvib/ViolaEns_susvib_E2_v2_1.wav
100644	blob	c97e8f4eeffe3fd94afeb8a3d32099105ab270d2	Strings/Viola Section/susvib/ViolaEns_susvib_E4_v1_1.wav
100644	blob	c0e669461ba50854dd80e68767604a6f57471cc2	Strings/Viola Section/susvib/ViolaEns_susvib_E4_v2_1.wav
100644	blob	f9e0fa27802046cf9ed1e6b5625b6a815b3c09e8	Strings/Viola Section/susvib/ViolaEns_susvib_F3_v1_1.wav
100644	blob	e6b387021b4b98c926d737b2d451037aad087d0e	Strings/Viola Section/susvib/ViolaEns_susvib_F3_v2_1.wav
100644	blob	7c6dbafbe1f5de539b5861515f1bf39987e354cb	Strings/Viola Section/susvib/ViolaEns_susvib_G2_v1_1.wav
100644	blob	e8b4cc651229723bc4dcb781d715d6b995b5589d	Strings/Viola Section/susvib/ViolaEns_susvib_G2_v2_1.wav
100644	blob	2f34fb8b8826e09cf0427d1710b650a5c3dd3010	Strings/Viola Section/susvib/ViolaEns_susvib_G4_v1_1.wav
100644	blob	54255fd83b3bf242022e61ff6d9fe518401dc537	Strings/Viola Section/susvib/ViolaEns_susvib_G4_v2_1.wav
040000	tree	31ff6bb4af08b25a8118d14f0f81df96f2952288	Strings/Viola Section/trem
100644	blob	da970517a0b4ec56b49aa41133b3ed7bc142d01a	Strings/Viola Section/trem/Violas_trem_A3_v1_rr1.wav
100644	blob	96a8464c539fb1e666291d77690b7b0c17b516e2	Strings/Viola Section/trem/Violas_trem_A3_v2_rr1.wav
100644	blob	3fe73c927a2a963ba0da6666b937548e5981ace5	Strings/Viola Section/trem/Violas_trem_B2_v1_rr1.wav
100644	blob	d1635ae9f437b1d3e5038738340cd17f4e85c069	Strings/Viola Section/trem/Violas_trem_B2_v2_rr1.wav
100644	blob	538bcbc7af0046a58620e0100a6f4f50dbd77958	Strings/Viola Section/trem/Violas_trem_B4_v1_rr1.wav
100644	blob	053d615fb9081213878eb9a2e2ff1a51e78bae41	Strings/Viola Section/trem/Violas_trem_B4_v2_rr1.wav
100644	blob	076adb9742483a5e5af080678c7650b15ec1432b	Strings/Viola Section/trem/Violas_trem_C2_v1_rr1.wav
100644	blob	4c1c80c65c5cb4b14c45b6f963c8ba9d9a7ac8c5	Strings/Viola Section/trem/Violas_trem_C2_v2_rr1.wav
100644	blob	77ea4c48c76d4baa2fafc933efdf7fc275fd1dc8	Strings/Viola Section/trem/Violas_trem_C4_v1_rr1.wav
100644	blob	2683517d9d92af84561c81b06181ad8f46509017	Strings/Viola Section/trem/Violas_trem_C4_v2_rr1.wav
100644	blob	8fa3369368b2ca7d7af6514090834794864ab2af	Strings/Viola Section/trem/Violas_trem_D3_v1_rr1.wav
100644	blob	77b862bb6b6f888ce3f0f2008ef458317c04f182	Strings/Viola Section/trem/Violas_trem_D3_v2_rr1.wav
100644	blob	21c5efcbe323c14f111c5379e74b191fa093e048	Strings/Viola Section/trem/Violas_trem_D5_v1_rr1.wav
100644	blob	1ceea7ec61b530e7cac662736c7b3ff17609d385	Strings/Viola Section/trem/Violas_trem_D5_v2_rr1.wav
100644	blob	e0da8dd1efbfe34fbec2baa041f070496ff2cccd	Strings/Viola Section/trem/Violas_trem_E2_v1_rr1.wav
100644	blob	a8c4d999c6c3ba4c540fe37d579d3fb0ebd0a58f	Strings/Viola Section/trem/Violas_trem_E2_v2_rr1.wav
100644	blob	9a63f06c388479300c3e0a9a65448cba2efa84c7	Strings/Viola Section/trem/Violas_trem_E4_v1_rr1.wav
100644	blob	b53402e7d523c5ab247b03c9aa14d5d220761093	Strings/Viola Section/trem/Violas_trem_E4_v2_rr1.wav
100644	blob	78de378e709c31d44df0a9f5ec635ad0e6dc1018	Strings/Viola Section/trem/Violas_trem_F3_v1_rr1.wav
100644	blob	e9b13f88e23b8260b0cf0099a236de8ddc1cb523	Strings/Viola Section/trem/Violas_trem_F3_v2_rr1.wav
100644	blob	755e30e9eda3d4be101a1f8af2f09a352bfb54cb	Strings/Viola Section/trem/Violas_trem_G2_v1_rr1.wav
100644	blob	9db44006222aa0ed88b4e3bc334775145e0e7fc0	Strings/Viola Section/trem/Violas_trem_G2_v2_rr1.wav
100644	blob	63471997b9184ce8e1446570e1b00c97b84ed826	Strings/Viola Section/trem/Violas_trem_G4_v1_rr1.wav
100644	blob	b8d2bfff5e73aff650a72a37ea83a5c9f744bcad	Strings/Viola Section/trem/Violas_trem_G4_v2_rr1.wav
040000	tree	3ef6ee41a2e66c82df5d396ab97df41d68155a56	Strings/Violin Section
040000	tree	d25fbd6e4dd6da1081a4f8d967ff9aef0697bf34	Strings/Violin Section/Pizz
100644	blob	93b98c5260e23178abca15764e43b2d61f0ee86a	Strings/Violin Section/Pizz/VlnEns_Pizz_A2_v1_rr1.wav
100644	blob	dbdb03af973cfbadefe9c6493dd37d3affaba346	Strings/Violin Section/Pizz/VlnEns_Pizz_A2_v1_rr2.wav
100644	blob	67424af2bfc19cbac72eee6a8fdba6acebbf735e	Strings/Violin Section/Pizz/VlnEns_Pizz_A2_v2_rr1.wav
100644	blob	537e430bb5d41680acb11848e489708bd6070b82	Strings/Violin Section/Pizz/VlnEns_Pizz_A2_v2_rr2.wav
100644	blob	06793268b9279f7cac16e997732515851e619173	Strings/Violin Section/Pizz/VlnEns_Pizz_A3_v1_rr1.wav
100644	blob	e9e5a1ce6277be3cee527230e50923ec043d1bdc	Strings/Violin Section/Pizz/VlnEns_Pizz_A3_v1_rr2.wav
100644	blob	251db5f874e4d431601a5f76b7a780cc1e5ef489	Strings/Violin Section/Pizz/VlnEns_Pizz_A3_v2_rr1.wav
100644	blob	9e489802b42cd46908eb4244fa8383c287a29bc0	Strings/Violin Section/Pizz/VlnEns_Pizz_A3_v2_rr2.wav
100644	blob	3c5e8e9cc23e4832f7cd6e3b467e05edc8375761	Strings/Violin Section/Pizz/VlnEns_Pizz_B2_v1_rr1.wav
100644	blob	aafef0e36416a366a75565897e7355b842814194	Strings/Violin Section/Pizz/VlnEns_Pizz_B2_v1_rr2.wav
100644	blob	13603a872baf1c825d6f1adea446033872b3995e	Strings/Violin Section/Pizz/VlnEns_Pizz_B2_v2_rr1.wav
100644	blob	1d3f09cec45d4ca9ffe3cde92a7122e05a805faa	Strings/Violin Section/Pizz/VlnEns_Pizz_B2_v2_rr2.wav
100644	blob	a05d57ce0a3cf310aed9d9349c122a89e5394a0f	Strings/Violin Section/Pizz/VlnEns_Pizz_B4_v1_rr1.wav
100644	blob	0fd7442a37efe97c44185386554bd03a9a980b03	Strings/Violin Section/Pizz/VlnEns_Pizz_B4_v1_rr2.wav
100644	blob	521e295e499f4b578c6f31f5a26968b03beb77d5	Strings/Violin Section/Pizz/VlnEns_Pizz_B4_v2_rr1.wav
100644	blob	27fcda44d85a84c72ceb69e29260457b6c19bee0	Strings/Violin Section/Pizz/VlnEns_Pizz_B4_v2_rr2.wav
100644	blob	435b07a8821b1ce9bc2c3347faa2304e0075b4c7	Strings/Violin Section/Pizz/VlnEns_Pizz_C4_v1_rr1.wav
100644	blob	9c30ba07f8c7f032ffe9b385fa4f6c15a2f9338a	Strings/Violin Section/Pizz/VlnEns_Pizz_C4_v1_rr2.wav
100644	blob	2321eac4b4d5b26823a89e56a98e232fc143e121	Strings/Violin Section/Pizz/VlnEns_Pizz_C4_v2_rr1.wav
100644	blob	f5123c18b79f336e52489f57edf792768598d70d	Strings/Violin Section/Pizz/VlnEns_Pizz_C4_v2_rr2.wav
100644	blob	81edb847a315aaab80bcb96b0531554e5dcd7683	Strings/Violin Section/Pizz/VlnEns_Pizz_D3_v1_rr1.wav
100644	blob	823cdc568bb895512620b025abd456f33e720e21	Strings/Violin Section/Pizz/VlnEns_Pizz_D3_v1_rr2.wav
100644	blob	72d0589858c7bcd1e8c616c9ae5e384dd53851be	Strings/Violin Section/Pizz/VlnEns_Pizz_D3_v2_rr1.wav
100644	blob	d4af565c80bcc9b5946eef87efc94040c3e2922d	Strings/Violin Section/Pizz/VlnEns_Pizz_D3_v2_rr2.wav
100644	blob	c5757bfbc85366ee0fb73137a51f36bedbdb3503	Strings/Violin Section/Pizz/VlnEns_Pizz_D5_v1_rr1.wav
100644	blob	fd683dfdf89fb6ba82366ebf7758a8164b9bd8fe	Strings/Violin Section/Pizz/VlnEns_Pizz_D5_v1_rr2.wav
100644	blob	85833b67611f3bb3e1c082721d62269f305e0afa	Strings/Violin Section/Pizz/VlnEns_Pizz_D5_v2_rr1.wav
100644	blob	e39ebc0f6a7a69115a1ebd1e123766ae1addb2d7	Strings/Violin Section/Pizz/VlnEns_Pizz_D5_v2_rr2.wav
100644	blob	c365d0d634fe675af05e97a90f427c8ed2152d26	Strings/Violin Section/Pizz/VlnEns_Pizz_E4_v1_rr1.wav
100644	blob	158eb24a6e312d10ba81a15de1b8c5e71277aa72	Strings/Violin Section/Pizz/VlnEns_Pizz_E4_v1_rr2.wav
100644	blob	34adeb666686974d1a7c2eab5ff6109014b96908	Strings/Violin Section/Pizz/VlnEns_Pizz_E4_v2_rr1.wav
100644	blob	466e0a071c8a3e00baabda9db655447b30dab2aa	Strings/Violin Section/Pizz/VlnEns_Pizz_E4_v2_rr2.wav
100644	blob	d8da392b5c5b778897eb9bc4e1e3ccb9cef06941	Strings/Violin Section/Pizz/VlnEns_Pizz_F#3_v1_rr1.wav
100644	blob	b8876db06c7edbbbb828247458e79cb3e659e870	Strings/Violin Section/Pizz/VlnEns_Pizz_F#3_v1_rr2.wav
100644	blob	db2ec270d423f9c4ef156bb11ad96c9d23a36883	Strings/Violin Section/Pizz/VlnEns_Pizz_F#3_v2_rr1.wav
100644	blob	13050c58147c0ade173a32e1167d5c85cef1e082	Strings/Violin Section/Pizz/VlnEns_Pizz_F#3_v2_rr2.wav
100644	blob	4078199c3a83b088af2374801bf02a69a34e2692	Strings/Violin Section/Pizz/VlnEns_Pizz_G2_v1_rr1.wav
100644	blob	ecdd5249b71aaf4147e9ee80f9f3e1221c6c46e1	Strings/Violin Section/Pizz/VlnEns_Pizz_G2_v1_rr2.wav
100644	blob	3ec99d0f2abd24e4fc18cf5ce5db320d7974b0ba	Strings/Violin Section/Pizz/VlnEns_Pizz_G2_v2_rr1.wav
100644	blob	a8787f3fd98f15b518fd21fb9a0d51e0ac0c397d	Strings/Violin Section/Pizz/VlnEns_Pizz_G2_v2_rr2.wav
100644	blob	6854ee3feb04c2ad33290768f4704dee8d73edc1	Strings/Violin Section/Pizz/VlnEns_Pizz_G4_v1_rr1.wav
100644	blob	99ac3b68d02d9fec1d569132977d5954bca20b5c	Strings/Violin Section/Pizz/VlnEns_Pizz_G4_v1_rr2.wav
100644	blob	9a723d81746d3241c1adcea38fc925fed558c735	Strings/Violin Section/Pizz/VlnEns_Pizz_G4_v2_rr1.wav
100644	blob	bb9a2169ec4e0aae4645ca6009f94d16503ba1a0	Strings/Violin Section/Pizz/VlnEns_Pizz_G4_v2_rr2.wav
040000	tree	0b0e9968e773133c7262998abf0c5ac1d6d71190	Strings/Violin Section/Spic
100644	blob	a794cbe840ac88a90b2b23faee573f71e9ef1d91	Strings/Violin Section/Spic/VlnEns_Spic_A2_v1_rr1.wav
100644	blob	ac8c4f4a4b596ff63600781a9356a94505391577	Strings/Violin Section/Spic/VlnEns_Spic_A2_v1_rr2.wav
100644	blob	c1cfa82aa2b930acbacb8b1cbffc3a1158a3a0ad	Strings/Violin Section/Spic/VlnEns_Spic_A2_v2_rr1.wav
100644	blob	b2f9297553bb58fdbc99b8119935d6fa215397d9	Strings/Violin Section/Spic/VlnEns_Spic_A2_v2_rr2.wav
100644	blob	073f359ff4708b93240798353c79b98c7ba92833	Strings/Violin Section/Spic/VlnEns_Spic_A3_v1_rr1.wav
100644	blob	4cd283726571e71438974e88361f6b0bc3c05746	Strings/Violin Section/Spic/VlnEns_Spic_A3_v1_rr2.wav
100644	blob	fb4ac5e085c3d9e4a0623247a74004cbd8881f9b	Strings/Violin Section/Spic/VlnEns_Spic_A3_v2_rr1.wav
100644	blob	c93c24bab8ebc7573a91f8763a665876f81febe0	Strings/Violin Section/Spic/VlnEns_Spic_A3_v2_rr2.wav
100644	blob	21f5bd5721f3e9aa124ad55164127ef80d0caddb	Strings/Violin Section/Spic/VlnEns_Spic_B2_v1_rr1.wav
100644	blob	367ddae427eb9a12a3a09a432cf6e09ecf941d11	Strings/Violin Section/Spic/VlnEns_Spic_B2_v1_rr2.wav
100644	blob	11b255c4b3c717ce345ecf3eb0d98638d75e1b1d	Strings/Violin Section/Spic/VlnEns_Spic_B2_v2_rr1.wav
100644	blob	a1aab1c6b72d88849f17c5ad5372f090f33ff8b9	Strings/Violin Section/Spic/VlnEns_Spic_B2_v2_rr2.wav
100644	blob	47b96870f42bcba7ce40bf38d330f5a9a04ca580	Strings/Violin Section/Spic/VlnEns_Spic_B4_v1_rr1.wav
100644	blob	f7d7acb3ee6c33acd24cf0712507a14cc33beecb	Strings/Violin Section/Spic/VlnEns_Spic_B4_v1_rr2.wav
100644	blob	d91c54ffcecbef31708a0a9439907945f9843a08	Strings/Violin Section/Spic/VlnEns_Spic_B4_v2_rr1.wav
100644	blob	3e8898b02d05583d87fdd634266f034ddb583acd	Strings/Violin Section/Spic/VlnEns_Spic_B4_v2_rr2.wav
100644	blob	70a464d3dd61d21e36b209573475345f4e36b46b	Strings/Violin Section/Spic/VlnEns_Spic_C4_v1_rr1.wav
100644	blob	6b6d5f9f694f94f6023e85d295d6fff6837373a7	Strings/Violin Section/Spic/VlnEns_Spic_C4_v1_rr2.wav
100644	blob	ae3b8629fbbdb12ca1c6627ecdc5c0228ecb9ed0	Strings/Violin Section/Spic/VlnEns_Spic_C4_v2_rr1.wav
100644	blob	8ce6ba371c35d70704829e8923a0aab4621b1aa1	Strings/Violin Section/Spic/VlnEns_Spic_C4_v2_rr2.wav
100644	blob	f23740af6543f553cf2e4483d6177f600bc6730d	Strings/Violin Section/Spic/VlnEns_Spic_D3_v1_rr1.wav
100644	blob	a487a679c85544f696c2bec7e1915dbfb0503913	Strings/Violin Section/Spic/VlnEns_Spic_D3_v1_rr2.wav
100644	blob	4894f893f93143180d5234212d0440110dac0b8f	Strings/Violin Section/Spic/VlnEns_Spic_D3_v2_rr1.wav
100644	blob	ec4376833eaffafb05c1895ed2f31b0f22552f57	Strings/Violin Section/Spic/VlnEns_Spic_D3_v2_rr2.wav
100644	blob	c54eb32ceef868f25e37af20d9c22c2ee9017443	Strings/Violin Section/Spic/VlnEns_Spic_D5_v1_rr1.wav
100644	blob	f186358c67a144532926b5c3c44ca559436b14dd	Strings/Violin Section/Spic/VlnEns_Spic_D5_v1_rr2.wav
100644	blob	8eb20bdd3d40ecfc18e2e9c3e59a299710e86d60	Strings/Violin Section/Spic/VlnEns_Spic_D5_v2_rr1.wav
100644	blob	828f82b17a84757411474bcd781897b2d42353a9	Strings/Violin Section/Spic/VlnEns_Spic_D5_v2_rr2.wav
100644	blob	2449f9d5cd6337530ae52c06b92c0f99b5f81a7d	Strings/Violin Section/Spic/VlnEns_Spic_E4_v1_rr1.wav
100644	blob	31306b62cd518bbe0d4e793c2c9eb598c06e9e73	Strings/Violin Section/Spic/VlnEns_Spic_E4_v1_rr2.wav
100644	blob	f95512f43f61703daa2c436071627ef6b7bb6a9d	Strings/Violin Section/Spic/VlnEns_Spic_E4_v2_rr1.wav
100644	blob	c9b02904df2283cf50b765e9b16c6ccfb4c78042	Strings/Violin Section/Spic/VlnEns_Spic_E4_v2_rr2.wav
100644	blob	a1440411347da6c7ea3e2ea5e23d4ed5c65b5b98	Strings/Violin Section/Spic/VlnEns_Spic_F#3_v1_rr1.wav
100644	blob	48ae2a53909309538a65e40184f4d0885b3dbe53	Strings/Violin Section/Spic/VlnEns_Spic_F#3_v1_rr2.wav
100644	blob	f08c57a675190d1f562d4055b8fda58064f69cdc	Strings/Violin Section/Spic/VlnEns_Spic_F#3_v2_rr1.wav
100644	blob	2e51e90cf6031974c73c1045a7c97f1e6587140b	Strings/Violin Section/Spic/VlnEns_Spic_F#3_v2_rr2.wav
100644	blob	df1b9212691c50ed94ad3b04c6c06d4c3d72bbd9	Strings/Violin Section/Spic/VlnEns_Spic_G2_v1_rr1.wav
100644	blob	3f58d27e4b2f99a20170a580412eb0199c08aea9	Strings/Violin Section/Spic/VlnEns_Spic_G2_v1_rr2.wav
100644	blob	617e0e35885885eced13fb75f1d25603e52852ea	Strings/Violin Section/Spic/VlnEns_Spic_G2_v2_rr1.wav
100644	blob	8f35c6ad7e74d6f48fb8d2fab89490f080b7b8c9	Strings/Violin Section/Spic/VlnEns_Spic_G2_v2_rr2.wav
100644	blob	6756b5aed1346ee2a4e775906977ef684e8a3627	Strings/Violin Section/Spic/VlnEns_Spic_G4_v1_rr1.wav
100644	blob	3bcc89bc715de8f6f17feccfb98cc5bb024e142e	Strings/Violin Section/Spic/VlnEns_Spic_G4_v1_rr2.wav
100644	blob	59f932de2ed91cb8148b600a2a1a4fd0e0914421	Strings/Violin Section/Spic/VlnEns_Spic_G4_v2_rr1.wav
100644	blob	56f44b7808cbb5570dbdc90487f1dc1a5b398326	Strings/Violin Section/Spic/VlnEns_Spic_G4_v2_rr2.wav
040000	tree	a47ccf81f32d0b54143525f78c06c97c4ed7fb6d	Strings/Violin Section/susVib
100644	blob	b86c2e7000da2a80466196acca2ddbdf6cf83fe8	Strings/Violin Section/susVib/VlnEns_susVib_A2_v1.wav
100644	blob	5960b46c4678a146834594031d0bba1048855102	Strings/Violin Section/susVib/VlnEns_susVib_A2_v2.wav
100644	blob	ec84b89a4b93ecdc7e23d0c023b897b6f151bca7	Strings/Violin Section/susVib/VlnEns_susVib_A3_v1.wav
100644	blob	401653718e521b65712da594a53d22184f4a207a	Strings/Violin Section/susVib/VlnEns_susVib_A3_v2.wav
100644	blob	c2bdf89eed02c0e7fbb11b52799ac62276787ff8	Strings/Violin Section/susVib/VlnEns_susVib_B2_v1.wav
100644	blob	4f54ea9180f4c11ec3d0e92f556003be59cb0f0c	Strings/Violin Section/susVib/VlnEns_susVib_B2_v2.wav
100644	blob	8e22cb66ba5bccb4df68decf98139b3008733e8a	Strings/Violin Section/susVib/VlnEns_susVib_B4_v1.wav
100644	blob	598c11bd6fb25e33c599836428e03336ad5a5031	Strings/Violin Section/susVib/VlnEns_susVib_B4_v2.wav
100644	blob	6d81fcafba04ca992a8b85665a56e60337929ce0	Strings/Violin Section/susVib/VlnEns_susVib_C4_v1.wav
100644	blob	1c8e05059b270f870342a03e19b93882d6dd1e1b	Strings/Violin Section/susVib/VlnEns_susVib_C4_v2.wav
100644	blob	e47f9a53d487475fb049039ca7846e11c1ff830a	Strings/Violin Section/susVib/VlnEns_susVib_D3_v1.wav
100644	blob	31143ae1a31ddd57baa38b3e79a4415b108a0007	Strings/Violin Section/susVib/VlnEns_susVib_D3_v2.wav
100644	blob	fa455a7f8fe8c5c00b36c8e131bbc340204ae1c8	Strings/Violin Section/susVib/VlnEns_susVib_D5_v1.wav
100644	blob	804a72a49c07eed754e377b354f8e54a4805476d	Strings/Violin Section/susVib/VlnEns_susVib_D5_v2.wav
100644	blob	838b43d3c9e763898817869d411ab26463b7464f	Strings/Violin Section/susVib/VlnEns_susVib_E4_v1.wav
100644	blob	2c33cc296b9b3654fd08fc9e9887042eabee738d	Strings/Violin Section/susVib/VlnEns_susVib_E4_v2.wav
100644	blob	996ca7e6b1d9541d2f2fd7f53ba88294693893e7	Strings/Violin Section/susVib/VlnEns_susVib_F#3_v1.wav
100644	blob	33a19df9d89a5dbb174b9f72e6ae79a07327b2b6	Strings/Violin Section/susVib/VlnEns_susVib_F#3_v2.wav
100644	blob	e2de84e8b912dbfb8df3efe7b8ee241e2bcfa027	Strings/Violin Section/susVib/VlnEns_susVib_G2_v1.wav
100644	blob	b7693eb5c9d104fc01e130ee2552dac546ee85f7	Strings/Violin Section/susVib/VlnEns_susVib_G2_v2.wav
100644	blob	81d3994ebbf467cbbc88bb2d2ad0dd94d96e7e04	Strings/Violin Section/susVib/VlnEns_susVib_G4_v1.wav
100644	blob	c36674326c6d0b6ae8bf5d20b52b6ddd005719bb	Strings/Violin Section/susVib/VlnEns_susVib_G4_v2.wav
040000	tree	f26ab31af9a454557a65f2ebfc6912fc46641538	Strings/Violin Section/Trem
100644	blob	b28d43995483f64a32dfaddbdd8769f8fd35ad89	Strings/Violin Section/Trem/VlnEns_Trem_A2_v1.wav
100644	blob	2a6c4a738e82fe0c29715a1ad23c4605b0bd13f6	Strings/Violin Section/Trem/VlnEns_Trem_A2_v2.wav
100644	blob	6ca230c6b393661456b0bd423171698ed0e6961e	Strings/Violin Section/Trem/VlnEns_Trem_A3_v1.wav
100644	blob	66d1023bfd02f10777084846c854141139e7db6d	Strings/Violin Section/Trem/VlnEns_Trem_A3_v2.wav
100644	blob	79681a92f03713cd267d3960e9523b42fb3525bd	Strings/Violin Section/Trem/VlnEns_Trem_B2_v1.wav
100644	blob	636136978b92eb10217260588dfd7e70f1c7334c	Strings/Violin Section/Trem/VlnEns_Trem_B2_v2.wav
100644	blob	e65a4bd927527566921ab8bf848dd2d93823c8e3	Strings/Violin Section/Trem/VlnEns_Trem_B4_v1.wav
100644	blob	2ef3f2574e116829c9a76ddfb8969a63971052f0	Strings/Violin Section/Trem/VlnEns_Trem_B4_v2.wav
100644	blob	09557ef0aacba149134d4d2a002810521040645d	Strings/Violin Section/Trem/VlnEns_Trem_C4_v1.wav
100644	blob	1e3ff9d3bfbada89c199fed5ec2ce59f00161d9c	Strings/Violin Section/Trem/VlnEns_Trem_C4_v2.wav
100644	blob	2e8354f7829d070b6a974c36c56bcc3544678ee4	Strings/Violin Section/Trem/VlnEns_Trem_D3_v1.wav
100644	blob	49809c75b1bc8a2aaf2ff41a258676a43de1ee20	Strings/Violin Section/Trem/VlnEns_Trem_D3_v2.wav
100644	blob	3f0242daabc16c55a28ff270861583a2b7318fc0	Strings/Violin Section/Trem/VlnEns_Trem_D5_v1.wav
100644	blob	2cc6241c28707d5b7628347f0d49bd5d2311acec	Strings/Violin Section/Trem/VlnEns_Trem_D5_v2.wav
100644	blob	79a43accef11a57dde4a39b6b7aef0d291834661	Strings/Violin Section/Trem/VlnEns_Trem_E4_v1.wav
100644	blob	d5c2c00f2317e4bab5b30052f0e0090371ffae93	Strings/Violin Section/Trem/VlnEns_Trem_E4_v2.wav
100644	blob	1384eeefa5ddd8423f47f492cdef76d3b0197e48	Strings/Violin Section/Trem/VlnEns_Trem_F#3_v1.wav
100644	blob	45da6cab10e5cc2581319f99f64f18cfbe6f35ed	Strings/Violin Section/Trem/VlnEns_Trem_G2_v1.wav
100644	blob	c33077784fb76dc501a7957af7f0d5e387de368c	Strings/Violin Section/Trem/VlnEns_Trem_G2_v2.wav
100644	blob	7383ee7406104a63393ea279a73305b60b2e88fa	Strings/Violin Section/Trem/VlnEns_Trem_G4_v1.wav
100644	blob	773928f8f54d93b099250e1c70901928b8681f83	Strings/Violin Section/Trem/VlnEns_Trem_G4_v2.wav
040000	tree	0370f8a14d5f81fc6ae7561dc00a58a0e7f920d4	VSCO 1 Percussion
040000	tree	0a740cfd337c760e8b3aff3867def500dd548cda	VSCO 1 Percussion/drums
040000	tree	0373d1bc4e4246ccc2f96d87cc04378eb87931c9	VSCO 1 Percussion/drums/bass
100644	blob	73c4f779f59b275b34888b0025bb0b88b3363959	VSCO 1 Percussion/drums/bass/bdrum_f_1.wav
100644	blob	6b5adc1acf37b1fd678664d9062ffbf7b5b66b75	VSCO 1 Percussion/drums/bass/bdrum_f_2.wav
100644	blob	e6de1eec18fea0f4c766ee266d0bb8db1c91b144	VSCO 1 Percussion/drums/bass/bdrum_ff_1.wav
100644	blob	60f57db445f29e535215fd07e2f264191e7b3322	VSCO 1 Percussion/drums/bass/bdrum_fff_1.wav
100644	blob	64766485cdf31ea0b0df3fad9d4dfe4d27aff593	VSCO 1 Percussion/drums/bass/bdrum_fff_2.wav
100644	blob	1d690132e16409909bd14ea4ac7406a66da5eb4f	VSCO 1 Percussion/drums/bass/bdrum_mp_1.wav
100644	blob	acc82db8bf8f7591c956d5b18c35a7d15067d5d2	VSCO 1 Percussion/drums/bass/bdrum_mp_2.wav
100644	blob	98fd4c3d0b34d93b1a131162717075384f7c955e	VSCO 1 Percussion/drums/bass/bdrum_muted_ff_1.wav
100644	blob	a051490382a60b52a497175b615b85033602d1c0	VSCO 1 Percussion/drums/bass/bdrum_muted_fff_1.wav
100644	blob	c4bc6b8b4cd53f3535b64f0d4687aa8c00f581f5	VSCO 1 Percussion/drums/bass/bdrum_muted_fff_2.wav
100644	blob	9af68d83e0d8e6ecd83f5d6db0c6b62e521c6991	VSCO 1 Percussion/drums/bass/bdrum_muted_mf_1.wav
100644	blob	d2dd50c927e641703aae23d2afacf0a6640adb41	VSCO 1 Percussion/drums/bass/bdrum_muted_mp_1.wav
100644	blob	59b0c23eec66834941efb54839a66fb302b20696	VSCO 1 Percussion/drums/bass/bdrum_muted_mp_2.wav
100644	blob	77634dc1916669fda4f611e00e19d1b9dba5b2bb	VSCO 1 Percussion/drums/bass/bdrum_muted_pp_1.wav
100644	blob	2782b87bf477e74a17a966142a8be71febb5bf19	VSCO 1 Percussion/drums/bass/bdrum_muted_pp_2.wav
100644	blob	93f77624b102c6bb068cfdde1d550fddebe4fcb6	VSCO 1 Percussion/drums/bass/bdrum_muted_pp_3.wav
100644	blob	9c713b7200b7c00f6367820c195ba9ee1d8a25c4	VSCO 1 Percussion/drums/bass/bdrum_muted_ppp_1.wav
100644	blob	5d459e429d6f41d4a4f6a2ed4d93e3d16ab585ba	VSCO 1 Percussion/drums/bass/bdrum_muted_ppp_2.wav
100644	blob	f63c17658f801c9f2b2be4a37919c2d0a30f4ff9	VSCO 1 Percussion/drums/bass/bdrum_p_1.wav
100644	blob	238c5566da4838aff71370512c20586e525830e1	VSCO 1 Percussion/drums/bass/bdrum_pp_1.wav
100644	blob	9bc8cc610ac5249971d58d5b1b3ec46ba2e7fe6a	VSCO 1 Percussion/drums/bass/bdrum_pp_2.wav
100644	blob	20a62b045d40cfc3fdb2eb42f4e6a5b8140dfe54	VSCO 1 Percussion/drums/bass/bdrum_ppp_1.wav
100644	blob	00909f13576a05c44f7258376819b1c9a481416e	VSCO 1 Percussion/drums/bass/bdrum_ppp_2.wav
100644	blob	285d2c88738e500e549be74276fdfd477caf365d	VSCO 1 Percussion/drums/bass/bdrum_ppp_3.wav
100644	blob	eed2d2a00a896427f13486171edff93d73a9160c	VSCO 1 Percussion/drums/bass/bdrum_roll_long1.wav
100644	blob	07d1cd4cb768227c0bf416726703e6fd55736442	VSCO 1 Percussion/drums/bass/bdrum_roll_quieter.wav
100644	blob	f34a5dee8849aa4c4f0eafff34f49b183ff23238	VSCO 1 Percussion/drums/bass/bdrum_roll_short_1.wav
100644	blob	0d33fa0f5aa0871c8f0b7973a3770ffc4ef28f91	VSCO 1 Percussion/drums/bass/bdrum_roll_short_2.wav
100644	blob	e841abe71845255cb3fe692af9c128ece014e3ed	VSCO 1 Percussion/drums/bass/bdrum_roll-quietest.wav
100644	blob	ecc8db2ee3acdfc74ffeb6cdeccb17db4e140586	VSCO 1 Percussion/drums/bass/bdrum_roll1.wav
100644	blob	557c630fc259c6b2b63823b1fe4fb2c3eed37abc	VSCO 1 Percussion/drums/bass/bdrum_special_sidehit.wav
100644	blob	d24a4cd7b264378f768bf2f8833bb624b34ada11	VSCO 1 Percussion/drums/bass/bdrum2_pp_1.wav
100644	blob	67108716338e7a3a7486c76bb2603c9137faa3e1	VSCO 1 Percussion/drums/bass/bdrum2_pp_2.wav
100644	blob	2d2b42d1939bfca52cc02eca24e29e53335db581	VSCO 1 Percussion/drums/bass/bdrum2_ppp_1.wav
100644	blob	cbf1a55dcb122d5203ac3a238ceb70f46e7201d5	VSCO 1 Percussion/drums/bass/bdrum2_ppp_2.wav
100644	blob	06bf18cb42e0797b388a09850ca11d71ce6cba6d	VSCO 1 Percussion/drums/bass/bdrum3_fff_1.wav
100644	blob	acb4ecadf29a9d49d631b951932444934e96461f	VSCO 1 Percussion/drums/bass/bdrum3_mp_1.wav
100644	blob	6c4e02b2a6f6269b5dfabd2f9673c240151dd63f	VSCO 1 Percussion/drums/bass/bdrum3_p_1.wav
100644	blob	389fbbb263597ef0092266c0d80ec2c09a1c80c9	VSCO 1 Percussion/drums/bass/bdrum3_ppp_1.wav
040000	tree	6d0638baa33696672e1432182693a5f582fd520f	VSCO 1 Percussion/drums/other
040000	tree	1fef2db823244655531dfb9cacb81a1213207c87	VSCO 1 Percussion/drums/other/Bongos
100644	blob	54b6a4bc64beab41072c72dd69c50078828f1278	VSCO 1 Percussion/drums/other/Bongos/HighBongo1.wav
100644	blob	4111fe17f30183b03df86f858c70f3d79ab245dd	VSCO 1 Percussion/drums/other/Bongos/HighBongo2.wav
100644	blob	c0f78a4a8d3c72ef4d9d53a6b1362379e0b4fcb0	VSCO 1 Percussion/drums/other/Bongos/LowBongo1.wav
100644	blob	7b31e312f5fec2724355d2584e40fa3a40f602c1	VSCO 1 Percussion/drums/other/Bongos/LowBongo2.wav
040000	tree	792cadd821d3e947a81d898b95e9b3af17f6ac55	VSCO 1 Percussion/drums/other/ethnic
040000	tree	f546fbec5fdb1fe4eee38b70a69388b064ce822f	VSCO 1 Percussion/drums/other/ethnic/congo
040000	tree	2774d1b4d4edde8e1e41e607b0467ffd6c5c9a97	VSCO 1 Percussion/drums/other/ethnic/congo/muted
100644	blob	7d886f721edd91516e4697c4a56e6eb8e29b7eed	VSCO 1 Percussion/drums/other/ethnic/congo/muted/ethnicHigh_hit_f_1.wav
100644	blob	be6aeb915ad8ea0ffef6a7860ea88d562825627b	VSCO 1 Percussion/drums/other/ethnic/congo/muted/ethnicHigh_hit_mp_1.wav
100644	blob	d505fa9622f12130bde31da1e567508705decbc8	VSCO 1 Percussion/drums/other/ethnic/congo/muted/ethnicHigh_hit_pp_1.wav
100644	blob	f264557d694b48216c2b27ba383f076221ea32af	VSCO 1 Percussion/drums/other/ethnic/congo/muted/ethnicLow_hit_f_1.wav
100644	blob	472305dccea57fb1c25864512fe9f340653cb06c	VSCO 1 Percussion/drums/other/ethnic/congo/muted/ethnicLow_hit_mp_1.wav
100644	blob	a84d52ff4d13cb78b56b497aa0fb7447501ac1b4	VSCO 1 Percussion/drums/other/ethnic/congo/muted/ethnicLow_hit_pp_1.wav
040000	tree	f8379ddcea22d05cad1381e0a1fd106d4c11f590	VSCO 1 Percussion/drums/other/ethnic/congo/open
100644	blob	cc8107df5eb349b684d569b59481c5068ef19f07	VSCO 1 Percussion/drums/other/ethnic/congo/open/ethnicHighOpen_hit_f_1.wav
100644	blob	97501f6f7da3362ee382571c33579c20d242bdf5	VSCO 1 Percussion/drums/other/ethnic/congo/open/ethnicHighOpen_hit_f_2.wav
100644	blob	831dec9c7d549a4112159894ad3d911e0ac5729b	VSCO 1 Percussion/drums/other/ethnic/congo/open/ethnicLowOpen_hit_f_1.wav
100644	blob	b6c569da57a49ab14c930ecd30392218154f620c	VSCO 1 Percussion/drums/other/ethnic/congo/open/ethnicLowOpen_hit_f_2.wav
100644	blob	c46fe63bc90816e0baef27e40ee1b4bd38aa9c5a	VSCO 1 Percussion/drums/other/ethnic/congo/open/ethnicLowOpen_hit_f_3.wav
100644	blob	01048d17c4df0dd799688ca0ea6bf5c5914bddff	VSCO 1 Percussion/drums/other/ethnic/congo/open/ethnicLowOpen_hit_f_4.wav
100644	blob	ce6b826a992047d95d36aa1a04fa79fbc2536bb3	VSCO 1 Percussion/drums/other/ethnic/congo/open/ethnicLowOpen_hit_mp_1.wav
100644	blob	7fcde954acbe87ca16d2c59a97da3bd9305161a4	VSCO 1 Percussion/drums/other/ethnic/congo/open/ethnicLowOpen_hit_mp_2.wav
100644	blob	9a2a3ec67388aeec71af7f9b5364a5a77cedf23e	VSCO 1 Percussion/drums/other/ethnic/congo/open/ethnicLowOpen_hit_pp_1.wav
100644	blob	c3e42b380a7a09301e3e8f2806bcc56e3661f484	VSCO 1 Percussion/drums/other/ethnic/congo/open/ethnicLowOpen_hit_pp_2.wav
100644	blob	7045e6bcb07fbb2a794405dc2d99ea67b02df41a	VSCO 1 Percussion/drums/other/ethnic/congo/open/ethnicLowOpen_hit_pp_3.wav
100644	blob	6377feeab7696fefc98b8e2070623b4704305e3c	VSCO 1 Percussion/drums/other/ethnic/congo/open/ethnicLowOpen_hit_pp_4.wav
040000	tree	bff771f6b81df70c0683c9255aa4bf894eaf96c6	VSCO 1 Percussion/drums/other/ethnic/giant
100644	blob	0a280765dd7d9371fdfb88a6bb886c4be81dda72	VSCO 1 Percussion/drums/other/ethnic/giant/EthnicLargeStick_rimshot_1.wav
100644	blob	d3fabeb3f5011807a89bb2475de582a16e32176c	VSCO 1 Percussion/drums/other/ethnic/giant/EthnicLargeStick_rimshot_2.wav
100644	blob	fb8199ac2191de645bf0b17df330a3c2d912d7e3	VSCO 1 Percussion/drums/other/ethnic/giant/EthnicLargeStick_rimshot_3.wav
040000	tree	f55b189d47e205295a367bcff7541024be814943	VSCO 1 Percussion/drums/other/ethnic/giant/hand
100644	blob	d34ed160261f188bbf98394a555ad2cf068d77f0	VSCO 1 Percussion/drums/other/ethnic/giant/hand/EthnicLargeHand_brush_1.wav
100644	blob	9841ca9ea20335d60534c4ab722f7e048cf54cee	VSCO 1 Percussion/drums/other/ethnic/giant/hand/EthnicLargeHand_hit_f_1.wav
100644	blob	7843df2e978acc15b882d93e3f6a0b89b8b8ff09	VSCO 1 Percussion/drums/other/ethnic/giant/hand/EthnicLargeHand_hit_f_2.wav
100644	blob	1b2d5aa80c4e8faf764f8fee9c6dd2f5cc2e12e9	VSCO 1 Percussion/drums/other/ethnic/giant/hand/EthnicLargeHand_hit_f_4.wav
100644	blob	94dd59a32e7242595b6ab5d641f42e7f4f314c64	VSCO 1 Percussion/drums/other/ethnic/giant/hand/EthnicLargeHand_hit_ff_1.wav
100644	blob	faa1b4eb44dd9825ec836d1447862bdb8bdebf10	VSCO 1 Percussion/drums/other/ethnic/giant/hand/EthnicLargeHand_hit_ff_2.wav
100644	blob	9fb7144ff86e2b882a470dd82d46dd8826ca2bcb	VSCO 1 Percussion/drums/other/ethnic/giant/hand/EthnicLargeHand_hit_mp_1.wav
100644	blob	e7d6c2068d5bf6563dfe97fc88e8d9990aed78c0	VSCO 1 Percussion/drums/other/ethnic/giant/hand/EthnicLargeHand_hit_mp_2.wav
100644	blob	6b517843b61e9d80c54bf7312610853ab5bd9f35	VSCO 1 Percussion/drums/other/ethnic/giant/hand/EthnicLargeHand_hit_mp_3.wav
100644	blob	b9a0c8c52b55c80d00de196bc6f000a21db9eece	VSCO 1 Percussion/drums/other/ethnic/giant/hand/EthnicLargeHand_hit_mp_4.wav
100644	blob	ca8d71edf3570174f24e51c9684466d8291a6898	VSCO 1 Percussion/drums/other/ethnic/giant/hand/EthnicLargeHand_hit_p_1.wav
100644	blob	15720f5aff55de92abcf385df78bd03e4f71d65b	VSCO 1 Percussion/drums/other/ethnic/giant/hand/EthnicLargeHand_hit_pp_1.wav
100644	blob	1f4f65c2c04dcec096f234ebb7a77f06e9f51a9a	VSCO 1 Percussion/drums/other/ethnic/giant/hand/EthnicLargeHand_hit_pp_2.wav
100644	blob	c06ad716956335b906b6d150bd946999b6f69f0d	VSCO 1 Percussion/drums/other/ethnic/giant/hand/EthnicLargeHand_hit_pp_3.wav
100644	blob	5c6f2fe585c63430695dfc6a5f01b2bcc6f06a7d	VSCO 1 Percussion/drums/other/ethnic/giant/hand/EthnicLargeHand_hit_pp_4.wav
100644	blob	ded82766f2dfa3ee62794adefe92e362981c8335	VSCO 1 Percussion/drums/other/ethnic/giant/hand/EthnicLargeHand_hit_ppp_1.wav
100644	blob	1656f229d4f7bab0964a186359733453bae94d6a	VSCO 1 Percussion/drums/other/ethnic/giant/hand/EthnicLargeHand_hit_ppp_2.wav
040000	tree	22a3d6a5188bb6886d819682f7efe97b5adb11a3	VSCO 1 Percussion/drums/other/ethnic/giant/mallet
100644	blob	7022ad161451093e1c7d6e38cf2064be035c4fd2	VSCO 1 Percussion/drums/other/ethnic/giant/mallet/EthnicLargeMallet_hit_f_1.wav
100644	blob	8703b5441982fa0a0ded4260e3e054c2be87b012	VSCO 1 Percussion/drums/other/ethnic/giant/mallet/EthnicLargeMallet_hit_ff_1.wav
100644	blob	40a718cf6085d8547d9fdd63ca516bd71f94560f	VSCO 1 Percussion/drums/other/ethnic/giant/mallet/EthnicLargeMallet_hit_ff_2.wav
100644	blob	6b95580097529fda92d6ad3c9052235f13e5a8ab	VSCO 1 Percussion/drums/other/ethnic/giant/mallet/EthnicLargeMallet_hit_mf_1.wav
100644	blob	02a08de1ce2360dfb5efdbe7f6c6c8474c81eecd	VSCO 1 Percussion/drums/other/ethnic/giant/mallet/EthnicLargeMallet_hit_pp_1.wav
040000	tree	e6eb7a12cceed4880dd2c3f01335264f794a9b3e	VSCO 1 Percussion/drums/other/ethnic/giant/sticks
100644	blob	3bc477042a74225ee2d710971d6643aa87cc45e2	VSCO 1 Percussion/drums/other/ethnic/giant/sticks/EthnicLargeSticks_hit_f_1.wav
100644	blob	36a730bc951a128fdced1fd9c4ce72d3fcbcd24a	VSCO 1 Percussion/drums/other/ethnic/giant/sticks/EthnicLargeSticks_hit_f_2.wav
100644	blob	87bfde7bacaddfee9edc5b43e8bf1e8895823861	VSCO 1 Percussion/drums/other/ethnic/giant/sticks/EthnicLargeSticks_hit_fff_1.wav
100644	blob	f8f1ea6837487e538901c1dca8ae523e285dbf11	VSCO 1 Percussion/drums/other/ethnic/giant/sticks/EthnicLargeSticks_hit_mf_1.wav
100644	blob	b3db0a1eb2c8c8aaf6f1d3fd55deb5918f520281	VSCO 1 Percussion/drums/other/ethnic/giant/sticks/EthnicLargeSticks_hit_mf_2.wav
100644	blob	963b6d61b629551d032015f3f3b3ce7365f4b878	VSCO 1 Percussion/drums/other/ethnic/giant/sticks/EthnicLargeSticks_hit_mp_1.wav
100644	blob	2546254c61b251f35f2df33536bc3cb0136fde2f	VSCO 1 Percussion/drums/other/ethnic/giant/sticks/EthnicLargeSticks_hit_p_1.wav
100644	blob	3621eb46a9211d3633b27a3e9c215c4c18bb3013	VSCO 1 Percussion/drums/other/ethnic/giant/sticks/EthnicLargeSticks_hit_pp_1.wav
100644	blob	a9de37eedfebba1d749fe63ad21754634a434622	VSCO 1 Percussion/drums/other/ethnic/giant/sticks/EthnicLargeSticks_hit_ppp_1.wav
100644	blob	60ee252c9213d7657f692aba9fa9c35e22ba6063	VSCO 1 Percussion/drums/other/ethnic/giant/sticks/EthnicLargeSticks_hit_ppp_2.wav
040000	tree	c59a9b3e3ecd31ff57ea9fc35f205b698959cd44	VSCO 1 Percussion/drums/snare
040000	tree	c81c82e5b37257ad826df13b11cbcb314b72136b	VSCO 1 Percussion/drums/snare/drum1
100644	blob	f3a53aa9f3cd05fc9da8156f4388137b62a5c637	VSCO 1 Percussion/drums/snare/drum1/snare1_click.wav
100644	blob	2225245b19baa0abeb643577b3953e6ae2ca9e87	VSCO 1 Percussion/drums/snare/drum1/snare1_click2.wav
100644	blob	dbd9c8145400a0e1f620971b1d7e87a1116ff934	VSCO 1 Percussion/drums/snare/drum1/snare1_click3.wav
100644	blob	6356271b4b0ee2e4b05f0247634ef7a2831b5dc3	VSCO 1 Percussion/drums/snare/drum1/snare1_click4.wav
100644	blob	0150e2c94ad1c83b071944e3cfb286752546c894	VSCO 1 Percussion/drums/snare/drum1/snare1_f_1.wav
100644	blob	dec69b9141e4778b0bcd4d065c58659f11f2bef4	VSCO 1 Percussion/drums/snare/drum1/snare1_f_2.wav
100644	blob	b5b77029b0eea018f62f1becdbecb9b2f13e3c95	VSCO 1 Percussion/drums/snare/drum1/snare1_f_3.wav
100644	blob	0ef05b426b9a3b66a494311fdd766076335bae66	VSCO 1 Percussion/drums/snare/drum1/snare1_ff_1.wav
100644	blob	b5b77029b0eea018f62f1becdbecb9b2f13e3c95	VSCO 1 Percussion/drums/snare/drum1/snare1_ff_2.wav
100644	blob	e32fe4ca09977a185991e925b1ef306d59d879aa	VSCO 1 Percussion/drums/snare/drum1/snare1_fff_1.wav
100644	blob	1560e1829f28b2b34a02563abfc5b9c9d30015f8	VSCO 1 Percussion/drums/snare/drum1/snare1_fff_2.wav
100644	blob	38ecdcd8b3dc581f196e7424177d672e38e4bdde	VSCO 1 Percussion/drums/snare/drum1/snare1_mp_1.wav
100644	blob	bdb27bf3bb8857f07a8fcd9c7a8aa08b4908b5d7	VSCO 1 Percussion/drums/snare/drum1/snare1_mp_2.wav
100644	blob	946133cb7d657bd7a54e21ee4cd7bfc2cd50a764	VSCO 1 Percussion/drums/snare/drum1/snare1_mp_snare.wav
100644	blob	fb57399040d16dea86d3250ede21d477d0746d58	VSCO 1 Percussion/drums/snare/drum1/snare1_mp_snare2.wav
100644	blob	c85f0a2e8f4fe26b206386632d15e98bc3a0d63f	VSCO 1 Percussion/drums/snare/drum1/snare1_nosnare_f_2.wav
100644	blob	9a60af6de47954be901598f65b00b99eeacb6dbf	VSCO 1 Percussion/drums/snare/drum1/snare1_nosnare_f_3.wav
100644	blob	cbf9f46476944559e137d08b9c14f8762ab6e53f	VSCO 1 Percussion/drums/snare/drum1/snare1_nosnare_ff_1.wav
100644	blob	cb343ea6d33484a588ba579f1e72926697ce9943	VSCO 1 Percussion/drums/snare/drum1/snare1_nosnare_fff_1.wav
100644	blob	bb3ee039223e5ff9bc97e5847af27f13f422580f	VSCO 1 Percussion/drums/snare/drum1/snare1_nosnare_fff_2.wav
100644	blob	bf1e3339e8d3996f5ee89155746f2091a93aee7d	VSCO 1 Percussion/drums/snare/drum1/snare1_nosnare_fff_3.wav
100644	blob	0ae902e81025c97993cdc650be821b31e6eca597	VSCO 1 Percussion/drums/snare/drum1/snare1_nosnare_mf_1.wav
100644	blob	a7d6644f310130279d8c5c061c7d8c11d7356ac4	VSCO 1 Percussion/drums/snare/drum1/snare1_nosnare_mf_2.wav
100644	blob	639eef83cacc969c73df8dcde7d63fa3330bed3a	VSCO 1 Percussion/drums/snare/drum1/snare1_nosnare_mp_1.wav
100644	blob	01db56a51625cadcdf684ed5746608031fc3d09d	VSCO 1 Percussion/drums/snare/drum1/snare1_nosnare_mp_2.wav
100644	blob	8f78849f6f070411f5869871265711fdc62fc79b	VSCO 1 Percussion/drums/snare/drum1/snare1_nosnare_pp_1.wav
100644	blob	89938b0a3674fcdc55412ecd6e572684a7457242	VSCO 1 Percussion/drums/snare/drum1/snare1_nosnare_ppp_1.wav
100644	blob	d4bc15fccc77f7f0c53c23c23821697fa267c974	VSCO 1 Percussion/drums/snare/drum1/snare1_nosnare_ppp_2.wav
100644	blob	81acd9aa2b521a791d97d0b3ca580ac594ed5747	VSCO 1 Percussion/drums/snare/drum1/snare1_nosnare_ppp_3.wav
100644	blob	fd64daa50d745c180284ea8cdcd85af764b88326	VSCO 1 Percussion/drums/snare/drum1/snare1_p_1.wav
100644	blob	3969d26f82db7c114a82da5b35d6ed50baf6dba2	VSCO 1 Percussion/drums/snare/drum1/snare1_pp_1.wav
100644	blob	ad43ea4f1ff7b45202971541274136a5818dfaea	VSCO 1 Percussion/drums/snare/drum1/snare1_ppp_1.wav
100644	blob	556ec6a9f8acc3582b04245a257ebcd8ed43e6cd	VSCO 1 Percussion/drums/snare/drum1/snare1_ppp_2.wav
100644	blob	e677561dce9db736ea94c3de9d91bad3a02e957e	VSCO 1 Percussion/drums/snare/drum1/snare1_ppp_3.wav
100644	blob	a942f145f2974ed3a81120897aa3ad4438c9d8cc	VSCO 1 Percussion/drums/snare/drum1/snare1_pppp_1.wav
100644	blob	a7ff34f8d734278d52ca1b15e0c8049f24ed172e	VSCO 1 Percussion/drums/snare/drum1/snare1_pppp_2.wav
100644	blob	a1ba600cdfb403e855623e2d9d333b4b2ded3ba3	VSCO 1 Percussion/drums/snare/drum1/snare1_rim_fff_1.wav
100644	blob	2a2ca766ea656c530c80d7cdc310e207558706a3	VSCO 1 Percussion/drums/snare/drum1/snare1_rimshot_f.wav
100644	blob	7e92193165d5ec8bc9c0357e54a098218765200f	VSCO 1 Percussion/drums/snare/drum1/snare1_rimshot_fff_1.wav
100644	blob	7c2b955e9fa98c9ccd23de9008c6e23fc68bdf1f	VSCO 1 Percussion/drums/snare/drum1/snare1_rimshot_mf.wav
040000	tree	124bf478a8fdf1e5d0307918631d6b5f013a76a1	VSCO 1 Percussion/drums/snare/drum2
100644	blob	bc34461a838f50a23768d240f28813fd7f5f603e	VSCO 1 Percussion/drums/snare/drum2/sfx_click.wav
100644	blob	9d4268c7a7c043d96ce508176a500534e59e8c71	VSCO 1 Percussion/drums/snare/drum2/snare2_click_1.wav
100644	blob	2846160ea7e09521d46285811701bb1c35d29b9c	VSCO 1 Percussion/drums/snare/drum2/snare2_f_1.wav
100644	blob	100df966b00c53769060387e0c34984713454160	VSCO 1 Percussion/drums/snare/drum2/snare2_f_2.wav
100644	blob	55c9979e4e6d214e65b2b49a5372fd0f29429081	VSCO 1 Percussion/drums/snare/drum2/snare2_f_3.wav
100644	blob	e6c1e95ea1c43b202243945ade61a903994b3773	VSCO 1 Percussion/drums/snare/drum2/snare2_ff_1.wav
100644	blob	2540bbd4938fd3a0936f9e5cc0b4cf67e42aaac2	VSCO 1 Percussion/drums/snare/drum2/snare2_fff_1.wav
100644	blob	ca3637097a347567d9d8e1337a725579d7de4663	VSCO 1 Percussion/drums/snare/drum2/snare2_mf_1.wav
100644	blob	4d9d2ade71e4e5c41db4bb983948388532e41e7e	VSCO 1 Percussion/drums/snare/drum2/snare2_mf_2.wav
100644	blob	395f9f68cb6b776d6d704fcb1b6ca40f74bdfdd2	VSCO 1 Percussion/drums/snare/drum2/snare2_mp_1.wav
100644	blob	8085ad301a6c0bcf5711aa7be2e585d1b14c9402	VSCO 1 Percussion/drums/snare/drum2/snare2_nosnare_f_1.wav
100644	blob	67f0c1e5ea837c3406453f2815df57f20d667031	VSCO 1 Percussion/drums/snare/drum2/snare2_nosnare_f_2.wav
100644	blob	38bc0d64c801dba47234542b16785ec247e17ed9	VSCO 1 Percussion/drums/snare/drum2/snare2_nosnare_ff_1.wav
100644	blob	71e6865c4047a4ccf1c53deb23cb6aed3b4a2fe4	VSCO 1 Percussion/drums/snare/drum2/snare2_nosnare_fff_1.wav
100644	blob	04d167e05c505b84763214a519753c2c167c6571	VSCO 1 Percussion/drums/snare/drum2/snare2_nosnare_mf_1.wav
100644	blob	cd7b7b658d2f75a84b80294484875190609eff97	VSCO 1 Percussion/drums/snare/drum2/snare2_nosnare_mf_2.wav
100644	blob	bf64ab4881197826e127fa72ef17e0ef01854493	VSCO 1 Percussion/drums/snare/drum2/snare2_nosnare_p_1.wav
100644	blob	3e0752c52ab31e76dad973bdfbde9339d42012d1	VSCO 1 Percussion/drums/snare/drum2/snare2_nosnare_p_2.wav
100644	blob	08e7ace7a33ae0c93ebe295a839ef225e404eaf4	VSCO 1 Percussion/drums/snare/drum2/snare2_nosnare_p_3.wav
100644	blob	782741791e05bdc6e2dfb80d3596fe5a494299a7	VSCO 1 Percussion/drums/snare/drum2/snare2_nosnare_pp_1.wav
100644	blob	ebc3bc5ebff3876fac419a207705d38cab5b7b6b	VSCO 1 Percussion/drums/snare/drum2/snare2_nosnare_ppp_1.wav
100644	blob	cd93ecf3efe39252da9be38482ea0c81b89a6640	VSCO 1 Percussion/drums/snare/drum2/snare2_nosnare_pppp_1.wav
100644	blob	aadbcb0c7a6d9567ffd3106c6934d457a45a44cd	VSCO 1 Percussion/drums/snare/drum2/snare2_nosnare_roll_ff_1.wav
100644	blob	98e5306bd836f18f131b0bb5f6c643565e105ccf	VSCO 1 Percussion/drums/snare/drum2/snare2_p_1.wav
100644	blob	3fabae19c083233e8fde23ed436f6895080b3ad2	VSCO 1 Percussion/drums/snare/drum2/snare2_p_2.wav
100644	blob	7842dea4da6090e2eaffe9de8b2940dbc5216de5	VSCO 1 Percussion/drums/snare/drum2/snare2_p_3.wav
100644	blob	09d6ef01c88d6888105f9fb594eff6f4ddb58d2a	VSCO 1 Percussion/drums/snare/drum2/snare2_pp_1.wav
100644	blob	12fcff5371f23858ad3240a7b67d1b3869ee3454	VSCO 1 Percussion/drums/snare/drum2/snare2_pp_2.wav
100644	blob	9f3db42e01255d037b956d52dea5fc652bece76c	VSCO 1 Percussion/drums/snare/drum2/snare2_ppp_1.wav
100644	blob	a97ee2c3f4749731ed4aa87c7a3291b722bf11f6	VSCO 1 Percussion/drums/snare/drum2/snare2_ppp_2.wav
100644	blob	7021991c27cf92d59a48d376f3635d2be939b149	VSCO 1 Percussion/drums/snare/drum2/snare2_ppp_3.wav
100644	blob	0b8596cc9893a9f52dfd9a2cf111e0567dc8c440	VSCO 1 Percussion/drums/snare/drum2/snare2_pppp_1.wav
100644	blob	61aaaf00178249836eeb5d7b504e3e77d9f5515d	VSCO 1 Percussion/drums/snare/drum2/snare2_rimshot_f_1.wav
100644	blob	b192fbd2e6c6299d95b43f9a8185038c075d5cb2	VSCO 1 Percussion/drums/snare/drum2/snare2_rimshot_f_2.wav
100644	blob	9b64eb2b008699aa007823a796c7c8d6b60a039f	VSCO 1 Percussion/drums/snare/drum2/snare2_rimshot_ff_1.wav
100644	blob	a44e419e78d4188f02e94e6468798f9703cca05c	VSCO 1 Percussion/drums/snare/drum2/snare2_rimshot_mf_1.wav
040000	tree	821771721c1f97ceac77028f3576fd965407a70f	VSCO 1 Percussion/drums/snare/drum3_marching
100644	blob	4ba38ceec9dbe15dce04397a07745f281967e11c	VSCO 1 Percussion/drums/snare/drum3_marching/snare3_click_1.wav
100644	blob	056935936438217f2a5f66aa3af8fef51372ea22	VSCO 1 Percussion/drums/snare/drum3_marching/snare3_click_2.wav
100644	blob	186c6ea2555b04b944bdb61a8382e49721822172	VSCO 1 Percussion/drums/snare/drum3_marching/snare3_f_1.wav
100644	blob	fccd3a63b7f4b984457004f9a643353eda97c6c8	VSCO 1 Percussion/drums/snare/drum3_marching/snare3_f_2.wav
100644	blob	bef8eee65598cf29ca61852e6adcc5c392a4b032	VSCO 1 Percussion/drums/snare/drum3_marching/snare3_fff_1.wav
100644	blob	e812385dac5c4a6a92764f1798e326d4cb1a83e6	VSCO 1 Percussion/drums/snare/drum3_marching/snare3_mp_1.wav
100644	blob	6f376e2d206de0f354ee34d98eae3f7fe65d3562	VSCO 1 Percussion/drums/snare/drum3_marching/snare3_p_1.wav
100644	blob	913a207a33b73ff73d6a3a58f58977e99b6927a8	VSCO 1 Percussion/drums/snare/drum3_marching/snare3_p_2.wav
100644	blob	4c792ddb1f8139acdafac3f8c7e6318a127095a4	VSCO 1 Percussion/drums/snare/drum3_marching/snare3_p_3.wav
100644	blob	2fdf7a7377af14569bee72979b4bf2b0cb42129d	VSCO 1 Percussion/drums/snare/drum3_marching/snare3_p_4.wav
100644	blob	5fca1277d122545e8cdb83afb5667e03bf4eeaf0	VSCO 1 Percussion/drums/snare/drum3_marching/snare3_pp_1.wav
100644	blob	d2215800a1f85bbed079d9979ea13334beae8c78	VSCO 1 Percussion/drums/snare/drum3_marching/snare3_pp_2.wav
100644	blob	547153ddb56e1845bccd7223e999c0d6e0009867	VSCO 1 Percussion/drums/snare/drum3_marching/snare3_ppp_1.wav
100644	blob	a169ba4ba9efedd20acd2b9b0cfb563572c31f39	VSCO 1 Percussion/drums/snare/drum3_marching/snare3_ppp_2.wav
100644	blob	a2475a85b84d1e5e45a47c8dc5aa7459128c1d82	VSCO 1 Percussion/drums/snare/drum3_marching/snare3_ppp_3.wav
100644	blob	05d57e14b7167b090ce99c51e5d2002ff3a5712f	VSCO 1 Percussion/drums/snare/drum3_marching/snare3_rimshot_f_1.wav
100644	blob	4f868a95428c0d554e0fafa245f8ab05c0a73cf9	VSCO 1 Percussion/drums/snare/drum3_marching/snare3_rimshot_ff_1.wav
040000	tree	40311c7eb290920723d8ae9ab1a4f404ea08e2a1	VSCO 1 Percussion/drums/snare/OldSnare
100644	blob	365a9a0e46a2753be2a7d2f829e928e7ff589f0a	VSCO 1 Percussion/drums/snare/OldSnare/snare_f.wav
100644	blob	9c2b1fa85a153ce59db110b4ca38eef27a33af99	VSCO 1 Percussion/drums/snare/OldSnare/snare_f2.wav
100644	blob	5fc285e907fb6172795df4f57c8e12938b69b4d5	VSCO 1 Percussion/drums/snare/OldSnare/snare_f3.wav
100644	blob	4f1ac6ae071654afec73e5237234fd6ec6000d14	VSCO 1 Percussion/drums/snare/OldSnare/snare_ff.wav
100644	blob	72116e0590a317077ddc1271c08e72b1fe1c5b4f	VSCO 1 Percussion/drums/snare/OldSnare/snare_ff2.wav
100644	blob	79ea59e60a52d50fe5f917f20309c3e399edaae5	VSCO 1 Percussion/drums/snare/OldSnare/snare_mf.wav
100644	blob	3c9e37b43390d27340b51cebf169c37eecd9f112	VSCO 1 Percussion/drums/snare/OldSnare/snare_mf2.wav
100644	blob	0cd9b69146a4802b2473228559eefd56e3fcdc30	VSCO 1 Percussion/drums/snare/OldSnare/snare_mf3.wav
100644	blob	bd6d817e98c3c476ae60aeb69bdca43b2b4d58c2	VSCO 1 Percussion/drums/snare/OldSnare/snare_mf4.wav
100644	blob	6f46ff012341f375194f42567bb8d7a1ccbf54a1	VSCO 1 Percussion/drums/snare/OldSnare/snare_p.wav
100644	blob	0950280c13f974637502d3361fc798479e61d70f	VSCO 1 Percussion/drums/snare/OldSnare/snare_p2.wav
100644	blob	481c8a8dc071e1f1b2d1d8b167444493ce6daacd	VSCO 1 Percussion/drums/snare/OldSnare/snare_pp.wav
100644	blob	7ba2e519b0e82274ab08d0c3d552b17ccd33db73	VSCO 1 Percussion/drums/snare/OldSnare/snare_pp2.wav
100644	blob	139628c03b6c1e217af5c8e248da5ce4a37d6494	VSCO 1 Percussion/drums/snare/OldSnare/snare_pp3.wav
100644	blob	672e49676410a6c5c5d6140aeeae1c671302f924	VSCO 1 Percussion/drums/snare/OldSnare/snare_rim.wav
040000	tree	230da087b324c2c1f17bd028ec19c8307b721dab	VSCO 1 Percussion/drums/tenor
040000	tree	769eb1aa5f46e851427927398daccfcf4c619a83	VSCO 1 Percussion/drums/tenor/tenor_higher
100644	blob	d0e56b730e45d872b70b96df66e104004d556c8c	VSCO 1 Percussion/drums/tenor/tenor_higher/tenorH_f_1.wav
100644	blob	d30bd177ce60f47fe7fe4d74078682a231d367f5	VSCO 1 Percussion/drums/tenor/tenor_higher/tenorH_f_2.wav
100644	blob	9a803d3aa216bca2e72d437408f9f91b69fca0a5	VSCO 1 Percussion/drums/tenor/tenor_higher/tenorH_f_3.wav
100644	blob	3a35666b0869717825827bf1c7071b0a924f6ff6	VSCO 1 Percussion/drums/tenor/tenor_higher/tenorH_ff_1.wav
100644	blob	c95af8743fe3b5cbc1fb9ccd2ee1f0d331a15f55	VSCO 1 Percussion/drums/tenor/tenor_higher/tenorH_ff_2.wav
100644	blob	c993a5aace17b94d4ad08c3d8d2a4fe3307644de	VSCO 1 Percussion/drums/tenor/tenor_higher/tenorH_ff_3.wav
100644	blob	8196e4ba883eea09aeb91db08dfea2a5aa742120	VSCO 1 Percussion/drums/tenor/tenor_higher/tenorH_ff_4.wav
100644	blob	7e135ae55fe903bcfc7e261393cf86d62a338183	VSCO 1 Percussion/drums/tenor/tenor_higher/tenorH_ff_5.wav
100644	blob	493ce3e99a8f7bd6d061005d1121d1989d9fbb8b	VSCO 1 Percussion/drums/tenor/tenor_higher/tenorH_ff_6.wav
100644	blob	54b5562401c3030f2c510434cdfb0e99e8ae0fcb	VSCO 1 Percussion/drums/tenor/tenor_higher/tenorH_fff_1.wav
100644	blob	ec8687178845d6048ca2035eca9b02dc318f1b85	VSCO 1 Percussion/drums/tenor/tenor_higher/tenorH_fff_2.wav
100644	blob	f2804270a6001e770941172835486ba12599de1b	VSCO 1 Percussion/drums/tenor/tenor_higher/tenorH_fff_3.wav
100644	blob	f4a3aaacf99fcc0baa724f3d8fd8a2c7941f45ef	VSCO 1 Percussion/drums/tenor/tenor_higher/tenorH_fff_4.wav
100644	blob	58720d192b7505f0933397ffa54f4f503b77b532	VSCO 1 Percussion/drums/tenor/tenor_higher/tenorH_mf_1.wav
100644	blob	f18595d53967878ff75ec2991cc722e374d7bce2	VSCO 1 Percussion/drums/tenor/tenor_higher/tenorH_mf_2.wav
100644	blob	14040c0e86be93fc22c459eaf8bd8a5e71268551	VSCO 1 Percussion/drums/tenor/tenor_higher/tenorH_mf_3.wav
100644	blob	9df60470fc55d5a2149883520d1dff77de60f1d3	VSCO 1 Percussion/drums/tenor/tenor_higher/tenorH_mp_1.wav
100644	blob	a9960d779f895260ab0af2f15ac5366189a31d2e	VSCO 1 Percussion/drums/tenor/tenor_higher/tenorH_mp_2.wav
100644	blob	4093d9f67c65d5b0b32a6a3984c305792ba0d970	VSCO 1 Percussion/drums/tenor/tenor_higher/tenorH_p_1.wav
100644	blob	ac1dcc994535c3cef8607ebe6be5c69330b396ef	VSCO 1 Percussion/drums/tenor/tenor_higher/tenorH_p_2.wav
100644	blob	e34568c534f4c4a063255b22f53852ce9fb4497c	VSCO 1 Percussion/drums/tenor/tenor_higher/tenorH_p_3.wav
100644	blob	1db693cb72ae378bde292baca76522ac24be2397	VSCO 1 Percussion/drums/tenor/tenor_higher/tenorH_pp_1.wav
040000	tree	30485f0e73fcdc07e4a33c1accfe13bf232020dd	VSCO 1 Percussion/drums/tenor/tenor_lower
100644	blob	d01b47f59e05076c1f14e2eb7ce41f59f89db47d	VSCO 1 Percussion/drums/tenor/tenor_lower/tenor_f_1.wav
100644	blob	fdf279b91ea0db0ace28d30883af3302f3c8bd29	VSCO 1 Percussion/drums/tenor/tenor_lower/tenor_f_2.wav
100644	blob	dd279e8e96ff300d5935f44a0c6104ea1e25b02f	VSCO 1 Percussion/drums/tenor/tenor_lower/tenor_ff_1.wav
100644	blob	b1d77aba1810467901943682be404453876c3b30	VSCO 1 Percussion/drums/tenor/tenor_lower/tenor_ff_2.wav
100644	blob	10480fab581e91ff9b059b64789025ea1f860923	VSCO 1 Percussion/drums/tenor/tenor_lower/tenor_ff_3.wav
100644	blob	7c20223229fbfdd7bb4d79e551e04940e4d368a0	VSCO 1 Percussion/drums/tenor/tenor_lower/tenor_fff_1.wav
100644	blob	7531f4d70ad4139879df1e537eee286c6bfde5af	VSCO 1 Percussion/drums/tenor/tenor_lower/tenor_fff_2.wav
100644	blob	fccc9be72918aa8d2bcf091cd7878a2a32cd6110	VSCO 1 Percussion/drums/tenor/tenor_lower/tenor_fff_3.wav
100644	blob	c61c82a4aee8b058b6c84942ab5fb050f01ab381	VSCO 1 Percussion/drums/tenor/tenor_lower/tenor_fff_4.wav
100644	blob	06900e3e84f0f1cbe6965e2e9d9b29c53ab05cf3	VSCO 1 Percussion/drums/tenor/tenor_lower/tenor_mf_1.wav
100644	blob	ac7007e59d43130e5e069cd1265f3a9627c27df5	VSCO 1 Percussion/drums/tenor/tenor_lower/tenor_mf_2.wav
100644	blob	3a45602906b7923cf3fdd083843bcdbf84681007	VSCO 1 Percussion/drums/tenor/tenor_lower/tenor_mf_3.wav
100644	blob	0246a9eaddd5b0d8652eda6b1ee98de96a52ec7a	VSCO 1 Percussion/drums/tenor/tenor_lower/tenor_mf_4.wav
100644	blob	a92f861be85709fb905f3d410a16548fa824cf71	VSCO 1 Percussion/drums/tenor/tenor_lower/tenor_mp_1.wav
100644	blob	074e3da0db060a1608edaa3a47ce41315d16f72f	VSCO 1 Percussion/drums/tenor/tenor_lower/tenor_pp_1.wav
100644	blob	43726844e86754dc0f8a9b00c7b65fd118e8be4e	VSCO 1 Percussion/drums/tenor/tenor_lower/tenor_pp_2.wav
100644	blob	7d3756cb2d804a97beeaf29cc907cdbca726d77f	VSCO 1 Percussion/drums/tenor/tenor_lower/tenor_pp_3.wav
100644	blob	e41ff8a491da41d12a5458adfb88a079518d7f64	VSCO 1 Percussion/drums/tenor/tenor_lower/tenor_pp_4.wav
100644	blob	796489dda373541b8e06c0695a329245dc30a493	VSCO 1 Percussion/drums/tenor/tenor_lower/tenor_ppp_1.wav
040000	tree	193e924a943f25c88d6b939edc8057466df64a99	VSCO 1 Percussion/varMetal
040000	tree	bb0ec3260e11ea7e21f235121e396614de67211d	VSCO 1 Percussion/varMetal/Cymbals
040000	tree	f116fd53c8ee771f457a76f66c1849fd1462bf26	VSCO 1 Percussion/varMetal/Cymbals/clash
100644	blob	b8c5010ad0d7e0196ce935e386867c82d6036314	VSCO 1 Percussion/varMetal/Cymbals/clash/ClashCymbals_VS.rar
100644	blob	9c0d334e7fce7288a3f2082266fee037cb360957	VSCO 1 Percussion/varMetal/Cymbals/clash/crash_hit_ff_loose.wav
100644	blob	4124599388653f003b82e2d421821f6720744815	VSCO 1 Percussion/varMetal/Cymbals/clash/crash_hit_ff_tight.wav
100644	blob	c6a4cb3d709afb00f0a2f0a4ce9b2d1a7e32ed29	VSCO 1 Percussion/varMetal/Cymbals/clash/crash_hit_ff_verytight.wav
100644	blob	3cb6c6588a751fb492f34b74fd63ec0f8f572835	VSCO 1 Percussion/varMetal/Cymbals/clash/crash_hit_fff_loose_2.wav
100644	blob	50474b9598be578569547a0f420a17e62d492255	VSCO 1 Percussion/varMetal/Cymbals/clash/crash_hit_fff_loose.wav
100644	blob	ef9cefff8628215edfcfa63120ae40c3f4f5b27d	VSCO 1 Percussion/varMetal/Cymbals/clash/crash_hit_mp_loose.wav
100644	blob	ffd2f7a42f6fbb19174247d7c051091fbe9409ee	VSCO 1 Percussion/varMetal/Cymbals/clash/crash_hit_pp_loose.wav
040000	tree	f995d32693bfd3e6a46f1b5afe99bd22b439c4ab	VSCO 1 Percussion/varMetal/Cymbals/susp
100644	blob	48fbf461bc674845d919ef7ade11106ab4b75a9d	VSCO 1 Percussion/varMetal/Cymbals/susp/susp_FX_scrape_1.wav
100644	blob	6ab3054e0eb3f054d314f6b5d7f42c7bc811bf42	VSCO 1 Percussion/varMetal/Cymbals/susp/susp_FX_scrape_2.wav
100644	blob	319ad0e416221d86c6c392004af58aa9c4d8f22b	VSCO 1 Percussion/varMetal/Cymbals/susp/susp_FX_scrape_3.wav
100644	blob	a55f876e96157c187e6f5d2ec0ee36f07056e992	VSCO 1 Percussion/varMetal/Cymbals/susp/susp_FX_scrape_continuous.wav
100644	blob	c30706a1e4abb4124aa016c6b82658e5ff346463	VSCO 1 Percussion/varMetal/Cymbals/susp/susp_FX_scrape_rapid.wav
100644	blob	249f4494d3cf63e68bb7895f575ddf0c45b0de5c	VSCO 1 Percussion/varMetal/Cymbals/susp/susp_hit_hardmall_f.wav
100644	blob	04dddd706da53f8f5093f83e8a267fbf473b7f0b	VSCO 1 Percussion/varMetal/Cymbals/susp/susp_hit_hardmall_fff.wav
100644	blob	27bdc2ad8cf4a6e2cc8c1d8821174b8d48cd988a	VSCO 1 Percussion/varMetal/Cymbals/susp/susp_hit_hardmall_mf.wav
100644	blob	e26574aa240b9dea4c9ea94410202468c04f3cfd	VSCO 1 Percussion/varMetal/Cymbals/susp/susp_hit_metal_1.wav
100644	blob	ab220165ad626371e609ca18dead50ca4c74f51e	VSCO 1 Percussion/varMetal/Cymbals/susp/susp_hit_metal_2_f.wav
100644	blob	628291c2686d28e69f81c26d0db8eb94fdd83fe5	VSCO 1 Percussion/varMetal/Cymbals/susp/susp_hit_metal_2_ff_2.wav
100644	blob	9727df8694f83770d3d540053a2eca11bc758006	VSCO 1 Percussion/varMetal/Cymbals/susp/susp_hit_metal_2_ff.wav
100644	blob	c64d3cc575743744f303a58a66989478fb056197	VSCO 1 Percussion/varMetal/Cymbals/susp/susp_hit_metal_2_fff.wav
100644	blob	0080d1fc270b611a6be0dd2cb18898c2a1616f2b	VSCO 1 Percussion/varMetal/Cymbals/susp/susp_hit_metal_2_mf.wav
100644	blob	ffc95b2c8d10c05aa195871131c24c79aa7e3bbb	VSCO 1 Percussion/varMetal/Cymbals/susp/susp_hit_softmall_f.wav
100644	blob	06a7cdcdfc9a6a565f587f697b413a4d1f826ef2	VSCO 1 Percussion/varMetal/Cymbals/susp/susp_hit_softmall_ff.wav
100644	blob	749408b35e4baa25d0be91bd5045284569aa8c35	VSCO 1 Percussion/varMetal/Cymbals/susp/susp_hit_softmall_mp.wav
100644	blob	40cd4622fc2c53e44580e0ee963bb6b719fcc9a3	VSCO 1 Percussion/varMetal/Cymbals/susp/susp_hit_softmall_p.wav
100644	blob	b5ac90297bb2a0c774f23db8e8a3406f4eb77746	VSCO 1 Percussion/varMetal/Cymbals/susp/susp_hit_softmall_roll1.wav
100644	blob	36232dc58de4b92e8399133dc640ada927d4c64b	VSCO 1 Percussion/varMetal/Cymbals/susp/susp_hit_softmall_roll2_cresc.wav
100644	blob	ba570d5741f29763dfc40ccfe725917f3127d017	VSCO 1 Percussion/varMetal/Cymbals/susp/susp_hit_softmall_roll3_ff.wav
100644	blob	38e39d973d0e815ed35b428c5395e472c76d35d9	VSCO 1 Percussion/varMetal/Cymbals/susp/susp_hit_softmall_roll4_fff_long.wav
100644	blob	8e8545b0ef8728268712511deaabc9c4c9d6767f	VSCO 1 Percussion/varMetal/Cymbals/susp/susp_hit_softmall_roll5_long_p.wav
100644	blob	9feaea46a3ff7b0064b24c9172eb1accce04f247	VSCO 1 Percussion/varMetal/Cymbals/susp/susp_hit_woodmall_f.wav
100644	blob	2734d207968824b7c8544c94fa3cf3a9b1c0a131	VSCO 1 Percussion/varMetal/Cymbals/susp/susp_hit_woodmall_mf.wav
100644	blob	b7926d3acaff825c1cf204fb22bb5644e6a19993	VSCO 1 Percussion/varMetal/Cymbals/susp/susp_hit_woodmall_mp.wav
100644	blob	fb1c628b5ddba7b613c1613affeeb0980698813d	VSCO 1 Percussion/varMetal/Cymbals/susp/susp_hit_woodmall_p.wav
100644	blob	1b0dca3c3f5c6b8d7b5edf63b40fcb71dec77d2b	VSCO 1 Percussion/varMetal/Cymbals/susp/susp_hit_woodmall_roll_cresc.wav
100644	blob	187d883a6aeb9d39e02bb6151b4d238a0d143f91	VSCO 1 Percussion/varMetal/Cymbals/susp/susp_hit_woodmall_roll_fx.wav
040000	tree	ccd210e4885a4e9a305f9075a1950aa71a3dd826	VSCO 1 Percussion/varMetal/Gong
040000	tree	d4733565f061870bef9bc0798319fb750ca9d3a0	VSCO 1 Percussion/varMetal/Gong/gong
100644	blob	75eb64ebc43f9c3af626c9ed9771eeca8a40a475	VSCO 1 Percussion/varMetal/Gong/gong_hit_f.wav
100644	blob	714e3faec811f78af8b521a54459514a53c20ed5	VSCO 1 Percussion/varMetal/Gong/gong_hit_ff_hard.wav
100644	blob	4680e4181339821000504e6e450c9736b50ac4e1	VSCO 1 Percussion/varMetal/Gong/gong_hit_ff.wav
100644	blob	c1951f902c6ee437d1851f3612df67f715be188e	VSCO 1 Percussion/varMetal/Gong/gong_hit_fff.wav
100644	blob	a42f6d0b3ee33f45a8ce6bc2d04646e2f29257c8	VSCO 1 Percussion/varMetal/Gong/gong_hit_mf_2.wav
100644	blob	2ca898e26c9809113516384a6b84a9fcd8b0bb6e	VSCO 1 Percussion/varMetal/Gong/gong_hit_mf_3.wav
100644	blob	23ec213c0f17162dab10ce2d51d6d50003ce126e	VSCO 1 Percussion/varMetal/Gong/gong_hit_mf.wav
100644	blob	a4212d338dc2b1dd6247d4e4557f96ccb0aa1548	VSCO 1 Percussion/varMetal/Gong/gong_hit_mp_hard.wav
100644	blob	8473331aaadf3d2c493d464c34bc9e45cf43b45f	VSCO 1 Percussion/varMetal/Gong/gong_hit_mp-mf.wav
100644	blob	ade1283e300881ef6b8e17f39c5460f9796307fd	VSCO 1 Percussion/varMetal/Gong/gong_hit_mp.wav
100644	blob	128a9507131d11b1fe8725f4486239a9ff486c5a	VSCO 1 Percussion/varMetal/Gong/gong_hit_p_2.wav
100644	blob	a201f83d28247c9268eeaee118fa774331376ca4	VSCO 1 Percussion/varMetal/Gong/gong_hit_p_hard.wav
100644	blob	3fc861470a2aa5d3b5644ea9bb87134693607e30	VSCO 1 Percussion/varMetal/Gong/gong_hit_p_hard2.wav
100644	blob	c4d00a19cea93f64606b5e8107907997a16f5e41	VSCO 1 Percussion/varMetal/Gong/gong_hit_p.wav
100644	blob	c67499879c0d94c5f4a0f8c83e7e0abed3ac2c45	VSCO 1 Percussion/varMetal/Gong/gong_hit_pp.wav
100644	blob	0ac0d1402fc03cf69239967479c787825260cd64	VSCO 1 Percussion/varMetal/Gong/gong_hit_ppp.wav
100644	blob	fa0baff4448c89cbb8beab4b29c5be9c2c190e93	VSCO 1 Percussion/varMetal/Gong/gong_hit_pppp.wav
100644	blob	8f132c45aa5b6f06f183d7e0ca4e65686f8c95fc	VSCO 1 Percussion/varMetal/Gong/gong_roll_long_f.wav
100644	blob	08f135232300fc2e008621858ce5c104365a8684	VSCO 1 Percussion/varMetal/Gong/gong_roll_long_ff.wav
100644	blob	d9e931968768d6f12d24099b2f9067bcd4558eb1	VSCO 1 Percussion/varMetal/Gong/gong_roll_medium_f.wav
100644	blob	1eb90890a21865ddb0801dfa34433076a5798a3f	VSCO 1 Percussion/varMetal/Gong/gong_roll_medium_ff.wav
100644	blob	fe81a2938994deede6172eac9dd51f81a7d0a44d	VSCO 1 Percussion/varMetal/Gong/gong_scrape_1.wav
100644	blob	5e6312a32bb7c6dff7e0dba13cad32b5011894bc	VSCO 1 Percussion/varMetal/Gong/gong_scrape_2.wav
100644	blob	24bd9936206f744be118b9525e97bc3a66c4b16e	VSCO 1 Percussion/varMetal/Gong/gong_scrape_3.wav
100644	blob	b0489d2da6dd26fc6937ed959af31d5e6a23d2f0	VSCO 1 Percussion/varMetal/Gong/gong_smack_1.wav
100644	blob	95e91e48e78b7ef4c16804e837be8d78fa438e22	VSCO 1 Percussion/varMetal/Gong/gong_smack_2.wav
100644	blob	4322dd395a38417639b0e3757e45cc6cf548204e	VSCO 1 Percussion/varMetal/Gong/gong_smack_3.wav
100644	blob	cb0ebdbe460052704d386989c5bcb2a140d9ddd6	VSCO 1 Percussion/varMetal/Gong/gong_smack_light1.wav
100644	blob	fe6ded84a2c9903dc2ef5282f6fe0be01049b1d9	VSCO 1 Percussion/varMetal/Gong/gong_smack_low_1.wav
100644	blob	200f03af42e5461dbe9ab3edf0718a81653be71d	VSCO 1 Percussion/varMetal/Gong/Gong.rar
100644	blob	bc8c406642627ce055d5cb32c77996eb2f04ef69	VSCO 1 Percussion/varMetal/Gong/gong/gong.zip
100644	blob	ee666f6c358ca7cb3c20bda8a921572a14b34343	VSCO 1 Percussion/varMetal/Gong/gong/hit_full1.mp3
100644	blob	647b91598559aafb0a3bffd4c59e78415d26cd15	VSCO 1 Percussion/varMetal/Gong/gong/hit_full2_loudest.mp3
100644	blob	6bb544244886d1316d052d43f0030564faf3f769	VSCO 1 Percussion/varMetal/Gong/gong/hit_light1.mp3
100644	blob	2398244ef3023c6b6522b7aa28323e11a32f02fb	VSCO 1 Percussion/varMetal/Gong/gong/hit_light2.mp3
100644	blob	656f84d81db0616b5fc10b9692189291415c6b48	VSCO 1 Percussion/varMetal/Gong/gong/hit_light3.mp3
100644	blob	483bca7f30c24513d3c70386ed8e569cf09875c5	VSCO 1 Percussion/varMetal/Gong/gong/scrape1.mp3
040000	tree	3b9865e311de1c3e2605af4fef8a6eda7101e154	VSCO 1 Percussion/varMetal/triangle
040000	tree	a2b78cdae66b8125e67994b2a781875da15ee654	VSCO 1 Percussion/varMetal/triangle/1
100644	blob	2847ccb461da27068087b940bfc7acd4e14bc3fe	VSCO 1 Percussion/varMetal/triangle/1/triangle1_hit_mf_pt2.wav
100644	blob	90d4f83fae17b01e81cf9949c1ea1068f741f4bb	VSCO 1 Percussion/varMetal/triangle/1/triangle1_hit_mp_muted1.wav
100644	blob	cd949d067e836967a58d1891ebd8e641cf799fce	VSCO 1 Percussion/varMetal/triangle/1/triangle1_hit_mp_muted2.wav
100644	blob	f926a5d1aba43af43966af8e3702e66852efe368	VSCO 1 Percussion/varMetal/triangle/1/triangle1_hit_mp_muted3.wav
100644	blob	bc2cd0817766ec23bd45de652ca8c379f6eb6d5a	VSCO 1 Percussion/varMetal/triangle/1/triangle1_hit_mp_pt3.wav
100644	blob	0b82c9ea92664bcd853bbc891e0f7817fb1a4846	VSCO 1 Percussion/varMetal/triangle/1/triangle1_hit_mp.wav
100644	blob	952634eecf8305e537f856008be7ec3bcb05104f	VSCO 1 Percussion/varMetal/triangle/1/triangle1_hit_pp_muted.wav
100644	blob	5111c6dc9b70603cf944cec8201ef57b97210827	VSCO 1 Percussion/varMetal/triangle/1/triangle1_hit_pp.wav
100644	blob	82e3f37dd8b03858b29d545863b07efca8e00950	VSCO 1 Percussion/varMetal/triangle/1/triangle1_roll.wav
040000	tree	c1d4859b3d1a6804c6387f33cdda1c01adfa4e9a	VSCO 1 Percussion/varMetal/triangle/2
100644	blob	266707915d5cd58ed378cf7d4f1192d66c88f134	VSCO 1 Percussion/varMetal/triangle/2/triangle2_hit_mp_2.wav
100644	blob	44f0a3b7f640812dd2e1c4604ec408a5e5c04025	VSCO 1 Percussion/varMetal/triangle/2/triangle2_hit_mp.wav
100644	blob	a3f6623f12f112b38ecd1e0170a837e8323f5e1b	VSCO 1 Percussion/varMetal/triangle/2/triangle2_hit_p_2.wav
100644	blob	c5e77956fe21e187b6319e5bf9508949ccf65bed	VSCO 1 Percussion/varMetal/triangle/2/triangle2_hit_p.wav
100644	blob	04942836f013bd27858bf30cffe7aca62a7f6320	VSCO 1 Percussion/varMetal/triangle/2/triangle2_roll.wav
040000	tree	ec3803a39114cff7145d3088a93c5376a158e45f	VSCO 1 Percussion/varMetal/triangle/3
100644	blob	53066eb66034e6e8cbac278817a64f3e602fa529	VSCO 1 Percussion/varMetal/triangle/3/triangle3_hit_mf.wav
100644	blob	1449e54b511a8a3afda3b3d2a11901ba4236b7c0	VSCO 1 Percussion/varMetal/triangle/3/triangle3_hit_mp_2.wav
100644	blob	8734e73aee13f38b75ca501fbefac3bc8c91cd44	VSCO 1 Percussion/varMetal/triangle/3/triangle3_hit_mp_pt2.wav
100644	blob	d2a7bcf2a33326b3b791ce2df863a3be30adc52b	VSCO 1 Percussion/varMetal/triangle/3/triangle3_hit_mp_pt3.wav
100644	blob	8949de67cff9ff7628699907746ef86680bb47c5	VSCO 1 Percussion/varMetal/triangle/3/triangle3_hit_mp.wav
100644	blob	c6dd4ed13a9e2e9260776b125ce21a8d7cb66676	VSCO 1 Percussion/varMetal/triangle/3/triangle3_hit_p.wav
100644	blob	09071c9bf270401e613aeceb68f001e270d84cdf	VSCO 1 Percussion/varMetal/triangle/3/triangle3_hit_pp.wav
100644	blob	15b239583316626dff11374240698e8cf11ea21f	VSCO 1 Percussion/varMetal/triangle/3/triangle3_roll.wav
040000	tree	143e164ef6a9833552318f78b92003f61f877f6f	VSCO 1 Percussion/varMetal/triangle/4
100644	blob	7174861c70aceb111728c6ed1c3e67939c5f817f	VSCO 1 Percussion/varMetal/triangle/4/triangle4_hit_mf.wav
100644	blob	09ac8a0ebd04afa76addf7be35c941cd44c0c439	VSCO 1 Percussion/varMetal/triangle/4/triangle4_hit_mp_2.wav
100644	blob	b6477b52ae4495009f23216a9fa327dda2977a8f	VSCO 1 Percussion/varMetal/triangle/4/triangle4_hit_mp.wav
100644	blob	2aed2dfc3996981889e7bf094ad78dfdfee40797	VSCO 1 Percussion/varMetal/triangle/4/triangle4_roll1.wav
040000	tree	f332291f7e06b611c2396c03516f676596766ddc	VSCO 1 Percussion/varMetal/various
100644	blob	96d37c9174e8f24f071a0301e9758d35eac6f8b5	VSCO 1 Percussion/varMetal/various/agogoBell_f_1.wav
100644	blob	70325decce610f5741160a7ca8cfdb84ad481722	VSCO 1 Percussion/varMetal/various/agogoBell_mf1.wav
100644	blob	bcb3f154b4a2cb98efad2f6816dd994eaf2c42ee	VSCO 1 Percussion/varMetal/various/agogoBell2_mf_1.wav
100644	blob	4741787686bc82f26aca750f0fa5b4dd472d8f3a	VSCO 1 Percussion/varMetal/various/agogoBell2_mp_1.wav
100644	blob	b23e7c667212839a80f82bd55d0cbbf400754e36	VSCO 1 Percussion/varMetal/various/agogoBell2_mp_2.wav
100644	blob	30b36f878941a52bf9b1c550d8e8a36bff4ec64d	VSCO 1 Percussion/varMetal/various/agogoBell3_f_1.wav
100644	blob	fa1488a07a951c17acb74ee7d64a101f676da5fd	VSCO 1 Percussion/varMetal/various/agogoBell3_f_2.wav
100644	blob	ce15bb3de995ea053b0e3d57043473c1335a002a	VSCO 1 Percussion/varMetal/various/agogoBell3_ff_1.wav
100644	blob	40a77f32b9bf23c43ebc9d25b827fc66db698b77	VSCO 1 Percussion/varMetal/various/agogoBell3_ff_2.wav
100644	blob	5888c2bb2a8c5b629487cfc26cfe822d694049f2	VSCO 1 Percussion/varMetal/various/agogoBell3_ff_3.wav
100644	blob	364688683ed08afbadec2c5552bfc392023ab981	VSCO 1 Percussion/varMetal/various/bell_tree_metalscrape1.wav
100644	blob	029aff9f75500fd9d7c2576d780ead13f8edeea9	VSCO 1 Percussion/varMetal/various/bell_tree_scrape1.wav
100644	blob	f0913dda6431be6ea883887948555b271e53069f	VSCO 1 Percussion/varMetal/various/bell_tree_scrape2.wav
100644	blob	da80670874a97462ddf5b2eaa63bd1390a21bbd7	VSCO 1 Percussion/varMetal/various/bell_tree_scrape3.wav
100644	blob	4afa51ad71c5ed0798786a95e4aae69b27e4a42c	VSCO 1 Percussion/varMetal/various/bell_tree_woodscrape1.wav
100644	blob	cfad0de965796589c1085c958ce2033af0a6ba07	VSCO 1 Percussion/varMetal/various/brake_fff_2.wav
100644	blob	f22d0e67b3523bb531775c850dae92a9a827f633	VSCO 1 Percussion/varMetal/various/brake_fff.wav
100644	blob	f16c7dfeb049f9a7b3c86a51761d81dc68f85b3b	VSCO 1 Percussion/varMetal/various/brake_mf_1.wav
100644	blob	56287c68f277841e40bdce8727f823cf4bd049ca	VSCO 1 Percussion/varMetal/various/brake_mp.wav
100644	blob	66cab93114d2d25933841de9aa25fe4d139ec9b7	VSCO 1 Percussion/varMetal/various/cabasa_1.wav
100644	blob	e7ee721229e6d5e93dd643b2b04a9103e862b1b0	VSCO 1 Percussion/varMetal/various/cabasa_2.wav
100644	blob	88a35a43a63f8fd473f4e9b99191e243e02ad837	VSCO 1 Percussion/varMetal/various/cabasa_3.wav
100644	blob	08cc320e5149c56ab4d81df4a4ead78009532a41	VSCO 1 Percussion/varMetal/various/cabasa_4.wav
100644	blob	6c6e01f8e639771bddd586da901e5247d9bb3ca4	VSCO 1 Percussion/varMetal/various/cabasa_5.wav
100644	blob	ef4a53dc0237302e12e3a43208f94c6939364367	VSCO 1 Percussion/varMetal/various/cabasa_6.wav
100644	blob	8d21533166cf15a9f5a174eb1f2d144275934cac	VSCO 1 Percussion/varMetal/various/cabasa_roll1.wav
100644	blob	08843efc8b9b8dfe4e799676f1cb515bd2599df7	VSCO 1 Percussion/varMetal/various/cabasa_roll2.wav
100644	blob	21c4ab2f1cbac6c341a758731a3d901822bde30d	VSCO 1 Percussion/varMetal/various/cowbell_ff_1.wav
100644	blob	16a92c03346910c48aebd1aaf091bf02df69e141	VSCO 1 Percussion/varMetal/various/cowbell_ff_2.wav
100644	blob	873ea08ffa158a03bc59a27063ed4a5b1c4e916f	VSCO 1 Percussion/varMetal/various/cowbell_fff_1.wav
100644	blob	ab98512703d952c967aac4d3673ebe31fc9ca51f	VSCO 1 Percussion/varMetal/various/cowbell_fff_2.wav
100644	blob	9b3ced8fc2851e680c000dda1ff7d370d3d792fc	VSCO 1 Percussion/varMetal/various/cowbell_mf_1.wav
100644	blob	f605746634c4cc47dbb4a96ad9d0dda0df810709	VSCO 1 Percussion/varMetal/various/cowbell_mf_2.wav
100644	blob	bec68309c0e1fba1ebd94a690a55643d072fe15a	VSCO 1 Percussion/varMetal/various/Fing_Cymb.wav
100644	blob	e0a43d12067f3712acdf44349ac131d3580aa3dd	VSCO 1 Percussion/varMetal/various/flexatone_extralong.wav
100644	blob	838b69ae59ad19ad410c6f624243489f047848c3	VSCO 1 Percussion/varMetal/various/flexatone_fast.wav
100644	blob	bfd11e5a66c6e4583a09f338a835533a5cd89d00	VSCO 1 Percussion/varMetal/various/flexatone_long.wav
100644	blob	a18c8b8c8a6d16242cc646ec52468a2dfa66390b	VSCO 1 Percussion/varMetal/various/flexatone_long2.wav
100644	blob	1391031b5c1642407ea2af69b54a03bbf24e3221	VSCO 1 Percussion/varMetal/various/flexatone_slap1.wav
100644	blob	6f3352f3d47493b5968c94c525ff61e6fffdd4ef	VSCO 1 Percussion/varMetal/various/flexatone_slap2.wav
100644	blob	ec96290fd7755c62ddf431bba3b4fc8933b9c488	VSCO 1 Percussion/varMetal/various/flexatone1.wav
100644	blob	e42b7ad3a08c195e4cf72f030892399634b26b4d	VSCO 1 Percussion/varMetal/various/flexatone2.wav
100644	blob	9f9a95241d9bcf4605282424a382e1dabe580037	VSCO 1 Percussion/varMetal/various/sleighbell1_hit_1.wav
100644	blob	c51d1020b78755c3a95989d4bdee05c543b62831	VSCO 1 Percussion/varMetal/various/sleighbell1_hit_2.wav
100644	blob	48041590bb893940c395e5a9f71574869399b2e4	VSCO 1 Percussion/varMetal/various/sleighbell1_hit_3.wav
100644	blob	3e0510a1b00cd74d7ffca86a87ee470b1fb2bbed	VSCO 1 Percussion/varMetal/various/sleighbell1_hit_loud_1.wav
100644	blob	1724e691b8c20ca6146a02d3cebddbc2425ca3fa	VSCO 1 Percussion/varMetal/various/sleighbell1_hit_loud_2.wav
100644	blob	fbf588146015223e84a30bc007b4080ea448aa97	VSCO 1 Percussion/varMetal/various/sleighbell1_hit_quiet.wav
100644	blob	34a694881d58b698fc0effb4ec2f05bf4f084437	VSCO 1 Percussion/varMetal/various/sleighbell1_shake1.wav
100644	blob	253c6fa4f5863edd6673fc79c73b0573799acae2	VSCO 1 Percussion/varMetal/various/sleighbell2_hit_1.wav
100644	blob	da372a04424604890a14f80cee9ffb5dbfbd5b02	VSCO 1 Percussion/varMetal/various/sleighbell2_hit_2.wav
100644	blob	3aa8b96b695e36088a404f0539d2b14a93ea593a	VSCO 1 Percussion/varMetal/various/sleighbell2_hit_loud.wav
100644	blob	fafd23c96d54a2ec656af903b335587ed63bc20a	VSCO 1 Percussion/varMetal/various/sleighbell2_shake1.wav
100644	blob	533e1190e7c217b91a58cd0d88e1fc3ed91699c8	VSCO 1 Percussion/varMetal/various/windchimes_asc1.wav
100644	blob	ea9425b0ef11467a5c148e2ead235a823b972bf8	VSCO 1 Percussion/varMetal/various/windchimes_desc1.wav
100644	blob	26a57beb9b7ae9450e93c4ab6e3a34055c1dffc9	VSCO 1 Percussion/varMetal/various/windchimes_fastAsc1.wav
100644	blob	397e824bb2662933e7d477b54332562b50ff6383	VSCO 1 Percussion/varMetal/various/windchimes_random.wav
100644	blob	aefe9f6b7fa1207b9cba5d893257754762818654	VSCO 1 Percussion/varMetal/various/windchimes_slowAsc1.wav
100644	blob	c7571b32693b685762ee2d100eab0c5bfbf33552	VSCO 1 Percussion/varMetal/various/windchimes_slowDesc1.wav
040000	tree	d9e71fc5034c35df97b037a44421c82d83ba86ab	VSCO 1 Percussion/varWood
040000	tree	0db3a387b4d03d4a9f220b06235daabe91d40a35	VSCO 1 Percussion/varWood/Camo's Shaker
100644	blob	225b49db7d0ade84173cca842fdc90220663a8d9	VSCO 1 Percussion/varWood/Camo's Shaker/shake1.wav
100644	blob	2aec3707990bb742c0f98377abc07468d192fa67	VSCO 1 Percussion/varWood/Camo's Shaker/shake2.wav
100644	blob	b1cd372f9dd44263d173d7efecdfa5e242c4c69e	VSCO 1 Percussion/varWood/Camo's Shaker/shake3.wav
100644	blob	62fc12f841e5843113f6af65c794ed8b67750128	VSCO 1 Percussion/varWood/Camo's Shaker/shake4.wav
100644	blob	bce075db09cbcb0c3ac32866ec6298d617977e0c	VSCO 1 Percussion/varWood/Camo's Shaker/shake5.wav
100644	blob	c54afd4bda234560295d657b8eb5041db8432564	VSCO 1 Percussion/varWood/Camo's Shaker/shake6.wav
100644	blob	d22d4b8ed59460cd46f205694244d843bddc812a	VSCO 1 Percussion/varWood/Camo's Shaker/shake7.wav
100644	blob	90a4e3a600f698daef0854c608caaa8526fadcd0	VSCO 1 Percussion/varWood/Camo's Shaker/shake8.wav
100644	blob	e33cf32f2b69fd348ffbc6c2dcdb4b606dde8d9d	VSCO 1 Percussion/varWood/claves_ff.wav
100644	blob	2f7487291a0237f872291f0755f5a62a69dcc007	VSCO 1 Percussion/varWood/claves_mf_2.wav
100644	blob	f48e7233df4881c8b28c1b83f86d39646377c428	VSCO 1 Percussion/varWood/claves_mf_3.wav
100644	blob	2a63979d566d11ed52337bb7e28e76880a2a6fa5	VSCO 1 Percussion/varWood/claves_mf.wav
100644	blob	62b8a8dec145c57dd43a8a5c6d96ba0d7cf2fd59	VSCO 1 Percussion/varWood/claves_mp.wav
100644	blob	63f9c85195facb28439f73ab634a6cc4794c79ad	VSCO 1 Percussion/varWood/claves_pp1.wav
100644	blob	23c170fcd35bbc1b7f78fabbc4428f9ff5ca909e	VSCO 1 Percussion/varWood/guiro_long.wav
100644	blob	cec1e76a41018760e8d9ba5839feef4eb409d1cd	VSCO 1 Percussion/varWood/guiro_long2.wav
100644	blob	82a52bc261a2f8eeb10cf6cb0a206f3967dc6ca4	VSCO 1 Percussion/varWood/guiro_short.wav
100644	blob	e1640ee2354d4f03c901b51736a25e63afe8d327	VSCO 1 Percussion/varWood/guiro_short2.wav
100644	blob	65803672994d542d299b1f4fa945802fe6e0d787	VSCO 1 Percussion/varWood/guiro_short3.wav
100644	blob	8250a60add8d0cb787964a0df3527998532b87cc	VSCO 1 Percussion/varWood/guiro_short4.wav
100644	blob	ae31ec168f1a33eebb0a2eb757eee2ea56229c49	VSCO 1 Percussion/varWood/guiro_short5.wav
100644	blob	8be7aa035231c4eb65c2ef58e3a1278719b004c9	VSCO 1 Percussion/varWood/guiro_superlong.wav
100644	blob	b535fd8787e97d9a627e91889d97165193fd00bd	VSCO 1 Percussion/varWood/gurio_long4.wav
040000	tree	c839b16d43d2ca1cf01c6a9ee1aad39816f0aa60	VSCO 1 Percussion/varWood/log_drum
100644	blob	a0bff78fd0e8b06f1633e93c592c01e509e4d6b2	VSCO 1 Percussion/varWood/log_drum/slitdrum0_ff_1.wav
100644	blob	13e06da67a0af77349b060773eac232bc9f646dc	VSCO 1 Percussion/varWood/log_drum/slitdrum0_ff_2.wav
100644	blob	da5b2f85500cf9dd0ad269b6645d141f37381a57	VSCO 1 Percussion/varWood/log_drum/slitdrum0_ff_3.wav
100644	blob	ef6fa1c89bc526b53e09f60abc4cfcd05b99550c	VSCO 1 Percussion/varWood/log_drum/slitdrum0_ff_4.wav
100644	blob	dcabd63dc8fa0246c99ec8eb92f46e5be5e95f0f	VSCO 1 Percussion/varWood/log_drum/slitdrum0_mp_1.wav
100644	blob	113e3fb51f74d23b990ab4dcff8590fb2ea400c0	VSCO 1 Percussion/varWood/log_drum/slitdrum0_mp_2.wav
100644	blob	5f61238b5ac1f6877adaf922ed679c64df546b17	VSCO 1 Percussion/varWood/log_drum/slitdrum0_mp_3.wav
100644	blob	904a3a2981dfa9be5145613771d78903da92a9df	VSCO 1 Percussion/varWood/log_drum/slitdrum0_ppp_1.wav
100644	blob	02057a86a47816096db6a79b43b59b95b6ad617f	VSCO 1 Percussion/varWood/log_drum/slitdrum0_ppp_2.wav
100644	blob	100f0e9c50e870c9fde00b78657de99051ac60cf	VSCO 1 Percussion/varWood/log_drum/slitdrum0_ppp_3.wav
100644	blob	bc85a32609525fbf07f4680b4551da6c72bb0cd1	VSCO 1 Percussion/varWood/log_drum/slitdrum0_ppp_4.wav
100644	blob	bc8204c1b722e194ed3e10d9204631a48380266c	VSCO 1 Percussion/varWood/log_drum/slitdrum1_ff_1.wav
100644	blob	14b3f6e0635e76455bfcd61530c1846ad093117c	VSCO 1 Percussion/varWood/log_drum/slitdrum1_ff_2.wav
100644	blob	66fe6dac019935d2c5a03f277912a6781a5e8aa5	VSCO 1 Percussion/varWood/log_drum/slitdrum1_ff_3.wav
100644	blob	605402e114d905fd288b849e4c631911adf64b37	VSCO 1 Percussion/varWood/log_drum/slitdrum1_ff_4.wav
100644	blob	6d16bdff0cd243ba99a2a3be13ed7509493ec549	VSCO 1 Percussion/varWood/log_drum/slitdrum1_mp_1.wav
100644	blob	72b6e6012a68b8c954267255eee6fb1417e39298	VSCO 1 Percussion/varWood/log_drum/slitdrum1_mp_2.wav
100644	blob	e9e9f58019918251bafa2945e0bc3c4bc1382880	VSCO 1 Percussion/varWood/log_drum/slitdrum1_mp_3.wav
100644	blob	94f16b5b2f49081ff8180d9cf3d901bfdceba34e	VSCO 1 Percussion/varWood/log_drum/slitdrum1_mp_4.wav
100644	blob	4cb77329b52032e7040617f1f9c3c33d53051a3f	VSCO 1 Percussion/varWood/log_drum/slitdrum1_ppp_1.wav
100644	blob	16e1d56e42ea2aae344ce966fe36cfc57fe5a6fe	VSCO 1 Percussion/varWood/log_drum/slitdrum1_ppp_2.wav
100644	blob	e7b359560d54f13dfbcb3da04196a232d38228ac	VSCO 1 Percussion/varWood/log_drum/slitdrum1_ppp_3.wav
100644	blob	9fbdbeb0ce8643d7ccbf42458cea1769193dd0f4	VSCO 1 Percussion/varWood/log_drum/slitdrum1_ppp_4.wav
100644	blob	c6bbd0e58c4d409c83fd7d2cc34a551ca85071cb	VSCO 1 Percussion/varWood/log_drum/slitdrum2_ff_1.wav
100644	blob	d64963d77a29b6f7fee0f56d2b941d8285823307	VSCO 1 Percussion/varWood/log_drum/slitdrum2_ff_2.wav
100644	blob	cd2085a4823c5b41ed3467c8c034e068fde12636	VSCO 1 Percussion/varWood/log_drum/slitdrum2_ff_3.wav
100644	blob	a58b35eb06cfad96a7d25d15514eb7ae0ec90380	VSCO 1 Percussion/varWood/log_drum/slitdrum2_ff_4.wav
100644	blob	0db17a49371382f578f2aa435bb89c455a897824	VSCO 1 Percussion/varWood/log_drum/slitdrum2_mp_1.wav
100644	blob	7a80f4d7d921906c6029a9c280ae7d81041a3f4a	VSCO 1 Percussion/varWood/log_drum/slitdrum2_mp_2.wav
100644	blob	3559d89f8866473ca35954eae87061c43d777e1f	VSCO 1 Percussion/varWood/log_drum/slitdrum2_mp_3.wav
100644	blob	08d53ad9160d30ca3b1b81605e5c119aafcdacc1	VSCO 1 Percussion/varWood/log_drum/slitdrum2_mp_4.wav
100644	blob	19b49c4f8b1c231e829a18912cabda23fd6838c7	VSCO 1 Percussion/varWood/log_drum/slitdrum2_ppp_1.wav
100644	blob	034430ed57704d08d7203024720031e82d2c45ce	VSCO 1 Percussion/varWood/log_drum/slitdrum2_ppp_2.wav
100644	blob	980a51d491770afc8b98266bba4ce806bd9d2ff8	VSCO 1 Percussion/varWood/log_drum/slitdrum2_ppp_3.wav
100644	blob	1290ef52ab170f2209721365ccd0b5c6d6fe0edc	VSCO 1 Percussion/varWood/log_drum/slitdrum2_ppp_4.wav
100644	blob	facf8ea444b712e81f9f88cf14ab7f0149e7625b	VSCO 1 Percussion/varWood/log_drum/slitdrum3_ff_1.wav
100644	blob	e7fa391320ace1bd27565a93080a94f48923eca8	VSCO 1 Percussion/varWood/log_drum/slitdrum3_ff_2.wav
100644	blob	bf7be0e9ecd02d3720953a65e06846758837903d	VSCO 1 Percussion/varWood/log_drum/slitdrum3_ff_3.wav
100644	blob	24da38856e70e77e86567440508006f2022a40dc	VSCO 1 Percussion/varWood/log_drum/slitdrum3_ff_4.wav
100644	blob	b137394ec415ee0668a689904faaf9e9d011698c	VSCO 1 Percussion/varWood/log_drum/slitdrum3_mp_1.wav
100644	blob	bde93503b25c68c94183026024e5bcbdebf2f302	VSCO 1 Percussion/varWood/log_drum/slitdrum3_mp_2.wav
100644	blob	15a8b03f545d9d6dd1e0136749e96eb64da5314e	VSCO 1 Percussion/varWood/log_drum/slitdrum3_mp_3.wav
100644	blob	1111a2df1a6807189c8f585afae18555acfb7510	VSCO 1 Percussion/varWood/log_drum/slitdrum3_mp_4.wav
100644	blob	c399b4cef44ed60f1e4882754e1ef465260628ca	VSCO 1 Percussion/varWood/log_drum/slitdrum3_p_1.wav
100644	blob	560f0ed17b05bfcde54203ee13b155f7a630a166	VSCO 1 Percussion/varWood/log_drum/slitdrum3_p_2.wav
100644	blob	b37198bad812c264a1f540f3c222462a3e5d81b9	VSCO 1 Percussion/varWood/log_drum/slitdrum3_p_3.wav
100644	blob	8b3b75e1fa42acdef43f4e7e358a1e080e54e5a4	VSCO 1 Percussion/varWood/log_drum/slitdrum3_p_4.wav
100644	blob	784e8ca756becfb8e3b7ae238106fb6c2e23dbfa	VSCO 1 Percussion/varWood/maraca_shake.wav
100644	blob	12fe1626f860c633720b7d59c09e7337e07a5a85	VSCO 1 Percussion/varWood/maraca1.wav
100644	blob	5935b7afc88543c14eccd867c58094ef206a0457	VSCO 1 Percussion/varWood/maraca2.wav
100644	blob	1d21102987a43b086d90b4ba968053d390647b71	VSCO 1 Percussion/varWood/maraca3.wav
100644	blob	51e9d7f548cc7aa31bb0d1436d2277b50e92477a	VSCO 1 Percussion/varWood/maraca4.wav
100644	blob	dbcc7d2c1a27bb22a2cf2eeb732e8efc3c2ec3bb	VSCO 1 Percussion/varWood/maraca5.wav
100644	blob	500dfbaa7ccf0171f1e3dc3546250b035a33b17f	VSCO 1 Percussion/varWood/ratchet1.wav
100644	blob	6126eea256abdaf9dadd19a335fdf0ef5628bd7b	VSCO 1 Percussion/varWood/ratchet2.wav
100644	blob	4ce83c71c81e10046bf2ca00154c38f613749c58	VSCO 1 Percussion/varWood/slapstick_quiet1.wav
100644	blob	b3720dedf715e89e5c338b00c44e495936f4b476	VSCO 1 Percussion/varWood/slapstick_quiet2.wav
100644	blob	24e6c87a2b716787df43910a42a1dfa05d4d6df7	VSCO 1 Percussion/varWood/Slapstick.zip
100644	blob	bf2e9183f32a0f422ef48d7adc88a8916ea29f94	VSCO 1 Percussion/varWood/slapstick1.wav
100644	blob	062bd5ceb829abd2738f09b14594a98c8d05b5de	VSCO 1 Percussion/varWood/slapstick2.wav
100644	blob	115831a85bc1b2856cb1ac55f0727917df83641d	VSCO 1 Percussion/varWood/slapstick3.wav
100644	blob	d146cdc874c8b4e260b4039ed819ea7704803eca	VSCO 1 Percussion/varWood/tambourine_down_2.wav
100644	blob	736a7d64a6480fd48b1bfb1fcfcde97394362e32	VSCO 1 Percussion/varWood/tambourine_down_3.wav
100644	blob	1adb2ce6eb03e1d15199824781964bb739cadeec	VSCO 1 Percussion/varWood/tambourine_down_4.wav
100644	blob	ed65f0e0581bc7520e069c885ee602611b5c9af8	VSCO 1 Percussion/varWood/tambourine_down_6.wav
100644	blob	6501edd139f933d4c1a6609bbf6e745770d0ad0c	VSCO 1 Percussion/varWood/tambourine_down_7.wav
100644	blob	9a979cccc84ba7c6eb4c423bf68704f3c4c4bcb2	VSCO 1 Percussion/varWood/tambourine_down_8.wav
100644	blob	4c08e52bb7d88e0d6bb10156fd3e016b35f6d0c0	VSCO 1 Percussion/varWood/tambourine_Down.wav
100644	blob	8b9cab535a7782f1d5895638988809e5b158d135	VSCO 1 Percussion/varWood/tambourine_shake.wav
100644	blob	629db9d2f28bbbc1c77eead16985620d886e4543	VSCO 1 Percussion/varWood/tambourine_up_2.wav
100644	blob	98f8221043cea3728c9f9b27bdc551d4ac61de81	VSCO 1 Percussion/varWood/tambourine_up_3.wav
100644	blob	c25e104e2ad867a34d6ecad425945f448c39353f	VSCO 1 Percussion/varWood/tambourine_up_4.wav
100644	blob	859be480d86dd114e6c447790bbf6ab8ca8d98bc	VSCO 1 Percussion/varWood/tambourine_up_6.wav
100644	blob	dea5f58bef70b5922bdfbb8e5d4d2c69504a52d2	VSCO 1 Percussion/varWood/tambourine_up_7.wav
100644	blob	c9d58d8a910c6f27ed80d290e947e8f8869be22d	VSCO 1 Percussion/varWood/tambourine_up_8.wav
100644	blob	7c291b9d1a3b4452b6aae3e0ed4ca406ee8b0449	VSCO 1 Percussion/varWood/tambourine_up.wav
100644	blob	7c5dfa87695a8c2cfe851682e425f0e3dd8255d5	VSCO 1 Percussion/varWood/vibraslap1.wav
100644	blob	57ba3c8a75f5825428a99288f81de8197d1740f8	VSCO 1 Percussion/varWood/vibraslap2.wav
100644	blob	867553920114a1d397ceac16d5c8f6a4edefe57f	VSCO 1 Percussion/varWood/vibraslap3.wav
100644	blob	57806b565aab610ab272650ff60750fecea53f2c	VSCO 1 Percussion/varWood/vibraslap4.wav
100644	blob	ee846604e1c6850582d6aad3d4cd9983e1c73d49	VSCO 1 Percussion/varWood/wood_click_f.wav
100644	blob	25739527f54e1a2f1bea670cdf3eece04f414946	VSCO 1 Percussion/varWood/wood_click_f2.wav
100644	blob	443e60a1b78d4fbad34448723ea9e3f2c45646c2	VSCO 1 Percussion/varWood/wood_click_ff_2.wav
100644	blob	f625cb9b072b8a88ad588f8c125654f31e8c36cb	VSCO 1 Percussion/varWood/wood_click_mp.wav
100644	blob	74858894be5bbdd0da1c4a8c46ad234ed8e9b95f	VSCO 1 Percussion/varWood/wood_click_pp_1.wav
100644	blob	27f32555c46d4311f20e37c71a50e6fbb1adbfa9	VSCO 1 Percussion/varWood/wood_click_pp_2.wav
100644	blob	63e544917f0dd25f9bd70314f57750243d506303	VSCO 1 Percussion/varWood/wood_click_pp_3.wav
100644	blob	f9c0fae178baa8d10863e8b3fcca8d27297d92e6	VSCO 1 Percussion/varWood/wood_click2_mp.wav
100644	blob	79a388f22dc8241f6e9e0c98937a83bfa1f80658	VSCO 1 Percussion/varWood/wood_click3_loud.wav
100644	blob	0df4f555f624d91e5fb6841af9e72123ab859218	VSCO 1 Percussion/varWood/wood_click3.wav
040000	tree	c63d11e0aed43757d1795319f6166bc2b9735f14	Woodwinds
040000	tree	bae9b7f8becbb4a3164b35551bbf0f17e238dde3	Woodwinds/Bassoon
040000	tree	c77daaf641dcd91a00c573d0b136b2ae2f5f5441	Woodwinds/Bassoon/stac
100644	blob	ce2bc4094565345f44b5cf850b9e57026d58c6c4	Woodwinds/Bassoon/stac/PSBassoon_A#0_v2_rr1.wav
100644	blob	720a5c636ef8be4bd0929b33273e2bc1a7bf1b49	Woodwinds/Bassoon/stac/PSBassoon_A#0_v2_rr2.wav
100644	blob	cd178513ae9774f303d9436a0335d7f66ae5e4f5	Woodwinds/Bassoon/stac/PSBassoon_A1_v1_rr1.wav
100644	blob	22cbef86155cfc3a2ccc4a0ac85c6928361d33c1	Woodwinds/Bassoon/stac/PSBassoon_A1_v1_rr2.wav
100644	blob	37450504ae6befd51050d5cd96f800d57de44674	Woodwinds/Bassoon/stac/PSBassoon_A1_v2_rr1.wav
100644	blob	5a55df6e1acd17fbbc17a7c74b97db769dcf4107	Woodwinds/Bassoon/stac/PSBassoon_A1_v2_rr2.wav
100644	blob	d45730d343860402cc4e32d7edb9eda1cfd41f0b	Woodwinds/Bassoon/stac/PSBassoon_A2_v1_rr1.wav
100644	blob	6e97c6292ae8ad07d824577b571c4454f2503e2f	Woodwinds/Bassoon/stac/PSBassoon_A2_v1_rr2.wav
100644	blob	d445fde73e3a391d86e28f8eb63fcb91754ebe79	Woodwinds/Bassoon/stac/PSBassoon_A2_v2_rr1.wav
100644	blob	1fd0821a3dbd67b72987eac167eca3570f0fd301	Woodwinds/Bassoon/stac/PSBassoon_A2_v2_rr2.wav
100644	blob	b79049b29c83c481c5000af8103d506cb42dd32b	Woodwinds/Bassoon/stac/PSBassoon_C2_v1_rr1.wav
100644	blob	49dc81c8573368743c4b66647d43b90053e9e04d	Woodwinds/Bassoon/stac/PSBassoon_C2_v1_rr2.wav
100644	blob	09c3c9fc98e243d444e282a7db4fcfc9c600ba33	Woodwinds/Bassoon/stac/PSBassoon_C2_v2_rr1.wav
100644	blob	6e99494f058964f7fb2242adfa61f5f8b33b515f	Woodwinds/Bassoon/stac/PSBassoon_C2_v2_rr2.wav
100644	blob	d2c2b2d05947226c4b77bb48af6cc3ce33602a24	Woodwinds/Bassoon/stac/PSBassoon_C3_v1_rr1.wav
100644	blob	6c3cc54c5de792097a5d1756a067b8e5489f7a13	Woodwinds/Bassoon/stac/PSBassoon_C3_v1_rr2.wav
100644	blob	3b45a2db7642213a94f9082ec5869c1e626f2328	Woodwinds/Bassoon/stac/PSBassoon_C3_v2_rr1.wav
100644	blob	a5458c14b2a0f0d230264d657b1da04b284c7b68	Woodwinds/Bassoon/stac/PSBassoon_C3_v2_rr2.wav
100644	blob	672f772dae0e8f846309d4ffe3bc2940d65362c9	Woodwinds/Bassoon/stac/PSBassoon_C4_v1_rr1.wav
100644	blob	a5b53cc0ccfa11a5bb4a763a37e6374c37a043f9	Woodwinds/Bassoon/stac/PSBassoon_C4_v1_rr2.wav
100644	blob	43e21c5ea380df6a4a5da45e4976fc8573f3f828	Woodwinds/Bassoon/stac/PSBassoon_C4_v2_rr1.wav
100644	blob	0a82462a15b8856418e92250d08339a7961ba980	Woodwinds/Bassoon/stac/PSBassoon_C4_v2_rr2.wav
100644	blob	93dfa97f79e0057c227723ffd7642386070ea7e8	Woodwinds/Bassoon/stac/PSBassoon_D#2_v2_rr1.wav
100644	blob	bf8fe365924d2cca9f3dd5d970c00c98c7225884	Woodwinds/Bassoon/stac/PSBassoon_D#2_v2_rr2.wav
100644	blob	edaa84851385133fcfff9f5c3d34d254d4254b58	Woodwinds/Bassoon/stac/PSBassoon_D1_v2_rr1.wav
100644	blob	428ab847a9ae70c1595a83f91063d66478187316	Woodwinds/Bassoon/stac/PSBassoon_D1_v2_rr2.wav
100644	blob	5a54606185a6f609b755606f19bdf5d85519bea7	Woodwinds/Bassoon/stac/PSBassoon_E2_v1_rr1.wav
100644	blob	31163aaed492a2ba4dd61d378ff27f76850a998e	Woodwinds/Bassoon/stac/PSBassoon_E2_v1_rr2.wav
100644	blob	cd2fbaee22fc1b7f4564a6362163cadee36dd4fb	Woodwinds/Bassoon/stac/PSBassoon_E2_v2_rr1.wav
100644	blob	02536f5989e5c71b190f001a0b0cfa3ef511e723	Woodwinds/Bassoon/stac/PSBassoon_E2_v2_rr2.wav
100644	blob	cf0656d519a542051f1e831ae0945ba8d25b4fb9	Woodwinds/Bassoon/stac/PSBassoon_E3_v1_rr1.wav
100644	blob	a5e302a1facb78a5353001c5ea033a6a8f738229	Woodwinds/Bassoon/stac/PSBassoon_E3_v1_rr2.wav
100644	blob	074cd8414e2c0fa7d55176d2ac3cc2fb5c8552e5	Woodwinds/Bassoon/stac/PSBassoon_E3_v2_rr1.wav
100644	blob	eccb61086fa0f4b5e4d61a0f2aef5a5f1bfd5a6c	Woodwinds/Bassoon/stac/PSBassoon_E3_v2_rr2.wav
100644	blob	538154e1284a919b92d040da9903f464bc65a82f	Woodwinds/Bassoon/stac/PSBassoon_F1_v1_rr1.wav
100644	blob	080ccf5bb02b67b5469740d216d4bfc93be8824c	Woodwinds/Bassoon/stac/PSBassoon_F1_v1_rr2.wav
100644	blob	5c48832f84e3a49419ab17814f0caf276030725f	Woodwinds/Bassoon/stac/PSBassoon_F1_v2_rr1.wav
100644	blob	6a672091b73d543124f48c782749fbda6f0d8872	Woodwinds/Bassoon/stac/PSBassoon_F1_v2_rr2.wav
100644	blob	4cabb830d1d6595fd57f88c214cb19fa061215d3	Woodwinds/Bassoon/stac/PSBassoon_G2_v1_rr1.wav
100644	blob	4ff26462048d34fffc00bb77a6bec6e4b1df6085	Woodwinds/Bassoon/stac/PSBassoon_G2_v1_rr2.wav
100644	blob	5d238aedb1eeec47fb0831eb44a9c01400d9aa38	Woodwinds/Bassoon/stac/PSBassoon_G2_v2_rr1.wav
100644	blob	fd2ed32fbf198d0f279d6de73bb81eb64e5966d6	Woodwinds/Bassoon/stac/PSBassoon_G2_v2_rr2.wav
100644	blob	62cc463dd7e17de25cf8ba47252fbe165e458f47	Woodwinds/Bassoon/stac/PSBassoon_G3_v1_rr1.wav
100644	blob	a41a94c33ba537f1025f0772dcc9b8fc80b68ef4	Woodwinds/Bassoon/stac/PSBassoon_G3_v1_rr2.wav
100644	blob	70a76ab5128efc3d23beb138fa8cf7d7b3fb7fea	Woodwinds/Bassoon/stac/PSBassoon_G3_v2_rr1.wav
100644	blob	23158586d9c8cc62e9dc450a3856451fa7f010bc	Woodwinds/Bassoon/stac/PSBassoon_G3_v2_rr2.wav
040000	tree	5ef92cf66ada3ee8d4037c72eb181c9ec2337a9c	Woodwinds/Bassoon/sus
100644	blob	f99b00f4944c8571dabc04683549935e4a81c987	Woodwinds/Bassoon/sus/PSBassoon_A#0_v1_1.wav
100644	blob	40be07cae85c8038a0bc2790f55391ba05bfd9ca	Woodwinds/Bassoon/sus/PSBassoon_A#0_v2_1.wav
100644	blob	ddd0d4eace186255cb3cd3fe1f9bfa4bc8507947	Woodwinds/Bassoon/sus/PSBassoon_A#1_v1_1.wav
100644	blob	d216c128e16b6e82e203e65cb3e5374873125b95	Woodwinds/Bassoon/sus/PSBassoon_A#1_v2_1.wav
100644	blob	cb1109d73a34b69c08b52a2398fb0ba4b775f852	Woodwinds/Bassoon/sus/PSBassoon_A1_v1_1.wav
100644	blob	1c0cbd04167c64567abd3e292c2ba20602f22cea	Woodwinds/Bassoon/sus/PSBassoon_A1_v2_1.wav
100644	blob	59c1fb41b41670807ad44d06d0f54fecac4fa0ae	Woodwinds/Bassoon/sus/PSBassoon_A3_v1_1.wav
100644	blob	b0056a9582d14d97ca93d3c0b3b67637ad444bfe	Woodwinds/Bassoon/sus/PSBassoon_A3_v2_1.wav
100644	blob	b79ee313cb48502ab0aa8dec46bc9fb5e4077988	Woodwinds/Bassoon/sus/PSBassoon_C#1_v1_1.wav
100644	blob	2f91082298b60cf5a3b04b2f089ff7380e6ba90d	Woodwinds/Bassoon/sus/PSBassoon_C#1_v2_1.wav
100644	blob	10ff119e43e0785b606bd4c1586dcb62bf6be6b5	Woodwinds/Bassoon/sus/PSBassoon_C2_v1_1.wav
100644	blob	14b9d5e95ccd565ea9e3eb2b8ef8c641ac3ac022	Woodwinds/Bassoon/sus/PSBassoon_C2_v2_1.wav
100644	blob	346fcf577136aac725b49419a915c92efa078d6a	Woodwinds/Bassoon/sus/PSBassoon_C3_v1_1.wav
100644	blob	7778b0fa352d6466272f2e0a7b053ca38ac1e35f	Woodwinds/Bassoon/sus/PSBassoon_C3_v2_1.wav
100644	blob	b046554b78d5edaaeb4a81d045833365253bae60	Woodwinds/Bassoon/sus/PSBassoon_C4_v1_1.wav
100644	blob	0c1d22dd2f18c5dabfcb6a5d6ac694f3f0c8dd71	Woodwinds/Bassoon/sus/PSBassoon_C4_v2_1.wav
100644	blob	f11eba53f3d278cb38b79af9d62b5b769393bbdd	Woodwinds/Bassoon/sus/PSBassoon_D#3_v1_1.wav
100644	blob	567d185f861d30cde23a3843f86fc907cf130720	Woodwinds/Bassoon/sus/PSBassoon_D#3_v2_1.wav
100644	blob	1302bf15411e3bc017686c9094c6bfa1563ed176	Woodwinds/Bassoon/sus/PSBassoon_D#4_v2_1.wav
100644	blob	ef632d2b0dc9970afb62c5945413d4da628883fb	Woodwinds/Bassoon/sus/PSBassoon_F1_v1_1.wav
100644	blob	6b6c81a47d6e77853dd711a471e97ee631ae7f78	Woodwinds/Bassoon/sus/PSBassoon_F1_v2_1.wav
100644	blob	9d5e0ac1c1fafd0b650e249a3fc799b9685b4d38	Woodwinds/Bassoon/sus/PSBassoon_G#3_v1_1.wav
100644	blob	c88e1744e0298c353479a08c607fe13469cef2b6	Woodwinds/Bassoon/sus/PSBassoon_G#3_v2_1.wav
100644	blob	1802d35ea36b486169050595296b758b41b3bfc7	Woodwinds/Bassoon/sus/PSBassoon_G2_v1_1.wav
100644	blob	95a39a3c70c033e7167792f0e9d7f592a252044f	Woodwinds/Bassoon/sus/PSBassoon_G2_v2_1.wav
040000	tree	6514009bbe6b00ea2bd038cf549c2e7bdfbfb96c	Woodwinds/Bassoon/vib
100644	blob	51377bb88e9100284ab1ba2967aafbbcf72d87b1	Woodwinds/Bassoon/vib/PSBassoon_A1_v1_1.wav
100644	blob	972b14255c1860169914ce21ff4f1204361c49d3	Woodwinds/Bassoon/vib/PSBassoon_A1_v2_1.wav
100644	blob	a34cebdfed6d4bff4af1abc4330f3828b5df1afc	Woodwinds/Bassoon/vib/PSBassoon_A2_v2_1.wav
100644	blob	bef3ec149a2c4bffde72bff2c19a1e006a853c0b	Woodwinds/Bassoon/vib/PSBassoon_A3_v1_1.wav
100644	blob	4be2b387b0257817b8d88e4e04b15cf5ff4f9db4	Woodwinds/Bassoon/vib/PSBassoon_A3_v2_1.wav
100644	blob	4f134676abad699e76264cabba37775c254124ad	Woodwinds/Bassoon/vib/PSBassoon_C2_v1_1.wav
100644	blob	59cdf75c793556294f99f801f27d6f8a01dc727b	Woodwinds/Bassoon/vib/PSBassoon_C2_v2_1.wav
100644	blob	ef26701373519401f9dadef9df69377688afecf1	Woodwinds/Bassoon/vib/PSBassoon_C3_v1_1.wav
100644	blob	8ef15e01d5067cf8cc43c287cac9cc312a40d48f	Woodwinds/Bassoon/vib/PSBassoon_C3_v2_1.wav
100644	blob	2fe8d29d16bc57a4161792668cb82dd49fc6c07a	Woodwinds/Bassoon/vib/PSBassoon_C3_v2_2.wav
100644	blob	520bdadef50f604b579bff8827b2f99a2baac92c	Woodwinds/Bassoon/vib/PSBassoon_C4_v1_1.wav
100644	blob	acfe468fffce4a96f90537a22957886d20f9ef35	Woodwinds/Bassoon/vib/PSBassoon_C4_v2_1.wav
100644	blob	db31b85ea19c8757253be74bca5f0533a13f7b51	Woodwinds/Bassoon/vib/PSBassoon_E3_v1_1.wav
100644	blob	c4a125e1aafed743defa938a19aba7c3f75092d2	Woodwinds/Bassoon/vib/PSBassoon_E3_v2_1.wav
100644	blob	5331df96d78fb0a73c93915a632d054da112e4c8	Woodwinds/Bassoon/vib/PSBassoon_E3_v2_2.wav
100644	blob	f71cca023091c38f0bab24f2b448a666c17cd81c	Woodwinds/Bassoon/vib/PSBassoon_G1_v1_1.wav
100644	blob	78052a6cb3b271d0cb7469aba41141a7dc5ddb45	Woodwinds/Bassoon/vib/PSBassoon_G1_v2_1.wav
100644	blob	44a8c453993866b68b975cf7bc12605d9568de57	Woodwinds/Bassoon/vib/PSBassoon_G2_v1_1.wav
100644	blob	95aeda68ef3079406a9a9a8eafde2189039044c2	Woodwinds/Bassoon/vib/PSBassoon_G2_v2_1.wav
100644	blob	e138c7bd171bb4b64274f024adabe4f0cd566d16	Woodwinds/Bassoon/vib/PSBassoon_G3_v1_1.wav
100644	blob	4a67f5dddeff4b5214d08feb02b7a3d0299cfd4d	Woodwinds/Bassoon/vib/PSBassoon_G3_v2_1.wav
040000	tree	610c19a5487cd5918a323d1ea7a590076c17a57c	Woodwinds/Clarinet
040000	tree	0911c6a9a7a7187b511777b48c31c4755f578c5d	Woodwinds/Clarinet/stac
100644	blob	8e204e51e6821182479ee9da0524bbd9de881a56	Woodwinds/Clarinet/stac/DCClar_stac_A#2_v1_rr1_sum.wav
100644	blob	a12e429978d2e905397463952834ddbd0ff438d6	Woodwinds/Clarinet/stac/DCClar_stac_A#2_v1_rr2_sum.wav
100644	blob	ad969a7692cc00d47902b2544c77fed82dbd2c6f	Woodwinds/Clarinet/stac/DCClar_stac_A#2_v2_rr1_sum.wav
100644	blob	e198a7d79c06106ffae1366698852d47ea4ff01e	Woodwinds/Clarinet/stac/DCClar_stac_A#2_v2_rr2_sum.wav
100644	blob	7b33fd7d87a5d2c9a545743d9b05a917c9883be3	Woodwinds/Clarinet/stac/DCClar_stac_A#2_v3_rr1_sum.wav
100644	blob	56981b94da9d2cd9b675cab138ab57e0bcd476db	Woodwinds/Clarinet/stac/DCClar_stac_A#2_v3_rr2_sum.wav
100644	blob	1d64739ac14897f9bed78f0f817641e37446aec0	Woodwinds/Clarinet/stac/DCClar_stac_A#3_v1_rr1_sum.wav
100644	blob	2dc1266c7b8facbebbca7b2d493e3deb9039a2d4	Woodwinds/Clarinet/stac/DCClar_stac_A#3_v1_rr2_sum.wav
100644	blob	3b76ffe7306ee10cec51da68441dc68aed73d4b4	Woodwinds/Clarinet/stac/DCClar_stac_A#3_v2_rr1_sum.wav
100644	blob	ae7537ac099fc27d001dee335517862c2ac9316b	Woodwinds/Clarinet/stac/DCClar_stac_A#3_v2_rr2_sum.wav
100644	blob	23ee0ea355f2bca5632b1f6cf3bc506919c248d6	Woodwinds/Clarinet/stac/DCClar_stac_A#3_v3_rr1_sum.wav
100644	blob	67bb9ccc457e926986fd4fba52b55ec733d93885	Woodwinds/Clarinet/stac/DCClar_stac_A#3_v3_rr2_sum.wav
100644	blob	6d3ef3420e297cc1fae9fd77dac5b7a9957ea5fb	Woodwinds/Clarinet/stac/DCClar_stac_A#4_v1_rr1_sum.wav
100644	blob	855c14d97061ea9ba87c46b991344d22cde6b240	Woodwinds/Clarinet/stac/DCClar_stac_A#4_v1_rr2_sum.wav
100644	blob	e16969d2bcb5432ba1ed0ce542d513c8cbe0a113	Woodwinds/Clarinet/stac/DCClar_stac_A#4_v2_rr1_sum.wav
100644	blob	b6fb39c7e60971de354f6f40bf0fd7c96ed5d2dd	Woodwinds/Clarinet/stac/DCClar_stac_A#4_v2_rr2_sum.wav
100644	blob	30d19c8a7937acb797fe2e8df0d201dd6805a3d2	Woodwinds/Clarinet/stac/DCClar_stac_A#4_v3_rr1_sum.wav
100644	blob	f10e306eed5ce13b8bcf159e0b549bbea7ffde82	Woodwinds/Clarinet/stac/DCClar_stac_A#4_v3_rr2_sum.wav
100644	blob	207f69ca8003c63b41328aef948ba1201964ac6d	Woodwinds/Clarinet/stac/DCClar_stac_D2_v1_rr1_sum.wav
100644	blob	e8d1ada067a73c481c4c81ee1cac685a75c98fb9	Woodwinds/Clarinet/stac/DCClar_stac_D2_v1_rr2_sum.wav
100644	blob	7580349cc2aab832adfef800be622165f56fc05e	Woodwinds/Clarinet/stac/DCClar_stac_D2_v2_rr1_sum.wav
100644	blob	e27783e5b349e7da016fcb90df289bc5b6ee3303	Woodwinds/Clarinet/stac/DCClar_stac_D2_v2_rr2_sum.wav
100644	blob	cd4533bbc9483d174414a1c77d333e15de3b08b1	Woodwinds/Clarinet/stac/DCClar_stac_D2_v3_rr1_sum.wav
100644	blob	d364feb266202fce154b4be2e7538c5a88fa8c0c	Woodwinds/Clarinet/stac/DCClar_stac_D2_v3_rr2_sum.wav
100644	blob	d42f438f95cfaf1aff4752f1845da355593350b5	Woodwinds/Clarinet/stac/DCClar_stac_D3_v1_rr1_sum.wav
100644	blob	51b1dda28be2e94b4bcad4c4e42b7a383079116c	Woodwinds/Clarinet/stac/DCClar_stac_D3_v1_rr2_sum.wav
100644	blob	39dd33d152d2ee22c2b21a7d927d4dd0ca2159f9	Woodwinds/Clarinet/stac/DCClar_stac_D3_v2_rr1_sum.wav
100644	blob	427b15b5095b5bfc8995a66a623fc6b51c4424fb	Woodwinds/Clarinet/stac/DCClar_stac_D3_v2_rr2_sum.wav
100644	blob	890f4fbc6a2d06bbdc466fada3b9bd66ed385c35	Woodwinds/Clarinet/stac/DCClar_stac_D3_v3_rr1_sum.wav
100644	blob	c03bb50baff0a710203a670812bd4af1ae8979b6	Woodwinds/Clarinet/stac/DCClar_stac_D3_v3_rr2_sum.wav
100644	blob	09a335aec0aa6104edcf63685cd43dc31a19486e	Woodwinds/Clarinet/stac/DCClar_stac_D4_v1_rr1_sum.wav
100644	blob	fd49da708dd7266384b2b241dd307f37e87c0d20	Woodwinds/Clarinet/stac/DCClar_stac_D4_v1_rr2_sum.wav
100644	blob	15cae66a6eeaa570819a580f1673d52af9518929	Woodwinds/Clarinet/stac/DCClar_stac_D4_v2_rr1_sum.wav
100644	blob	b5405eaa3fb5297518f0e08a4b295fd9f09164f5	Woodwinds/Clarinet/stac/DCClar_stac_D4_v2_rr2_sum.wav
100644	blob	e33170237affdce445a484f80315a83a93c80cb9	Woodwinds/Clarinet/stac/DCClar_stac_D4_v3_rr1_sum.wav
100644	blob	23dd7b8d1a679c1fdad3ff779ff559a13678e8e2	Woodwinds/Clarinet/stac/DCClar_stac_D4_v3_rr2_sum.wav
100644	blob	645dd468534f708adf69efe4d8058a41b10e17d2	Woodwinds/Clarinet/stac/DCClar_stac_D5_v2_rr1_sum.wav
100644	blob	d1792cea3ff99c3359c7c22395d47493aaceffa0	Woodwinds/Clarinet/stac/DCClar_stac_D5_v2_rr2_sum.wav
100644	blob	b92a44637cf7d584ae4f2a871f19d3008a367069	Woodwinds/Clarinet/stac/DCClar_stac_D5_v3_rr1_sum.wav
100644	blob	9c0d0013d5d172d50340c58e06894c4d62d183ce	Woodwinds/Clarinet/stac/DCClar_stac_D5_v3_rr2_sum.wav
100644	blob	b8d72deac510901f6742275b17e419a8dde4f9bd	Woodwinds/Clarinet/stac/DCClar_stac_F2_v1_rr1_sum.wav
100644	blob	0c27dc18e339f775b4a389906efb251914c968bd	Woodwinds/Clarinet/stac/DCClar_stac_F2_v1_rr2_sum.wav
100644	blob	754fb641bfa15a3cf411cc3f55231ad613236b74	Woodwinds/Clarinet/stac/DCClar_stac_F2_v2_rr1_sum.wav
100644	blob	9788b1a080a45c1c48e3ad41d25a2d9bc6d6f723	Woodwinds/Clarinet/stac/DCClar_stac_F2_v2_rr2_sum.wav
100644	blob	637121f7093ac7da16947dd73687f10b2daa3eb6	Woodwinds/Clarinet/stac/DCClar_stac_F2_v3_rr1_sum.wav
100644	blob	63c8a401e134b4559016f2d7ecd3b774d8ab399e	Woodwinds/Clarinet/stac/DCClar_stac_F2_v3_rr2_sum.wav
100644	blob	e6b1eda50209e95c2a41f465c64f55e3b59eef2a	Woodwinds/Clarinet/stac/DCClar_stac_F3_v1_rr1_sum.wav
100644	blob	c78f0754b80a9cc67423d7f26545443af140e191	Woodwinds/Clarinet/stac/DCClar_stac_F3_v1_rr2_sum.wav
100644	blob	41c5423b1db6d061c6066c695c7f2dd93eecc400	Woodwinds/Clarinet/stac/DCClar_stac_F3_v2_rr1_sum.wav
100644	blob	c9d9aa09ab452ceb008a466f722dcea873d49c35	Woodwinds/Clarinet/stac/DCClar_stac_F3_v2_rr2_sum.wav
100644	blob	53a65ea09cd886c3e3e68d584865adc99362becd	Woodwinds/Clarinet/stac/DCClar_stac_F3_v3_rr1_sum.wav
100644	blob	79c394bff353086d23b2a9337bbd5d36804ad0ec	Woodwinds/Clarinet/stac/DCClar_stac_F3_v3_rr2_sum.wav
100644	blob	5f477c9dfb1ba405665538cf38a2455b239dd0ee	Woodwinds/Clarinet/stac/DCClar_stac_F4_v1_rr1_sum.wav
100644	blob	efa30e04d81508399459e2bab9dae406a4f0f4d1	Woodwinds/Clarinet/stac/DCClar_stac_F4_v1_rr2_sum.wav
100644	blob	495948a7a2bd8cfee15d6679a54e299d8b7845a5	Woodwinds/Clarinet/stac/DCClar_stac_F4_v2_rr1_sum.wav
100644	blob	90d355caaa581690746cadba02f5d0b6e0d9c66b	Woodwinds/Clarinet/stac/DCClar_stac_F4_v2_rr2_sum.wav
100644	blob	ff0800e937194cbe9f630683470d316918b7783e	Woodwinds/Clarinet/stac/DCClar_stac_F4_v3_rr1_sum.wav
100644	blob	c57e9646c4d2e7fa0729d235f6945f9d92ce180f	Woodwinds/Clarinet/stac/DCClar_stac_F4_v3_rr2_sum.wav
100644	blob	8d84c59441195fd793ccf8c3be08ef76241e81ea	Woodwinds/Clarinet/stac/DCClar_stac_F5_v1_rr1_sum.wav
100644	blob	4c1f0bc71cb7222091c90087872a686b6ad507ab	Woodwinds/Clarinet/stac/DCClar_stac_F5_v1_rr2_sum.wav
100644	blob	5906891ce346b6134f3377aef9734bbd28215f0b	Woodwinds/Clarinet/stac/DCClar_stac_F5_v2_rr1_sum.wav
100644	blob	a8f4c6c3897786e81b7bc531939814f35655f81a	Woodwinds/Clarinet/stac/DCClar_stac_F5_v2_rr2_sum.wav
100644	blob	b8974a290592529e307f2b905a152806dc39b047	Woodwinds/Clarinet/stac/DCClar_stac_F5_v3_rr1_sum.wav
100644	blob	d675fa7048e4a453183c304cb7010e1b3d0a3596	Woodwinds/Clarinet/stac/DCClar_stac_F5_v3_rr2_sum.wav
040000	tree	50e4895788ac5c7c799889839b5c7bfe1ff15bec	Woodwinds/Clarinet/susLong
100644	blob	c02251ea67183260dd5f3b4cca97eeb0e8f23bed	Woodwinds/Clarinet/susLong/DCClar_susLong_A#2_v1_rr1_sum.wav
100644	blob	4ab307dd0c82ce0900eb7439bdb8d0a1008d4034	Woodwinds/Clarinet/susLong/DCClar_susLong_A#2_v2_rr1_sum.wav
100644	blob	d08b0b0242b1695b533f14c7774c4e5bd7f83646	Woodwinds/Clarinet/susLong/DCClar_susLong_A#2_v3_rr1_sum.wav
100644	blob	f8db827226f661779d8965737fa0850d8275be9a	Woodwinds/Clarinet/susLong/DCClar_susLong_A#3_v1_rr1_sum.wav
100644	blob	c80415402c31b050eb51796e17fba541a24a57a0	Woodwinds/Clarinet/susLong/DCClar_susLong_A#3_v2_rr1_sum.wav
100644	blob	08f1508a646a60a8795861688932e38955cc8ba0	Woodwinds/Clarinet/susLong/DCClar_susLong_A#3_v3_rr1_sum.wav
100644	blob	27315505c21685cdc911e3ae30ce8712c712da26	Woodwinds/Clarinet/susLong/DCClar_susLong_A#4_v1_rr1_sum.wav
100644	blob	4250227b229f8f94ea73ecb3ff4e996bfa1cf91b	Woodwinds/Clarinet/susLong/DCClar_susLong_A#4_v2_rr1_sum.wav
100644	blob	bc184323f783462fb1bbb3f49ad57ddaaac2cb11	Woodwinds/Clarinet/susLong/DCClar_susLong_A#4_v3_rr1_sum.wav
100644	blob	22e4849edce9f5f75473852d71b1a71e75502505	Woodwinds/Clarinet/susLong/DCClar_susLong_D2_v1_rr1_sum.wav
100644	blob	e435f825232aff390c93e0462d9e93e9e488d7ed	Woodwinds/Clarinet/susLong/DCClar_susLong_D2_v2_rr1_sum.wav
100644	blob	3d40552dd6d2dead91c702fe68175869a988009d	Woodwinds/Clarinet/susLong/DCClar_susLong_D2_v3_rr1_sum.wav
100644	blob	8f3f973a0d69c3c721f1eb8b27f208c80bd17ceb	Woodwinds/Clarinet/susLong/DCClar_susLong_D3_v1_rr1_sum.wav
100644	blob	dfffae60b3793d9687b2cb2c9b3850f593c723c6	Woodwinds/Clarinet/susLong/DCClar_susLong_D3_v2_rr1_sum.wav
100644	blob	aa7a1f5f31cef8d36552072d9f275b7940c879c0	Woodwinds/Clarinet/susLong/DCClar_susLong_D3_v3_rr1_sum.wav
100644	blob	c3284691eb2dfe4f1be1b116b804a2e41062bb9c	Woodwinds/Clarinet/susLong/DCClar_susLong_D4_v1_rr1_sum.wav
100644	blob	9efaf747591d3c39b7b6e87a077963a1ac71ae45	Woodwinds/Clarinet/susLong/DCClar_susLong_D4_v2_rr1_sum.wav
100644	blob	119bec0bc1ad924b04e416966239d6af3a67a764	Woodwinds/Clarinet/susLong/DCClar_susLong_D4_v3_rr1_sum.wav
100644	blob	ee07579d393b6c9a43aaf65f375d2012c3d0c774	Woodwinds/Clarinet/susLong/DCClar_susLong_D5_v1_rr1_sum.wav
100644	blob	d2c1fa23c73a15d50b581b6f83aa9e56e7e01a0c	Woodwinds/Clarinet/susLong/DCClar_susLong_D5_v2_rr1_sum.wav
100644	blob	a06b19f95d397920e21a56cdb85223a39e860d47	Woodwinds/Clarinet/susLong/DCClar_susLong_D5_v3_rr1_sum.wav
100644	blob	0e30b7890f8c35943fa4eb693c704ce5c595acec	Woodwinds/Clarinet/susLong/DCClar_susLong_F#5_v1_rr1_sum.wav
100644	blob	5e103799bb30ef1afa405511230c852b942a9d7c	Woodwinds/Clarinet/susLong/DCClar_susLong_F#5_v2_rr1_sum.wav
100644	blob	9655d9014a2500386d01f80bf0d7e3100e8caa59	Woodwinds/Clarinet/susLong/DCClar_susLong_F#5_v3_rr1_sum.wav
100644	blob	a8b913d7e923c58f150e757f1748da37c80587b4	Woodwinds/Clarinet/susLong/DCClar_susLong_F2_v1_rr1_sum.wav
100644	blob	090db5da13fb0ec67673b6a656887644c923d341	Woodwinds/Clarinet/susLong/DCClar_susLong_F2_v2_rr1_sum.wav
100644	blob	04b88f5463edcbdfb44e64826d26d8528b4a12f6	Woodwinds/Clarinet/susLong/DCClar_susLong_F2_v3_rr1_sum.wav
100644	blob	31ac755ac1dff319c409505d26706d9851bb7e92	Woodwinds/Clarinet/susLong/DCClar_susLong_F3_v1_rr1_sum.wav
100644	blob	1a445b0610a060c571574916d140344fc60922b2	Woodwinds/Clarinet/susLong/DCClar_susLong_F3_v2_rr1_sum.wav
100644	blob	fc79b6d0f5b3420f4e24b0392484b43a864a6d50	Woodwinds/Clarinet/susLong/DCClar_susLong_F3_v3_rr1_sum.wav
100644	blob	04e3a4727ee49ff915baeb65c1d32ee4e9ec37e2	Woodwinds/Clarinet/susLong/DCClar_susLong_F4_v1_rr1_sum.wav
100644	blob	9188e6eb2204ec227bac95cf254b9ce20e5d9d58	Woodwinds/Clarinet/susLong/DCClar_susLong_F4_v2_rr1_sum.wav
100644	blob	086d21e2c435964f31b77df757b763e6d6b5eb54	Woodwinds/Clarinet/susLong/DCClar_susLong_F4_v3_rr1_sum.wav
040000	tree	dd4ad2438714f1f6736dd2d3ab41a9dab83df34e	Woodwinds/Flute
040000	tree	61b53638cd3d9ac6e2b8d65a24d2fcde4e9b584f	Woodwinds/Flute/expvib
100644	blob	5227a2e44dcafb78d9d265c6ccc5b2dd30627b8f	Woodwinds/Flute/expvib/LDFlute_expvib_A3_v1_1.wav
100644	blob	f67d076c1fa9f038065543f21dbb060598ffe7a4	Woodwinds/Flute/expvib/LDFlute_expvib_A4_v1_1.wav
100644	blob	92385acbf4146a08c4b835235900662e7bf8630c	Woodwinds/Flute/expvib/LDFlute_expvib_A5_v1_1.wav
100644	blob	7ad5ee7616fa365c824764750947cd1c824858ff	Woodwinds/Flute/expvib/LDFlute_expvib_C3_v1_1.wav
100644	blob	d0b324d952d80520a7201cf22ccc17891def64b7	Woodwinds/Flute/expvib/LDFlute_expvib_C4_v1_1.wav
100644	blob	fed2a11c9f706d80d62c8ef4d7ef5073d816b3b9	Woodwinds/Flute/expvib/LDFlute_expvib_C5_v1_1.wav
100644	blob	c920b4da8af0b6025f9d2d80e2dbfb6b82429d43	Woodwinds/Flute/expvib/LDFlute_expvib_C5_v1_2.wav
100644	blob	be2d5766070cb3d5d1ea657ec3f5c5f9083c0bd9	Woodwinds/Flute/expvib/LDFlute_expvib_C6_v1_1.wav
100644	blob	e7668b7aaf41f471f03aefd27a8e4a6939bbb3fa	Woodwinds/Flute/expvib/LDFlute_expvib_C6_v1_2.wav
100644	blob	f5d3a85a9a3f656a8c57cd4ef0c1da1bfa701483	Woodwinds/Flute/expvib/LDFlute_expvib_E3_v1_1.wav
100644	blob	e53892fd781ebf58125b829d4813f0828f8ca6de	Woodwinds/Flute/expvib/LDFlute_expvib_E3_v1_2.wav
100644	blob	f6fd2ab0aa0d9172a2124ef323c8d991bd2803ad	Woodwinds/Flute/expvib/LDFlute_expvib_E4_v1_1.wav
100644	blob	d57a33ab9252b2566f055af066fced3f7acb34b9	Woodwinds/Flute/expvib/LDFlute_expvib_E5_v1_1.wav
100644	blob	af05c846172ca955389d6f576475c20cc4a9c1f8	Woodwinds/Flute/expvib/LDFlute_expvib_E5_v1_2.wav
040000	tree	692cd0e1be4a85ecff7625b38ec38a7f12c0aafa	Woodwinds/Flute/stac
100644	blob	2a0f3517af9d4836f1574514f6aa94c2e9af2587	Woodwinds/Flute/stac/LDFlute_stac_A3_v1_rr1.wav
100644	blob	8773c79e9469125ac23c82652314cf136957d709	Woodwinds/Flute/stac/LDFlute_stac_A3_v1_rr2.wav
100644	blob	407b5658d6f53afc6cc4bee0ba6d8227cef2d547	Woodwinds/Flute/stac/LDFlute_stac_A3_v2_rr1.wav
100644	blob	7811d912a561d82476b05ccf12357b09718c17cc	Woodwinds/Flute/stac/LDFlute_stac_A3_v2_rr2.wav
100644	blob	a6f3702c0ab6f9e8f49e89fbcfb14714c1299dba	Woodwinds/Flute/stac/LDFlute_stac_A3_v3_rr1.wav
100644	blob	1e1de61cec1374b07093c7f0ba9e4b4917f8aff9	Woodwinds/Flute/stac/LDFlute_stac_A3_v3_rr2.wav
100644	blob	dc9bc75e007375269560cff1c5d655bb6dad8025	Woodwinds/Flute/stac/LDFlute_stac_A4_v1_rr1.wav
100644	blob	b435c8c507f7552cf1918867ed76f1e565c22878	Woodwinds/Flute/stac/LDFlute_stac_A4_v1_rr2.wav
100644	blob	157ada54c6bcf37349297082a8f5ccb25aeaf15f	Woodwinds/Flute/stac/LDFlute_stac_A4_v2_rr1.wav
100644	blob	4bba068a8af95507335db23039f76c5020870076	Woodwinds/Flute/stac/LDFlute_stac_A4_v2_rr2.wav
100644	blob	f8a11712d8d5c9b00c39ba552cad6c04a99886a4	Woodwinds/Flute/stac/LDFlute_stac_A4_v3_rr1.wav
100644	blob	732d10c72e0e4338b850db5395e2535f9605cf82	Woodwinds/Flute/stac/LDFlute_stac_A4_v3_rr2.wav
100644	blob	83f13ab29896ddf57e1815b1d1096a8382009312	Woodwinds/Flute/stac/LDFlute_stac_A5_v1_rr1.wav
100644	blob	d563733ab363be8c350cada4f14e622f0e92a450	Woodwinds/Flute/stac/LDFlute_stac_A5_v1_rr2.wav
100644	blob	77e478a0cd26e6c95f65abba86a4b596f5ef3afb	Woodwinds/Flute/stac/LDFlute_stac_A5_v2_rr1.wav
100644	blob	5f60918a36e5e7ffdd1c15bb96b175f375207843	Woodwinds/Flute/stac/LDFlute_stac_A5_v2_rr2.wav
100644	blob	978fcc6601c4a22da897daf27478f2a3a87142e2	Woodwinds/Flute/stac/LDFlute_stac_A5_v3_rr1.wav
100644	blob	304cdc1b7b585401196affc64e8c91d5d0d246f7	Woodwinds/Flute/stac/LDFlute_stac_A5_v3_rr2.wav
100644	blob	cc11ab21c37ceee6267a791a9358d5ac9860362a	Woodwinds/Flute/stac/LDFlute_stac_C4_v1_rr1.wav
100644	blob	1a973d51468fd947bef76659027f23cb158d98cb	Woodwinds/Flute/stac/LDFlute_stac_C4_v1_rr2.wav
100644	blob	77cda69826c9ca4cd3e2b9512676b88ee12cc6ec	Woodwinds/Flute/stac/LDFlute_stac_C4_v2_rr1.wav
100644	blob	6c825fb1110cc9bce3d86c9950f098c07faf84f5	Woodwinds/Flute/stac/LDFlute_stac_C4_v2_rr2.wav
100644	blob	681ee8fa3bf49317d8c42f4ae46cbc5d920db08a	Woodwinds/Flute/stac/LDFlute_stac_C4_v3_rr1.wav
100644	blob	cb05fb2c3bdf95dd5dbce91140bbd05a395689d2	Woodwinds/Flute/stac/LDFlute_stac_C4_v3_rr2.wav
100644	blob	2ce4efec9fbd90f4c4c10c62e02e75642ff94afc	Woodwinds/Flute/stac/LDFlute_stac_C4_v4_rr1.wav
100644	blob	c8af86c554c183b4ee9af8354a32c7405edf2a03	Woodwinds/Flute/stac/LDFlute_stac_C4_v4_rr2.wav
100644	blob	2ad0bdf7c8f63a27ceba44e55a66f678aec5ac66	Woodwinds/Flute/stac/LDFlute_stac_C5_v1_rr1.wav
100644	blob	08a4d87be820f096522e2e7cdd98d15728b97972	Woodwinds/Flute/stac/LDFlute_stac_C5_v1_rr2.wav
100644	blob	8da3b215649aacc8e0590080987034bddbcaac16	Woodwinds/Flute/stac/LDFlute_stac_C5_v2_rr1.wav
100644	blob	0316fbb6ccd256ec3608a19960088e12d42509ad	Woodwinds/Flute/stac/LDFlute_stac_C5_v2_rr2.wav
100644	blob	0db3fd155b3d492e05fbcbcb6293ce3d1a369d8b	Woodwinds/Flute/stac/LDFlute_stac_C5_v3_rr1.wav
100644	blob	7895f93485086509368fddda659a686ea7f36874	Woodwinds/Flute/stac/LDFlute_stac_C5_v3_rr2.wav
100644	blob	5f25219f618d81218fc21ffa0aa6984c4ae792d5	Woodwinds/Flute/stac/LDFlute_stac_C6_v1_rr1.wav
100644	blob	3e85d1ce95de1e6a44d61278393cf2becaef2dff	Woodwinds/Flute/stac/LDFlute_stac_C6_v1_rr2.wav
100644	blob	da1e5de1f88dc57eb5132bc45c891324386498f3	Woodwinds/Flute/stac/LDFlute_stac_C6_v2_rr1.wav
100644	blob	d2a1a315f83727b56cf8a3ae4e7252ce0785788f	Woodwinds/Flute/stac/LDFlute_stac_C6_v2_rr2.wav
100644	blob	5889259f046de2eb164eab673df185fa0c3ac57c	Woodwinds/Flute/stac/LDFlute_stac_E4_v1_rr1.wav
100644	blob	708bd49a52938f62eff5f283b9bac864f47931b0	Woodwinds/Flute/stac/LDFlute_stac_E4_v1_rr2.wav
100644	blob	dba5a5b646d5229dab45ba98f947459e08aae9f8	Woodwinds/Flute/stac/LDFlute_stac_E4_v2_rr1.wav
100644	blob	e2360dcb699e7ad82cc2e5a2e11bc273b5a6c82a	Woodwinds/Flute/stac/LDFlute_stac_E4_v2_rr2.wav
100644	blob	a22d5efeba91a8852b08e52b8d735e1f3e72f258	Woodwinds/Flute/stac/LDFlute_stac_E4_v3_rr1.wav
100644	blob	9a8b8dc1f0ba7b5c5e90eb9ecb1d3f58c3dd2dc3	Woodwinds/Flute/stac/LDFlute_stac_E4_v3_rr2.wav
100644	blob	f2b06b1570e41b20609cdc92d03796de1038a749	Woodwinds/Flute/stac/LDFlute_stac_E5_v1_rr1.wav
100644	blob	a8df869a4c18de9c0c4d67ace8a567c56146c7bc	Woodwinds/Flute/stac/LDFlute_stac_E5_v1_rr2.wav
100644	blob	ab73651d5fdd1ab9a807f1087ef2403c8d54d6b2	Woodwinds/Flute/stac/LDFlute_stac_E5_v2_rr1.wav
100644	blob	4f817cd09481652addcc9b97b7851a61d3069f8e	Woodwinds/Flute/stac/LDFlute_stac_E5_v2_rr2.wav
100644	blob	9cf88368de0a36a26d1ab170ec38c07a785c488b	Woodwinds/Flute/stac/LDFlute_stac_E5_v3_rr1.wav
100644	blob	d77b4c5111ce18d4517d200cac675fb92988dd64	Woodwinds/Flute/stac/LDFlute_stac_E5_v3_rr2.wav
040000	tree	0eac3881020b974117e4b3107e23dcea8c191d35	Woodwinds/Flute/susNV
100644	blob	b690a4d0006b73699176dd2fab82a9249966e33b	Woodwinds/Flute/susNV/LDFlute_susNV_A3_v1_1.wav
100644	blob	75a6dbb605779e3eaef2a265b6857142211a5837	Woodwinds/Flute/susNV/LDFlute_susNV_A3_v3_1.wav
100644	blob	3007213aa6264efe0619c7321bf2e8df7966b0a2	Woodwinds/Flute/susNV/LDFlute_susNV_A4_v1_1.wav
100644	blob	fa6e9dc8429dc62ae37eb6e61cf63aed8ca38529	Woodwinds/Flute/susNV/LDFlute_susNV_A4_v3_1.wav
100644	blob	3f6ea8e543310a6e97ed97ac5b74c9e53ee3b05e	Woodwinds/Flute/susNV/LDFlute_susNV_A5_v1_1.wav
100644	blob	cbcfcd8aef190cf811e141bf9c602953a4c2d935	Woodwinds/Flute/susNV/LDFlute_susNV_A5_v3_1.wav
100644	blob	ac3b6e4b90480a5a64798c2c399f16ea95754015	Woodwinds/Flute/susNV/LDFlute_susNV_C3_v1_1.wav
100644	blob	18b1fa490327f38057a2edbaca4f000cffbf633d	Woodwinds/Flute/susNV/LDFlute_susNV_C3_v3_1.wav
100644	blob	ea9cc7ff40975e8d3917c6e8fa13f67167e142f2	Woodwinds/Flute/susNV/LDFlute_susNV_C4_v1_1.wav
100644	blob	850db1f598b5ba7a88ec2f929f8b832fb83cdd66	Woodwinds/Flute/susNV/LDFlute_susNV_C4_v3_1.wav
100644	blob	093129d6a876ce5f004279b2979894d0ed637a8d	Woodwinds/Flute/susNV/LDFlute_susNV_C5_v1_1.wav
100644	blob	c781084689262db0267e3b888ac9a9244f32dbd7	Woodwinds/Flute/susNV/LDFlute_susNV_C5_v2_1.wav
100644	blob	8b69c3cd65834619ad9c1389b3c9f8d50fab15f5	Woodwinds/Flute/susNV/LDFlute_susNV_C6_v1_1.wav
100644	blob	7a921854e39f8addf99a4dc8e4b3f27e187142c2	Woodwinds/Flute/susNV/LDFlute_susNV_E3_v1_1.wav
100644	blob	66390898fca3d96f65bbc2bffd26c55af56db11e	Woodwinds/Flute/susNV/LDFlute_susNV_E3_v3_1.wav
100644	blob	3f351c4623be881464381ac8de2c3cfef99ac646	Woodwinds/Flute/susNV/LDFlute_susNV_E4_v1_1.wav
100644	blob	67357c844a8c88034431d83438bd8ddea729e805	Woodwinds/Flute/susNV/LDFlute_susNV_E4_v3_1.wav
100644	blob	4017163d62316f9eb0a4a5d375de9f7d110dda64	Woodwinds/Flute/susNV/LDFlute_susNV_E5_v1_1.wav
100644	blob	cc70b43ccea6a87ac5677483c206b7905d510874	Woodwinds/Flute/susNV/LDFlute_susNV_E5_v2_1.wav
040000	tree	292f73ccaf04e376410a9d6dd9202804659908b5	Woodwinds/Flute/susvib
100644	blob	1e8972d4e28dbf8b48e348b93c7862f29b0edfab	Woodwinds/Flute/susvib/LDFlute_susvib_A3_v1_1.wav
100644	blob	1202232193c565a79618a1696913714e9fe1ad20	Woodwinds/Flute/susvib/LDFlute_susvib_A4_v1_1.wav
100644	blob	1114c8bf25896d3ee2f7d257c5d81e426fef2cc5	Woodwinds/Flute/susvib/LDFlute_susvib_A5_v1_1.wav
100644	blob	50220315ef8ca85e92b8809f6c0e15a0c4954cce	Woodwinds/Flute/susvib/LDFlute_susvib_C3_v1_1.wav
100644	blob	7be22f8b86e5dc405a10f51dd71d44712d23c9aa	Woodwinds/Flute/susvib/LDFlute_susvib_C4_v1_1.wav
100644	blob	18bfcccf848cfb4d8d10a005174408ef66fb1cae	Woodwinds/Flute/susvib/LDFlute_susvib_C4_v1_2.wav
100644	blob	5dc3e06072700651fe1844aafd304633692c6e97	Woodwinds/Flute/susvib/LDFlute_susvib_C5_v1_1.wav
100644	blob	f98e1ff1bc4d3dd23cb689de548e13bbfd48ebbb	Woodwinds/Flute/susvib/LDFlute_susvib_C6_v1_1.wav
100644	blob	ee1008bf0f9dde16d2c584b0cca67fc79889d298	Woodwinds/Flute/susvib/LDFlute_susvib_E3_v1_1.wav
100644	blob	19c052eab97d1e823fd7d8344c05d94dc7dd4733	Woodwinds/Flute/susvib/LDFlute_susvib_E4_v1_1.wav
100644	blob	5df7941f73d2de88cfe8890d52031b4e3fa2b8b4	Woodwinds/Flute/susvib/LDFlute_susvib_E4_v1_2.wav
100644	blob	14e407aa2cfd07b98585ebf7963d3c30be6f85dc	Woodwinds/Flute/susvib/LDFlute_susvib_E5_v1_1.wav
100644	blob	45c715c6e1ca72e4535b9723a030024fea16f40a	Woodwinds/Flute/susvib/LDFlute_susvib_E5_v1_2.wav
040000	tree	a62d93078cf4ac6ae375062c86a425b53dd35542	Woodwinds/Oboe
040000	tree	f95d68d24694bf5896dfeac560ec880308ee8003	Woodwinds/Oboe/Stacc
100644	blob	79054559972e5c5377b262de5de10a3de7ece7a9	Woodwinds/Oboe/Stacc/Oboe_Stacc_A#2_v1_rr1_Main.wav
100644	blob	c1bd34d76e977944e7397b7c8963e98434b62551	Woodwinds/Oboe/Stacc/Oboe_Stacc_A#2_v1_rr2_Main.wav
100644	blob	e5cfa4df3c4676eaa16bfc7f8f92915479d1d572	Woodwinds/Oboe/Stacc/Oboe_Stacc_A#2_v2_rr1_Main.wav
100644	blob	a887c3d36a84757fa13dc34227aad8ab86008b4e	Woodwinds/Oboe/Stacc/Oboe_Stacc_A#2_v2_rr2_Main.wav
100644	blob	d9c2f6b09c3904fcd6d30e2fe49878f36079f14b	Woodwinds/Oboe/Stacc/Oboe_Stacc_A#2_v3_rr1_Main.wav
100644	blob	034f7f0f789e0d5fa3425644b7a5e1905e62af28	Woodwinds/Oboe/Stacc/Oboe_Stacc_A#2_v3_rr2_Main.wav
100644	blob	fd684d1d29615eb1c19ed5167c94de90d8544105	Woodwinds/Oboe/Stacc/Oboe_Stacc_A#3_v1_rr1_Main.wav
100644	blob	02aa97783bcd0cb1cf42f57c10becc6c240a4a63	Woodwinds/Oboe/Stacc/Oboe_Stacc_A#3_v1_rr2_Main.wav
100644	blob	a521c7bfc79c6a70f275eddb630920c48e62ed80	Woodwinds/Oboe/Stacc/Oboe_Stacc_A#3_v2_rr1_Main.wav
100644	blob	3564bd4b50b9cb3a95f161eaffa41c042a500212	Woodwinds/Oboe/Stacc/Oboe_Stacc_A#3_v2_rr2_Main.wav
100644	blob	0a5fbae398b8183d234a880b21a18ad9495afa3d	Woodwinds/Oboe/Stacc/Oboe_Stacc_A#3_v3_rr1_Main.wav
100644	blob	e01394514e079f1dd2f250f3a221841f537646ae	Woodwinds/Oboe/Stacc/Oboe_Stacc_A#3_v3_rr2_Main.wav
100644	blob	1dc8580ae286c57ba826fcdb5a9571d6f6221f77	Woodwinds/Oboe/Stacc/Oboe_Stacc_A#4_v1_rr1_Main.wav
100644	blob	4f8927aa2f3ccf7c4e74a061ac3cc61d07443bc7	Woodwinds/Oboe/Stacc/Oboe_Stacc_A#4_v1_rr2_Main.wav
100644	blob	a6b0d7e68d80ef0bb06379dca767aaa3f62f56bc	Woodwinds/Oboe/Stacc/Oboe_Stacc_A#4_v2_rr1_Main.wav
100644	blob	0208ff17565ab874b7333f0555d655a76f31d5b9	Woodwinds/Oboe/Stacc/Oboe_Stacc_A#4_v2_rr2_Main.wav
100644	blob	385e08172ee97656d8d2297943e4cfee35042048	Woodwinds/Oboe/Stacc/Oboe_Stacc_A#4_v3_rr1_Main.wav
100644	blob	e9e839ea8eb90d8d0449aa4af90a2ad2f54c74bc	Woodwinds/Oboe/Stacc/Oboe_Stacc_A#4_v3_rr2_Main.wav
100644	blob	b9808f5c9a3bb0b27f907093274e0f6aede07549	Woodwinds/Oboe/Stacc/Oboe_Stacc_D3_v1_rr1_Main.wav
100644	blob	523064fc8787eecf661f9cf87de90aea64c32fda	Woodwinds/Oboe/Stacc/Oboe_Stacc_D3_v1_rr2_Main.wav
100644	blob	a140e6fff5be48ac562a6a6d982ad443f9024bae	Woodwinds/Oboe/Stacc/Oboe_Stacc_D3_v2_rr1_Main.wav
100644	blob	1f255ab321c8b0fec0f55639914375dd2436dc7f	Woodwinds/Oboe/Stacc/Oboe_Stacc_D3_v2_rr2_Main.wav
100644	blob	ed7bd5aae34cd1ff3a6a336b6510db8fa86ade9b	Woodwinds/Oboe/Stacc/Oboe_Stacc_D3_v3_rr1_Main.wav
100644	blob	2c41ff1c51f8acf9c63b35bc7c06e6237d7d9a2f	Woodwinds/Oboe/Stacc/Oboe_Stacc_D3_v3_rr2_Main.wav
100644	blob	72da676bbc1df494e629fc6c9708f0cf3e9926c2	Woodwinds/Oboe/Stacc/Oboe_Stacc_D4_v1_rr1_Main.wav
100644	blob	176a68cecc019896ebe3144ffc683b3f0b0c7616	Woodwinds/Oboe/Stacc/Oboe_Stacc_D4_v1_rr2_Main.wav
100644	blob	f412b48c67279b314d5c6bf98c713acba83c9277	Woodwinds/Oboe/Stacc/Oboe_Stacc_D4_v2_rr1_Main.wav
100644	blob	6e7907f807ff984e3b88150f2a6e5e7e4cc0b5db	Woodwinds/Oboe/Stacc/Oboe_Stacc_D4_v2_rr2_Main.wav
100644	blob	14e2e5e0488bccc9821f090667e3b275cbd95062	Woodwinds/Oboe/Stacc/Oboe_Stacc_D4_v3_rr1_Main.wav
100644	blob	b5afcf7c47ed74115412bd9b7b24b04c461d5b6d	Woodwinds/Oboe/Stacc/Oboe_Stacc_D4_v3_rr2_Main.wav
100644	blob	d6473b4de454a88d73ffe577697abbe8a04f2545	Woodwinds/Oboe/Stacc/Oboe_Stacc_D5_v1_rr1_Main.wav
100644	blob	63285bcb4cfd52c6f0a5cec307931806acd9e6f7	Woodwinds/Oboe/Stacc/Oboe_Stacc_D5_v1_rr2_Main.wav
100644	blob	50d761049d830f5a0d5c668eea9d0fde74422a98	Woodwinds/Oboe/Stacc/Oboe_Stacc_D5_v3_rr1_Main.wav
100644	blob	ae2820f0c4d159c72b54046bc545795560fbba22	Woodwinds/Oboe/Stacc/Oboe_Stacc_F3_v1_rr1_Main.wav
100644	blob	6bc18af05a80152f796d3f1b4782dc4ca4c5f0ea	Woodwinds/Oboe/Stacc/Oboe_Stacc_F3_v1_rr2_Main.wav
100644	blob	4fd46551f8220d8c5c91625705fb925ed81cd41e	Woodwinds/Oboe/Stacc/Oboe_Stacc_F3_v2_rr1_Main.wav
100644	blob	f3b41c2c485a32d5f318ef143727f945874b9e6f	Woodwinds/Oboe/Stacc/Oboe_Stacc_F3_v2_rr2_Main.wav
100644	blob	1399dff8123fd54f19fb0c6a64af6ca997bb10c1	Woodwinds/Oboe/Stacc/Oboe_Stacc_F3_v3_rr1_Main.wav
100644	blob	f1e68dddb75aaa839f93980e8c924d979e81f73f	Woodwinds/Oboe/Stacc/Oboe_Stacc_F3_v3_rr2_Main.wav
100644	blob	3db807f214205f86523502c038e2f76ef5f065cd	Woodwinds/Oboe/Stacc/Oboe_Stacc_F4_v1_rr1_Main.wav
100644	blob	a314a32b624a4fba61e8a398b20f6d73441da189	Woodwinds/Oboe/Stacc/Oboe_Stacc_F4_v1_rr2_Main.wav
100644	blob	af74c705817f03f33ba27db20caa8151b77b370d	Woodwinds/Oboe/Stacc/Oboe_Stacc_F4_v2_rr1_Main.wav
100644	blob	af75d72bb7b8239f5ada3d7c494e48a311f3f9b6	Woodwinds/Oboe/Stacc/Oboe_Stacc_F4_v2_rr2_Main.wav
100644	blob	2dadbaea99b455f486173f2d754b54e52f9ebc37	Woodwinds/Oboe/Stacc/Oboe_Stacc_F4_v3_rr1_Main.wav
100644	blob	6d96ae424a232156598fbd15c8306ddd75ed5fa8	Woodwinds/Oboe/Stacc/Oboe_Stacc_F4_v3_rr2_Main.wav
100644	blob	bf1fdf201f73588094cd11b5e8a012c6d419bfe8	Woodwinds/Oboe/Stacc/Oboe_Stacc_F5_v1_rr1_Main.wav
100644	blob	90b84e8963c658b5a62f6c887a95d6c5cf73e57c	Woodwinds/Oboe/Stacc/Oboe_Stacc_F5_v1_rr2_Main.wav
100644	blob	cfd503800cac3438951f8dbc38e475cec8ea17c0	Woodwinds/Oboe/Stacc/Oboe_Stacc_F5_v2_rr1_Main.wav
100644	blob	2dea6b26ba2b0d2d80c6781575a8a75bf3140005	Woodwinds/Oboe/Stacc/Oboe_Stacc_F5_v2_rr2_Main.wav
100644	blob	2a4b5d12fbe20069fc11617055a3195d76d3f825	Woodwinds/Oboe/Stacc/Oboe_Stacc_F5_v3_rr1_Main.wav
100644	blob	388aef85d5996bb0ef6d426f8fe189c3e37edbf1	Woodwinds/Oboe/Stacc/Oboe_Stacc_F5_v3_rr2_Main.wav
040000	tree	804e0a9f1924aed3e49df8d3cfd7278280d3695e	Woodwinds/Oboe/Sus
100644	blob	d1ee9884155ae8a6f67279452de23713f8f8b4e9	Woodwinds/Oboe/Sus/Oboe_Sus_A#2_v1_Main.wav
100644	blob	46e3ba91c7ed6e5f0e952e1c57738e91bd8dfbb1	Woodwinds/Oboe/Sus/Oboe_Sus_A#2_v3_Main.wav
100644	blob	6cf66ef2acdc033553930396a94a933f9276d418	Woodwinds/Oboe/Sus/Oboe_Sus_A#3_v1_Main.wav
100644	blob	a647e2253125834b891e8eedb594a3902c8a1def	Woodwinds/Oboe/Sus/Oboe_Sus_A#3_v3_Main.wav
100644	blob	13a008ba5705481fe2112af6d0a7a5cbb008892f	Woodwinds/Oboe/Sus/Oboe_Sus_A#4_v1_Main.wav
100644	blob	d41287e7cd6043ce9081ff49dd03c6e4ddc6730d	Woodwinds/Oboe/Sus/Oboe_Sus_A#4_v3_Main.wav
100644	blob	5b4e7daa195485f09934d9f63f78fa7bf3578a16	Woodwinds/Oboe/Sus/Oboe_Sus_D3_v1_Main.wav
100644	blob	807d1b60150381bcbbfa7adba01f6c9d1d9e56f2	Woodwinds/Oboe/Sus/Oboe_Sus_D3_v3_Main.wav
100644	blob	d96212fefd5d0e4a798a05ef0c9b4be2a3c2370e	Woodwinds/Oboe/Sus/Oboe_Sus_D4_v1_Main.wav
100644	blob	c2d464efea3547555666a781f4873c7f80dd1393	Woodwinds/Oboe/Sus/Oboe_Sus_D4_v3_Main.wav
100644	blob	243f0462e803ec0af99421ac60dd5c9ee3a91659	Woodwinds/Oboe/Sus/Oboe_Sus_D5_v1_Main.wav
100644	blob	9374b432947c30aa361dafae72ea0ef9b1cc730b	Woodwinds/Oboe/Sus/Oboe_Sus_D5_v3_Main.wav
100644	blob	2e634363e4273a6adfd9df3496db3f265fd921ac	Woodwinds/Oboe/Sus/Oboe_Sus_F3_v1_Main.wav
100644	blob	2024bd3888a256f86d7b9c1fdf7f06fc0877135e	Woodwinds/Oboe/Sus/Oboe_Sus_F3_v3_Main.wav
100644	blob	9e4ae9bc39bc906e21c7796e0e2c5eb5ef943dce	Woodwinds/Oboe/Sus/Oboe_Sus_F4_v1_Main.wav
100644	blob	4f2c0ca39a4604d8493367eaf953e8756bc0bf90	Woodwinds/Oboe/Sus/Oboe_Sus_F4_v3_Main.wav
100644	blob	e551ce12b3644639707243f02178f45010c78d1a	Woodwinds/Oboe/Sus/Oboe_Sus_F5_v1_Main.wav
100644	blob	55038a3b147179cef644aa58b390160ed37dcee5	Woodwinds/Oboe/Sus/Oboe_Sus_F5_v3_Main.wav
040000	tree	a47db792458f19dadea4dc105aec570d5bbc1f88	Woodwinds/Oboe/Vib
100644	blob	8123a9c433d1c021b708f6cf71561755f70799cb	Woodwinds/Oboe/Vib/Oboe_Vib_A#2_v1_Main.wav
100644	blob	281c98b6e0724f08207273383c01040a6068760d	Woodwinds/Oboe/Vib/Oboe_Vib_A#2_v3_Main.wav
100644	blob	11e415092b541e1b50288f8b6f6adab99bf78cad	Woodwinds/Oboe/Vib/Oboe_Vib_A#3_v1_Main.wav
100644	blob	0fe9f6f9108782a477d8bf3a8a6245ccca20780b	Woodwinds/Oboe/Vib/Oboe_Vib_A#3_v3_Main.wav
100644	blob	8ba804ac6a7bdd5ef50aa6fe86fc00d0410fcde4	Woodwinds/Oboe/Vib/Oboe_Vib_A#4_v1_Main.wav
100644	blob	6e593e290f7b24611868eb66a910a71e543acdba	Woodwinds/Oboe/Vib/Oboe_Vib_A#4_v3_Main.wav
100644	blob	7aeb7ee276ed4d2beb0a23809c9172dbd60e19cc	Woodwinds/Oboe/Vib/Oboe_Vib_D3_v1_Main.wav
100644	blob	dfe78cb70c94138f4a42ce2fc48d00ba980ab500	Woodwinds/Oboe/Vib/Oboe_Vib_D3_v3_Main.wav
100644	blob	e6b7ae503ea74955306ab9daa98a47a5e9f829d9	Woodwinds/Oboe/Vib/Oboe_Vib_D4_v1_Main.wav
100644	blob	60c393a1ccf1f83a69d8ff2c9eb1a451d4050f3c	Woodwinds/Oboe/Vib/Oboe_Vib_D4_v3_Main.wav
100644	blob	1f6ce8a04c5c7b19151c0172048b41a3050e0b4e	Woodwinds/Oboe/Vib/Oboe_Vib_D5_v1_Main.wav
100644	blob	b788a608581e380831cb7f2ed771e36e1f09e4ed	Woodwinds/Oboe/Vib/Oboe_Vib_D5_v3_Main.wav
100644	blob	87e942dcb4b42530959fa73fa2f9136af9d53214	Woodwinds/Oboe/Vib/Oboe_Vib_F3_v1_Main.wav
100644	blob	9a61e3adcb5837237e3cbb8bbfa6dff0d0570113	Woodwinds/Oboe/Vib/Oboe_Vib_F3_v3_Main.wav
100644	blob	9deac7dbdfc715dd85fbef34d904eb271d20370f	Woodwinds/Oboe/Vib/Oboe_Vib_F4_v1_Main.wav
100644	blob	8aec1d903928028c31e4adbc2ac4f356df2d7a53	Woodwinds/Oboe/Vib/Oboe_Vib_F4_v3_Main.wav
100644	blob	3490a876a34833e0be79bc3e67e45ad4eb0da4a3	Woodwinds/Oboe/Vib/Oboe_Vib_F5_v1_Main.wav
100644	blob	8fc50b77329e4c5dd140b45e9afb70259d8489f6	Woodwinds/Oboe/Vib/Oboe_Vib_F5_v3_Main.wav
040000	tree	2dc74c546f85303062077eb37751bbed05cd6eed	Woodwinds/Piccolo
040000	tree	a902aed89cf521a01e60074740aa5c7b4733e73a	Woodwinds/Piccolo/Stac
100644	blob	65cb7a9641605a91459642bff55e1dbb6060af93	Woodwinds/Piccolo/Stac/piccolo_A#4_staccato1.wav
100644	blob	f20ce8ef66558c5edd2b5d2d61d17c2af5df783b	Woodwinds/Piccolo/Stac/piccolo_A#5_staccato1.wav
100644	blob	1f5a528b8d6b8d6a402d4a97f81d89f59f885f87	Woodwinds/Piccolo/Stac/piccolo_A#6_staccato1.wav
100644	blob	a3e7467224b27a67f792a49e34e8de7db7d0602e	Woodwinds/Piccolo/Stac/piccolo_G5_staccato1.wav
100644	blob	1b85700fb5ed35f6524bd8d72fa30a3e69544b3c	Woodwinds/Piccolo/Stac/piccolo_G6_staccato1.wav
040000	tree	5f6417d6c2498c28295013047307e1237da1ec0e	Woodwinds/Piccolo/Sus
100644	blob	512edafd9a2c4825dad35a887eb742bdd161f9b9	Woodwinds/Piccolo/Sus/piccolo_C5_sustain1.wav
100644	blob	e6b815988705c811e736ecdc00c252195cae7521	Woodwinds/Piccolo/Sus/piccolo_C6_sustain1.wav
100644	blob	e2f56b2c8691ccda1d60a2f0eeff73dd7bf23e32	Woodwinds/Piccolo/Sus/piccolo_G4_sustain1.wav
100644	blob	302dc7f46b3d9d5bb6de189c05333cd19885c131	Woodwinds/Piccolo/Sus/piccolo_G5_sustain1.wav
100644	blob	9509e21a166a0d6ccef2cb5841817685f7c86123	Woodwinds/Piccolo/Sus/piccolo_G6_sustain1.wav
